,Datetime,Temp_℃,Humidity,Windspeed,General_Diffuse_Flows,Diffuse_Flows,Power_Consumption_kWh_Zone1,Power_Consumption_kWh_Zone2,Power_Consumption_kWh_Zone3,Year,Month,Day,Hour
0,2017-01-01 00:00:00,6.197,75.067,0.082,0.064,0.099,29197.975,18026.748,19252.048,2017,January,Sunday,0
1,2017-01-01 01:00:00,5.549,77.583,0.082,0.057,0.112,24657.215,16078.419,17042.892,2017,January,Sunday,1
2,2017-01-01 02:00:00,5.054,78.933,0.082,0.063,0.129,22083.038,14330.699,15676.145,2017,January,Sunday,2
3,2017-01-01 03:00:00,5.004,77.083,0.083,0.06,0.141,20811.139,13219.453,14883.855,2017,January,Sunday,3
4,2017-01-01 04:00:00,5.098,74.05,0.082,0.058,0.123,20475.949,12921.581,14317.108,2017,January,Sunday,4
5,2017-01-01 05:00:00,4.742,75.233,0.081,0.066,0.119,20807.089,13069.909,14395.181,2017,January,Sunday,5
6,2017-01-01 06:00:00,4.572,75.75,0.082,0.062,0.126,21648.608,13596.353,14513.735,2017,January,Sunday,6
7,2017-01-01 07:00:00,4.454,73.4,0.083,0.066,0.12,18540.759,11449.848,11552.771,2017,January,Sunday,7
8,2017-01-01 08:00:00,4.655,73.6,0.083,13.764,6.309,19605.063,11738.602,11190.361,2017,January,Sunday,8
9,2017-01-01 09:00:00,4.609,73.983,0.082,144.8,25.215,22905.316,13814.59,13026.506,2017,January,Sunday,9
10,2017-01-01 10:00:00,6.145,69.635,3.738,293.267,31.875,26685.57,16232.827,14801.928,2017,January,Sunday,10
11,2017-01-01 11:00:00,9.893,58.037,2.088,408.083,36.342,29288.101,17772.036,16000.964,2017,January,Sunday,11
12,2017-01-01 12:00:00,14.847,57.078,0.076,478.85,40.202,29889.62,18187.842,16853.012,2017,January,Sunday,12
13,2017-01-01 13:00:00,15.68,57.072,0.077,493.933,41.762,30231.899,18378.116,17298.313,2017,January,Sunday,13
14,2017-01-01 14:00:00,15.767,55.637,0.076,451.417,41.483,29898.734,18099.088,16873.253,2017,January,Sunday,14
15,2017-01-01 15:00:00,15.558,58.192,0.075,303.5,54.767,29218.228,17722.796,16594.699,2017,January,Sunday,15
16,2017-01-01 16:00:00,15.472,58.292,0.076,217.517,214.267,28730.127,17503.343,16388.434,2017,January,Sunday,16
17,2017-01-01 17:00:00,15.147,59.933,0.078,102.635,125.28,34423.291,21094.833,22275.663,2017,January,Sunday,17
18,2017-01-01 18:00:00,14.013,65.273,0.077,4.805,4.875,39619.241,24361.702,25729.157,2017,January,Sunday,18
19,2017-01-01 19:00:00,11.81,70.208,0.078,0.061,0.1,40318.987,24692.401,26186.024,2017,January,Sunday,19
20,2017-01-01 20:00:00,11.69,70.883,0.077,0.062,0.098,40371.646,25406.079,26493.494,2017,January,Sunday,20
21,2017-01-01 21:00:00,11.748,70.827,0.075,0.058,0.096,38712.911,24836.474,25344.578,2017,January,Sunday,21
22,2017-01-01 22:00:00,12.792,66.207,0.074,0.065,0.117,34972.152,23067.477,22582.169,2017,January,Sunday,22
23,2017-01-01 23:00:00,11.712,72.507,0.075,0.068,0.1,30072.911,20105.775,19578.795,2017,January,Sunday,23
24,2017-01-02 00:00:00,10.667,78.033,0.077,0.066,0.14,25303.291,17007.903,16884.819,2017,January,Monday,0
25,2017-01-02 01:00:00,10.703,78.917,0.076,0.071,0.139,22512.405,14910.638,15079.518,2017,January,Monday,1
26,2017-01-02 02:00:00,11.032,76.75,0.078,0.068,0.148,20945.823,13835.866,14165.783,2017,January,Monday,2
27,2017-01-02 03:00:00,10.568,79.267,0.078,0.069,0.144,20097.215,13466.261,13794.699,2017,January,Monday,3
28,2017-01-02 04:00:00,10.253,81.933,0.076,0.076,0.14,20066.835,13248.632,13604.819,2017,January,Monday,4
29,2017-01-02 05:00:00,9.73,83.55,0.077,0.072,0.149,20838.481,13910.638,14052.048,2017,January,Monday,5
30,2017-01-02 06:00:00,9.337,84.65,0.076,0.056,0.138,23307.342,15348.328,14654.458,2017,January,Monday,6
31,2017-01-02 07:00:00,9.543,84.9,0.077,0.076,0.136,22895.19,15709.422,12863.614,2017,January,Monday,7
32,2017-01-02 08:00:00,8.873,83.917,0.082,10.454,6.917,24368.608,16416.413,11957.59,2017,January,Monday,8
33,2017-01-02 09:00:00,9.488,86.117,0.08,128.585,31.36,24505.316,18190.881,13539.277,2017,January,Monday,9
34,2017-01-02 10:00:00,12.865,74.437,0.077,278.467,41.518,26384.81,19947.112,15385.06,2017,January,Monday,10
35,2017-01-02 11:00:00,15.05,58.008,0.076,402.55,41.353,28224.81,20830.395,16511.807,2017,January,Monday,11
36,2017-01-02 12:00:00,15.168,58.125,0.076,471.083,43.237,29581.772,19950.76,18199.518,2017,January,Monday,12
37,2017-01-02 13:00:00,15.307,59.308,0.076,484.0,44.005,29485.57,19572.036,18946.506,2017,January,Monday,13
38,2017-01-02 14:00:00,15.563,55.987,0.076,444.967,42.288,28611.646,20161.702,18274.699,2017,January,Monday,14
39,2017-01-02 15:00:00,15.475,57.263,0.076,353.017,64.533,28971.139,21335.562,16510.843,2017,January,Monday,15
40,2017-01-02 16:00:00,15.238,60.763,0.076,225.567,225.233,29996.962,20641.337,16346.988,2017,January,Monday,16
41,2017-01-02 17:00:00,14.967,61.642,0.077,86.533,107.673,37022.785,24476.596,22448.193,2017,January,Monday,17
42,2017-01-02 18:00:00,14.207,65.692,0.076,3.621,3.678,41747.848,26987.842,25507.47,2017,January,Monday,18
43,2017-01-02 19:00:00,13.523,69.695,0.076,0.057,0.101,41498.734,26857.751,25545.06,2017,January,Monday,19
44,2017-01-02 20:00:00,13.412,68.645,0.075,0.059,0.098,41096.709,26782.371,25642.41,2017,January,Monday,20
45,2017-01-02 21:00:00,13.125,66.962,0.075,0.058,0.092,39461.266,25874.772,25002.41,2017,January,Monday,21
46,2017-01-02 22:00:00,12.877,68.675,0.075,0.077,0.115,35830.886,23548.936,22839.518,2017,January,Monday,22
47,2017-01-02 23:00:00,12.473,71.717,0.075,0.059,0.123,30112.405,20373.252,19941.205,2017,January,Monday,23
48,2017-01-03 00:00:00,11.84,75.533,0.075,0.075,0.14,25269.873,17369.605,17032.289,2017,January,Tuesday,0
49,2017-01-03 01:00:00,12.132,72.567,0.076,0.06,0.151,22636.962,15217.021,15190.361,2017,January,Tuesday,1
50,2017-01-03 02:00:00,11.788,73.883,0.077,0.068,0.146,21371.139,14075.38,14231.325,2017,January,Tuesday,2
51,2017-01-03 03:00:00,12.207,73.933,0.076,0.072,0.156,20557.975,13662.614,13708.916,2017,January,Tuesday,3
52,2017-01-03 04:00:00,11.443,76.35,0.08,0.07,0.15,20116.456,13627.964,13591.325,2017,January,Tuesday,4
53,2017-01-03 05:00:00,10.845,79.783,0.078,0.064,0.15,21034.937,14033.435,14056.867,2017,January,Tuesday,5
54,2017-01-03 06:00:00,11.097,77.667,0.078,0.079,0.141,24105.316,15663.83,14605.301,2017,January,Tuesday,6
55,2017-01-03 07:00:00,9.67,81.467,0.079,0.063,0.157,24204.557,16228.571,13002.41,2017,January,Tuesday,7
56,2017-01-03 08:00:00,8.572,84.167,0.081,10.179,7.038,25145.316,16824.924,12197.59,2017,January,Tuesday,8
57,2017-01-03 09:00:00,9.218,85.05,0.083,124.617,36.762,28354.43,18807.295,13714.699,2017,January,Tuesday,9
58,2017-01-03 10:00:00,13.418,75.483,0.081,281.517,42.803,31190.886,20346.505,14776.867,2017,January,Tuesday,10
59,2017-01-03 11:00:00,14.903,66.107,0.08,403.467,44.687,33065.316,21312.462,15813.976,2017,January,Tuesday,11
60,2017-01-03 12:00:00,15.253,64.243,0.074,472.8,44.855,33998.987,21768.997,16525.301,2017,January,Tuesday,12
61,2017-01-03 13:00:00,15.443,63.037,0.075,489.25,44.853,33623.291,21546.505,16825.06,2017,January,Tuesday,13
62,2017-01-03 14:00:00,15.422,64.19,0.074,447.35,43.793,32410.127,21604.255,16531.084,2017,January,Tuesday,14
63,2017-01-03 15:00:00,15.408,64.98,0.075,356.033,79.125,32293.671,21406.079,16480.964,2017,January,Tuesday,15
64,2017-01-03 16:00:00,15.19,67.078,0.075,222.0,230.433,32090.127,21168.389,16620.723,2017,January,Tuesday,16
65,2017-01-03 17:00:00,14.775,66.215,0.075,84.523,105.857,37828.861,24688.754,22138.795,2017,January,Tuesday,17
66,2017-01-03 18:00:00,13.658,72.76,0.075,3.862,3.926,42768.608,27244.377,25638.554,2017,January,Tuesday,18
67,2017-01-03 19:00:00,11.267,80.033,0.076,0.064,0.098,42546.835,27134.347,25804.337,2017,January,Tuesday,19
68,2017-01-03 20:00:00,10.1,82.85,0.076,0.073,0.092,42245.063,27093.617,26079.036,2017,January,Tuesday,20
69,2017-01-03 21:00:00,9.32,83.717,0.074,0.059,0.087,40194.43,26292.401,25181.687,2017,January,Tuesday,21
70,2017-01-03 22:00:00,8.938,83.867,0.074,0.06,0.095,35961.519,23825.532,23210.602,2017,January,Tuesday,22
71,2017-01-03 23:00:00,8.492,84.6,0.075,0.06,0.094,30484.051,20431.611,19941.205,2017,January,Tuesday,23
72,2017-01-04 00:00:00,8.523,82.833,0.076,0.054,0.107,26271.392,17599.392,17273.253,2017,January,Wednesday,0
73,2017-01-04 01:00:00,8.223,81.867,0.075,0.064,0.089,23247.595,15102.736,15411.084,2017,January,Wednesday,1
74,2017-01-04 02:00:00,7.955,81.567,0.076,0.07,0.116,22007.089,13888.754,14392.289,2017,January,Wednesday,2
75,2017-01-04 03:00:00,7.715,80.9,0.076,0.06,0.114,21329.62,13419.453,13929.639,2017,January,Wednesday,3
76,2017-01-04 04:00:00,6.592,83.7,0.086,0.063,0.103,20240.0,13294.833,13781.205,2017,January,Wednesday,4
77,2017-01-04 05:00:00,5.986,86.75,0.085,0.068,0.121,21350.886,13946.505,14221.687,2017,January,Wednesday,5
78,2017-01-04 06:00:00,5.491,87.333,0.085,0.053,0.124,24277.468,15483.283,14893.494,2017,January,Wednesday,6
79,2017-01-04 07:00:00,5.436,87.367,0.089,0.067,0.126,24287.595,15868.085,13051.566,2017,January,Wednesday,7
80,2017-01-04 08:00:00,4.97,87.417,0.087,12.006,7.5,25282.025,16550.76,11958.554,2017,January,Wednesday,8
81,2017-01-04 09:00:00,5.24,86.267,0.088,132.2,33.42,28268.354,19106.991,13893.976,2017,January,Wednesday,9
82,2017-01-04 10:00:00,6.76,82.017,0.09,283.75,39.8,30143.797,21150.76,15226.024,2017,January,Wednesday,10
83,2017-01-04 11:00:00,9.36,77.283,0.09,408.3,39.412,32812.152,21882.067,16279.518,2017,January,Wednesday,11
84,2017-01-04 12:00:00,12.807,66.392,0.086,487.567,37.123,34139.747,22043.769,16597.59,2017,January,Wednesday,12
85,2017-01-04 13:00:00,15.695,59.225,0.085,502.017,39.465,33335.696,21852.888,16872.289,2017,January,Wednesday,13
86,2017-01-04 14:00:00,17.49,53.12,0.079,451.617,44.443,32525.57,21582.979,16561.928,2017,January,Wednesday,14
87,2017-01-04 15:00:00,17.275,59.467,0.075,363.133,99.947,32316.962,21574.468,16238.072,2017,January,Wednesday,15
88,2017-01-04 16:00:00,17.363,60.997,0.076,224.667,244.733,31615.19,21005.471,16069.398,2017,January,Wednesday,16
89,2017-01-04 17:00:00,16.555,64.883,0.074,81.028,100.637,37109.873,24446.809,21834.217,2017,January,Wednesday,17
90,2017-01-04 18:00:00,13.7,74.383,0.078,3.903,3.958,43216.203,27463.83,25584.578,2017,January,Wednesday,18
91,2017-01-04 19:00:00,12.93,75.688,0.082,0.072,0.087,42815.19,27265.046,25706.024,2017,January,Wednesday,19
92,2017-01-04 20:00:00,13.488,67.88,0.086,0.065,0.089,42382.785,27198.176,25846.747,2017,January,Wednesday,20
93,2017-01-04 21:00:00,12.157,70.9,0.084,0.059,0.105,40226.835,26196.353,25257.831,2017,January,Wednesday,21
94,2017-01-04 22:00:00,10.633,75.6,0.084,0.073,0.11,36415.19,23878.419,23161.446,2017,January,Wednesday,22
95,2017-01-04 23:00:00,9.883,77.2,0.084,0.068,0.126,30938.734,20648.024,20126.265,2017,January,Wednesday,23
96,2017-01-05 00:00:00,8.998,78.983,0.086,0.062,0.119,25979.747,17604.255,17222.169,2017,January,Thursday,0
97,2017-01-05 01:00:00,8.255,80.133,0.086,0.081,0.12,22892.152,15351.976,15485.301,2017,January,Thursday,1
98,2017-01-05 02:00:00,7.793,80.833,0.085,0.078,0.133,21503.797,13859.574,14428.916,2017,January,Thursday,2
99,2017-01-05 03:00:00,7.545,79.55,0.083,0.07,0.151,21075.443,13456.535,13947.952,2017,January,Thursday,3
100,2017-01-05 04:00:00,7.033,78.683,0.086,0.073,0.126,20864.81,13435.866,13815.904,2017,January,Thursday,4
101,2017-01-05 05:00:00,7.07,76.633,0.084,0.065,0.142,21619.241,14100.304,14255.422,2017,January,Thursday,5
102,2017-01-05 06:00:00,6.904,73.95,0.085,0.066,0.116,23991.899,15520.365,14994.699,2017,January,Thursday,6
103,2017-01-05 07:00:00,6.051,79.9,0.087,0.067,0.131,24311.899,15889.97,12842.41,2017,January,Thursday,7
104,2017-01-05 08:00:00,5.746,82.117,0.086,12.5,7.686,25332.658,16802.432,11999.036,2017,January,Thursday,8
105,2017-01-05 09:00:00,6.192,74.8,0.084,136.533,29.813,28410.127,18827.356,13608.675,2017,January,Thursday,9
106,2017-01-05 10:00:00,8.238,65.66,0.086,287.433,38.325,30741.266,20322.188,14911.807,2017,January,Thursday,10
107,2017-01-05 11:00:00,11.195,61.315,0.085,408.667,44.965,32541.772,21141.033,16002.892,2017,January,Thursday,11
108,2017-01-05 12:00:00,14.717,60.073,0.084,478.667,49.57,33379.241,21782.371,16482.892,2017,January,Thursday,12
109,2017-01-05 13:00:00,16.657,58.472,0.083,488.867,56.675,33581.772,21709.422,17116.145,2017,January,Thursday,13
110,2017-01-05 14:00:00,17.565,56.485,0.084,445.017,63.795,32695.696,21616.413,16943.614,2017,January,Thursday,14
111,2017-01-05 15:00:00,18.218,53.333,0.088,335.35,133.533,31992.911,21481.459,16260.241,2017,January,Thursday,15
112,2017-01-05 16:00:00,17.198,51.955,0.077,189.467,209.983,31713.418,21135.562,16006.747,2017,January,Thursday,16
113,2017-01-05 17:00:00,16.028,57.43,0.076,61.58,72.493,37397.468,24491.793,21768.675,2017,January,Thursday,17
114,2017-01-05 18:00:00,14.163,63.795,0.088,5.065,5.315,43572.658,27285.106,25725.301,2017,January,Thursday,18
115,2017-01-05 19:00:00,12.512,69.787,0.075,0.063,0.104,43395.443,27177.508,25625.06,2017,January,Thursday,19
116,2017-01-05 20:00:00,11.2,75.35,0.079,0.056,0.113,42954.937,27000.608,25720.482,2017,January,Thursday,20
117,2017-01-05 21:00:00,11.447,79.9,0.086,0.056,0.116,40561.013,25939.21,24989.88,2017,January,Thursday,21
118,2017-01-05 22:00:00,10.532,82.117,0.086,0.06,0.122,36883.038,24014.59,23294.458,2017,January,Thursday,22
119,2017-01-05 23:00:00,9.537,83.717,0.085,0.056,0.146,31877.468,20868.693,20491.566,2017,January,Thursday,23
120,2017-01-06 00:00:00,8.873,85.467,0.084,0.06,0.142,27172.658,17880.851,17337.831,2017,January,Friday,0
121,2017-01-06 01:00:00,8.508,86.317,0.086,0.07,0.144,23968.608,15595.137,15429.398,2017,January,Friday,1
122,2017-01-06 02:00:00,8.077,87.2,0.084,0.073,0.148,22291.646,14458.967,14511.807,2017,January,Friday,2
123,2017-01-06 03:00:00,8.33,87.0,0.088,0.059,0.153,21861.266,13959.878,14093.494,2017,January,Friday,3
124,2017-01-06 04:00:00,8.02,88.183,0.087,0.06,0.18,21453.165,13863.83,13935.422,2017,January,Friday,4
125,2017-01-06 05:00:00,8.342,88.55,0.082,0.055,0.15,21987.848,14502.736,14397.108,2017,January,Friday,5
126,2017-01-06 06:00:00,8.677,86.633,0.084,0.065,0.152,23874.43,15910.638,14864.578,2017,January,Friday,6
127,2017-01-06 07:00:00,9.373,82.65,0.084,0.068,0.138,23613.165,16042.553,12639.036,2017,January,Friday,7
128,2017-01-06 08:00:00,8.962,82.617,0.085,11.871,9.491,24894.177,16798.176,11934.458,2017,January,Friday,8
129,2017-01-06 09:00:00,10.068,79.267,0.085,92.367,76.355,28254.177,18829.179,13562.41,2017,January,Friday,9
130,2017-01-06 10:00:00,11.367,74.033,0.084,134.1,132.583,31364.051,20579.939,14845.301,2017,January,Friday,10
131,2017-01-06 11:00:00,12.487,71.572,0.087,214.933,188.217,33263.797,21993.921,15959.518,2017,January,Friday,11
132,2017-01-06 12:00:00,14.395,66.94,0.085,257.65,219.15,32281.519,21716.717,16589.88,2017,January,Friday,12
133,2017-01-06 13:00:00,15.365,64.782,1.548,240.05,223.583,32583.291,21751.368,16673.735,2017,January,Friday,13
134,2017-01-06 14:00:00,15.71,62.372,0.085,253.0,245.0,32166.076,21518.541,16183.133,2017,January,Friday,14
135,2017-01-06 15:00:00,15.478,65.998,0.084,161.917,164.067,31565.57,21631.003,16007.711,2017,January,Friday,15
136,2017-01-06 16:00:00,15.28,67.583,0.082,117.033,118.167,31766.076,21275.988,15804.337,2017,January,Friday,16
137,2017-01-06 17:00:00,14.957,70.257,0.085,41.083,41.472,37334.684,24172.644,21239.518,2017,January,Friday,17
138,2017-01-06 18:00:00,14.133,75.383,0.086,4.03,4.08,42924.557,27182.979,24909.88,2017,January,Friday,18
139,2017-01-06 19:00:00,13.557,75.133,0.086,0.056,0.106,42248.101,26770.821,25290.602,2017,January,Friday,19
140,2017-01-06 20:00:00,13.065,75.567,0.086,0.054,0.127,41920.0,26558.055,25526.747,2017,January,Friday,20
141,2017-01-06 21:00:00,12.518,77.417,0.086,0.054,0.128,40153.924,25858.967,24779.759,2017,January,Friday,21
142,2017-01-06 22:00:00,12.437,77.767,0.086,0.05,0.133,36515.443,23753.191,22814.458,2017,January,Friday,22
143,2017-01-06 23:00:00,12.467,75.5,0.086,0.052,0.14,31635.443,20748.328,20215.904,2017,January,Friday,23
144,2017-01-07 00:00:00,12.213,75.817,0.085,0.057,0.134,27193.924,17795.137,17398.554,2017,January,Saturday,0
145,2017-01-07 01:00:00,11.647,77.883,0.088,0.052,0.136,23961.519,15609.726,15515.181,2017,January,Saturday,1
146,2017-01-07 02:00:00,10.717,81.133,0.088,0.047,0.137,22588.354,14382.979,14618.795,2017,January,Saturday,2
147,2017-01-07 03:00:00,10.477,81.367,0.087,0.059,0.14,21849.114,13868.085,14213.012,2017,January,Saturday,3
148,2017-01-07 04:00:00,9.52,84.15,0.088,0.054,0.149,21502.785,13803.04,14046.265,2017,January,Saturday,4
149,2017-01-07 05:00:00,9.328,83.9,0.087,0.056,0.136,22133.671,14325.228,14735.422,2017,January,Saturday,5
150,2017-01-07 06:00:00,8.71,84.367,0.087,0.059,0.155,23711.392,15237.082,15175.904,2017,January,Saturday,6
151,2017-01-07 07:00:00,8.427,85.25,0.089,0.049,0.148,23095.696,14060.182,12689.157,2017,January,Saturday,7
152,2017-01-07 08:00:00,8.413,84.633,0.09,15.252,13.029,24576.203,15088.146,11748.434,2017,January,Saturday,8
153,2017-01-07 09:00:00,8.643,83.0,0.088,108.19,43.903,29736.709,16733.739,13638.554,2017,January,Saturday,9
154,2017-01-07 10:00:00,10.287,78.833,0.091,270.117,54.195,32463.797,19590.274,15404.337,2017,January,Saturday,10
155,2017-01-07 11:00:00,12.747,72.0,0.091,382.833,67.738,33772.152,21085.106,16535.904,2017,January,Saturday,11
156,2017-01-07 12:00:00,14.575,67.718,0.086,397.867,95.633,34033.418,21545.897,17221.205,2017,January,Saturday,12
157,2017-01-07 13:00:00,14.928,61.947,0.078,255.067,200.217,33486.582,21164.742,17361.928,2017,January,Saturday,13
158,2017-01-07 14:00:00,14.792,63.278,0.076,177.867,168.35,32428.354,20584.195,17477.59,2017,January,Saturday,14
159,2017-01-07 15:00:00,15.155,66.372,0.075,232.933,189.967,31467.342,19925.836,17374.458,2017,January,Saturday,15
160,2017-01-07 16:00:00,15.337,65.358,0.076,214.433,242.5,30612.658,19682.675,17395.663,2017,January,Saturday,16
161,2017-01-07 17:00:00,14.748,67.662,0.074,75.825,90.172,36232.911,23131.915,22381.687,2017,January,Saturday,17
162,2017-01-07 18:00:00,13.702,72.592,0.076,4.865,4.944,41583.797,26057.143,25825.542,2017,January,Saturday,18
163,2017-01-07 19:00:00,11.993,79.133,0.077,0.068,0.094,40846.582,25735.562,25863.133,2017,January,Saturday,19
164,2017-01-07 20:00:00,12.47,78.75,0.077,0.052,0.112,40649.114,25136.778,25529.639,2017,January,Saturday,20
165,2017-01-07 21:00:00,13.07,77.167,0.077,0.047,0.134,39227.342,24534.954,25062.169,2017,January,Saturday,21
166,2017-01-07 22:00:00,13.023,78.317,0.078,0.062,0.134,36025.316,22848.632,23450.602,2017,January,Saturday,22
167,2017-01-07 23:00:00,13.53,78.583,0.082,0.057,0.137,31526.076,20131.307,20999.518,2017,January,Saturday,23
168,2017-01-08 00:00:00,14.273,77.917,0.088,0.045,0.124,26633.924,17421.277,17871.807,2017,January,Sunday,0
169,2017-01-08 01:00:00,14.442,76.617,0.091,0.047,0.137,23640.506,15492.401,16057.831,2017,January,Sunday,1
170,2017-01-08 02:00:00,14.217,74.183,0.089,0.046,0.124,21817.722,14072.34,15021.687,2017,January,Sunday,2
171,2017-01-08 03:00:00,13.99,73.15,0.087,0.047,0.164,20831.392,13240.729,14500.241,2017,January,Sunday,3
172,2017-01-08 04:00:00,13.505,76.133,0.092,0.055,0.135,20688.608,12976.9,14200.482,2017,January,Sunday,4
173,2017-01-08 05:00:00,13.243,72.967,0.093,0.059,0.133,21004.557,13100.304,14571.566,2017,January,Sunday,5
174,2017-01-08 06:00:00,13.255,70.705,0.09,0.047,0.162,22544.81,13799.392,14858.795,2017,January,Sunday,6
175,2017-01-08 07:00:00,13.625,68.613,0.09,0.065,0.14,19838.987,11846.201,11786.024,2017,January,Sunday,7
176,2017-01-08 08:00:00,12.648,69.172,0.088,7.628,6.928,21153.418,12441.945,11157.59,2017,January,Sunday,8
177,2017-01-08 09:00:00,13.747,65.532,0.089,85.445,50.82,25160.506,13120.973,13289.639,2017,January,Sunday,9
178,2017-01-08 10:00:00,14.602,64.75,0.08,152.1,108.233,29874.43,14649.24,15278.072,2017,January,Sunday,10
179,2017-01-08 11:00:00,15.372,61.497,0.078,219.683,147.233,32192.405,16606.079,16610.12,2017,January,Sunday,11
180,2017-01-08 12:00:00,16.005,56.315,0.078,319.4,104.767,32911.392,17156.231,17446.747,2017,January,Sunday,12
181,2017-01-08 13:00:00,16.073,56.767,0.078,251.35,125.483,33280.0,17041.945,17780.241,2017,January,Sunday,13
182,2017-01-08 14:00:00,15.858,58.213,0.077,217.417,105.233,32392.911,16962.918,17607.711,2017,January,Sunday,14
183,2017-01-08 15:00:00,15.727,60.185,0.076,165.967,144.2,31365.063,16544.073,17011.084,2017,January,Sunday,15
184,2017-01-08 16:00:00,15.723,62.775,0.075,145.183,156.2,30446.582,17184.802,16956.145,2017,January,Sunday,16
185,2017-01-08 17:00:00,15.753,66.398,0.075,133.967,155.038,34912.405,20758.055,22001.928,2017,January,Sunday,17
186,2017-01-08 18:00:00,15.26,72.0,0.069,7.103,7.445,40689.62,24046.201,25366.747,2017,January,Sunday,18
187,2017-01-08 19:00:00,15.192,73.533,0.072,0.057,0.09,41525.063,24678.419,25632.771,2017,January,Sunday,19
188,2017-01-08 20:00:00,15.243,74.25,0.074,0.064,0.121,41095.696,24709.422,25479.518,2017,January,Sunday,20
189,2017-01-08 21:00:00,15.283,75.3,0.074,0.078,0.127,39589.873,24181.155,24560.964,2017,January,Sunday,21
190,2017-01-08 22:00:00,15.143,78.333,0.076,0.049,0.135,35763.038,22086.322,22587.952,2017,January,Sunday,22
191,2017-01-08 23:00:00,15.212,73.317,0.075,0.072,0.13,30085.063,19189.666,19818.795,2017,January,Sunday,23
192,2017-01-09 00:00:00,15.078,71.167,0.076,0.06,0.14,25735.696,16267.477,17018.795,2017,January,Monday,0
193,2017-01-09 01:00:00,15.062,69.82,0.075,0.062,0.129,22778.734,14128.267,15346.506,2017,January,Monday,1
194,2017-01-09 02:00:00,14.968,69.188,0.075,0.068,0.152,21659.747,12983.587,14543.614,2017,January,Monday,2
195,2017-01-09 03:00:00,14.952,72.2,0.074,0.059,0.155,20750.38,12562.31,13799.518,2017,January,Monday,3
196,2017-01-09 04:00:00,14.842,71.867,0.073,0.074,0.129,20070.886,12499.696,13774.458,2017,January,Monday,4
197,2017-01-09 05:00:00,14.915,70.212,0.074,0.064,0.153,20166.076,13195.745,14140.723,2017,January,Monday,5
198,2017-01-09 06:00:00,14.905,68.098,0.074,0.063,0.131,22882.025,14854.103,14903.133,2017,January,Monday,6
199,2017-01-09 07:00:00,14.918,66.342,0.075,0.069,0.131,23162.532,14987.842,12957.108,2017,January,Monday,7
200,2017-01-09 08:00:00,14.918,62.273,0.075,6.142,5.972,25051.139,15564.134,11990.361,2017,January,Monday,8
201,2017-01-09 09:00:00,15.308,59.405,0.076,114.605,76.997,27923.038,17493.617,13371.566,2017,January,Monday,9
202,2017-01-09 10:00:00,15.94,58.627,0.076,312.233,110.917,31152.405,19448.632,14657.349,2017,January,Monday,10
203,2017-01-09 11:00:00,16.503,58.477,0.076,393.817,140.233,33616.203,20406.079,15678.072,2017,January,Monday,11
204,2017-01-09 12:00:00,16.78,58.917,0.077,401.483,199.6,33856.203,20920.365,16332.53,2017,January,Monday,12
205,2017-01-09 13:00:00,16.757,61.775,0.075,478.7,131.0,34044.557,21002.432,16657.349,2017,January,Monday,13
206,2017-01-09 14:00:00,16.752,62.583,0.075,346.05,93.767,32716.962,20950.152,16581.205,2017,January,Monday,14
207,2017-01-09 15:00:00,16.438,66.692,0.074,338.367,308.067,32035.443,20906.383,16404.819,2017,January,Monday,15
208,2017-01-09 16:00:00,16.165,69.885,0.073,168.833,173.733,31355.949,20269.909,16275.663,2017,January,Monday,16
209,2017-01-09 17:00:00,15.73,71.233,0.072,86.905,95.227,36961.013,23319.149,21212.53,2017,January,Monday,17
210,2017-01-09 18:00:00,15.405,72.6,0.073,2.462,2.599,43337.722,26731.915,25444.819,2017,January,Monday,18
211,2017-01-09 19:00:00,15.31,73.617,0.074,0.059,0.102,42882.025,26278.419,25440.964,2017,January,Monday,19
212,2017-01-09 20:00:00,15.217,75.817,0.071,0.041,0.154,42337.215,26057.751,25464.096,2017,January,Monday,20
213,2017-01-09 21:00:00,15.085,76.567,0.074,0.066,0.117,40523.544,25289.362,24470.361,2017,January,Monday,21
214,2017-01-09 22:00:00,15.017,76.217,0.072,0.06,0.124,36894.177,22678.419,22206.265,2017,January,Monday,22
215,2017-01-09 23:00:00,14.798,76.4,0.073,0.065,0.128,31072.405,19667.477,19355.181,2017,January,Monday,23
216,2017-01-10 00:00:00,14.505,78.35,0.076,0.046,0.13,26808.101,16711.854,16642.892,2017,January,Tuesday,0
217,2017-01-10 01:00:00,14.463,79.25,0.08,0.044,0.146,24114.43,14508.815,14995.663,2017,January,Tuesday,1
218,2017-01-10 02:00:00,14.645,78.717,0.08,0.041,0.161,22617.722,13427.356,13983.614,2017,January,Tuesday,2
219,2017-01-10 03:00:00,14.528,78.6,0.076,0.061,0.145,22123.544,13184.195,13681.928,2017,January,Tuesday,3
220,2017-01-10 04:00:00,14.37,78.6,0.078,0.047,0.149,21799.494,13147.72,13608.675,2017,January,Tuesday,4
221,2017-01-10 05:00:00,14.297,78.75,0.078,0.05,0.154,22428.354,13683.283,13947.952,2017,January,Tuesday,5
222,2017-01-10 06:00:00,14.342,78.9,0.08,0.061,0.14,24864.81,15041.945,14548.434,2017,January,Tuesday,6
223,2017-01-10 07:00:00,14.35,78.283,0.08,0.072,0.137,24777.722,15465.046,12692.048,2017,January,Tuesday,7
224,2017-01-10 08:00:00,12.122,79.017,0.078,6.244,6.141,26118.481,15972.644,11732.048,2017,January,Tuesday,8
225,2017-01-10 09:00:00,12.028,79.717,0.078,97.027,43.935,29215.19,18010.942,13543.133,2017,January,Tuesday,9
226,2017-01-10 10:00:00,15.168,68.353,0.077,306.0,90.21,32407.089,19556.839,15105.542,2017,January,Tuesday,10
227,2017-01-10 11:00:00,15.585,65.922,0.076,367.0,94.367,34316.962,20770.213,16192.771,2017,January,Tuesday,11
228,2017-01-10 12:00:00,15.89,64.352,0.076,460.9,115.55,35157.468,21260.79,16313.253,2017,January,Tuesday,12
229,2017-01-10 13:00:00,16.233,63.838,0.076,489.4,100.783,35207.089,21003.04,16660.241,2017,January,Tuesday,13
230,2017-01-10 14:00:00,16.317,64.035,0.077,425.9,106.433,34593.418,21154.407,16866.506,2017,January,Tuesday,14
231,2017-01-10 15:00:00,15.873,66.338,0.075,242.7,245.417,33701.266,21059.574,16670.843,2017,January,Tuesday,15
232,2017-01-10 16:00:00,15.87,68.742,0.077,203.725,227.915,33927.089,20670.517,16275.663,2017,January,Tuesday,16
233,2017-01-10 17:00:00,15.462,69.852,0.077,95.097,113.962,38522.532,23431.611,21539.277,2017,January,Tuesday,17
234,2017-01-10 18:00:00,14.267,74.533,0.079,5.257,5.483,44421.266,26880.243,25809.157,2017,January,Tuesday,18
235,2017-01-10 19:00:00,12.277,81.117,0.076,0.071,0.094,43608.101,26465.653,25395.663,2017,January,Tuesday,19
236,2017-01-10 20:00:00,11.56,83.417,0.078,0.051,0.103,43183.797,26186.626,25275.181,2017,January,Tuesday,20
237,2017-01-10 21:00:00,11.058,85.433,0.083,0.055,0.096,41019.747,25243.161,24510.843,2017,January,Tuesday,21
238,2017-01-10 22:00:00,10.97,85.617,0.084,0.049,0.122,37440.0,23138.602,22438.554,2017,January,Tuesday,22
239,2017-01-10 23:00:00,10.29,86.55,0.085,0.065,0.11,32345.316,19751.368,19778.313,2017,January,Tuesday,23
240,2017-01-11 00:00:00,10.128,85.25,0.087,0.061,0.133,27692.152,17051.672,17302.169,2017,January,Wednesday,0
241,2017-01-11 01:00:00,9.927,84.667,0.087,0.058,0.118,24809.114,14759.271,15278.072,2017,January,Wednesday,1
242,2017-01-11 02:00:00,10.0,83.483,0.087,0.067,0.133,23112.911,13556.231,14176.386,2017,January,Wednesday,2
243,2017-01-11 03:00:00,9.243,83.617,0.083,0.059,0.124,22335.19,13155.623,13816.867,2017,January,Wednesday,3
244,2017-01-11 04:00:00,9.525,83.7,0.086,0.064,0.138,22111.392,13031.611,13651.084,2017,January,Wednesday,4
245,2017-01-11 05:00:00,9.325,77.783,0.084,0.068,0.126,22670.38,13412.158,13962.41,2017,January,Wednesday,5
246,2017-01-11 06:00:00,9.113,78.583,0.084,0.079,0.138,24252.152,14139.818,14207.229,2017,January,Wednesday,6
247,2017-01-11 07:00:00,9.633,78.517,0.085,0.068,0.134,21324.557,12553.191,11301.205,2017,January,Wednesday,7
248,2017-01-11 08:00:00,9.617,67.512,0.083,9.398,8.952,23224.304,13730.699,10800.0,2017,January,Wednesday,8
249,2017-01-11 09:00:00,9.463,68.767,0.084,128.742,71.688,26857.722,16246.201,12630.361,2017,January,Wednesday,9
250,2017-01-11 10:00:00,11.047,65.02,0.085,243.15,59.32,30545.823,18676.596,15018.795,2017,January,Wednesday,10
251,2017-01-11 11:00:00,13.725,57.408,0.084,369.883,79.717,33227.342,20249.848,16331.566,2017,January,Wednesday,11
252,2017-01-11 12:00:00,17.357,52.677,0.083,423.45,88.2,33957.468,20911.246,16968.675,2017,January,Wednesday,12
253,2017-01-11 13:00:00,18.435,47.963,0.084,423.9,180.917,33842.025,20148.936,16994.699,2017,January,Wednesday,13
254,2017-01-11 14:00:00,18.698,45.45,0.085,328.817,232.85,33289.114,20148.936,16640.0,2017,January,Wednesday,14
255,2017-01-11 15:00:00,19.183,45.057,0.085,348.633,350.15,32352.405,20004.255,16370.12,2017,January,Wednesday,15
256,2017-01-11 16:00:00,19.248,46.028,0.086,169.317,180.35,31906.835,19401.216,16049.157,2017,January,Wednesday,16
257,2017-01-11 17:00:00,18.428,47.115,0.087,76.87,82.353,36395.949,21934.347,20661.205,2017,January,Wednesday,17
258,2017-01-11 18:00:00,17.113,56.288,0.086,5.678,5.903,43511.899,25698.48,25120.964,2017,January,Wednesday,18
259,2017-01-11 19:00:00,16.153,63.38,0.084,0.06,0.112,43317.468,25506.991,25372.53,2017,January,Wednesday,19
260,2017-01-11 20:00:00,15.222,69.922,0.085,0.066,0.134,43147.342,25578.723,25600.0,2017,January,Wednesday,20
261,2017-01-11 21:00:00,13.29,73.317,0.087,0.059,0.119,41233.418,25510.03,24546.506,2017,January,Wednesday,21
262,2017-01-11 22:00:00,12.85,70.438,0.085,0.048,0.122,37779.241,23453.495,22848.193,2017,January,Wednesday,22
263,2017-01-11 23:00:00,12.037,73.365,0.085,0.063,0.103,32490.127,20358.663,19733.976,2017,January,Wednesday,23
264,2017-01-12 00:00:00,11.105,72.098,0.087,0.062,0.117,27503.797,17578.116,17054.458,2017,January,Thursday,0
265,2017-01-12 01:00:00,10.33,73.483,0.085,0.063,0.129,24614.684,15334.954,15402.41,2017,January,Thursday,1
266,2017-01-12 02:00:00,10.023,75.683,0.086,0.065,0.136,23113.924,14148.328,14636.145,2017,January,Thursday,2
267,2017-01-12 03:00:00,9.575,76.267,0.085,0.059,0.124,22286.582,13824.316,14085.783,2017,January,Thursday,3
268,2017-01-12 04:00:00,9.337,74.9,0.082,0.068,0.134,21904.81,13770.213,14069.398,2017,January,Thursday,4
269,2017-01-12 05:00:00,10.178,69.387,0.076,0.057,0.119,22417.215,14251.064,14779.759,2017,January,Thursday,5
270,2017-01-12 06:00:00,10.972,68.242,0.075,0.056,0.13,24866.835,15676.596,15102.651,2017,January,Thursday,6
271,2017-01-12 07:00:00,11.332,72.068,0.076,0.059,0.131,24814.177,15929.483,12984.096,2017,January,Thursday,7
272,2017-01-12 08:00:00,11.332,78.667,0.077,1.654,1.64,26269.367,16576.292,12037.59,2017,January,Thursday,8
273,2017-01-12 09:00:00,14.263,78.117,0.076,34.97,34.843,30000.0,18618.845,13452.53,2017,January,Thursday,9
274,2017-01-12 10:00:00,16.205,70.747,0.078,280.717,185.417,32971.139,20670.517,14291.084,2017,January,Thursday,10
275,2017-01-12 11:00:00,16.872,71.963,0.077,295.25,196.067,35158.481,21914.286,15026.506,2017,January,Thursday,11
276,2017-01-12 12:00:00,17.145,73.033,0.074,458.05,242.933,36164.051,22055.319,15850.602,2017,January,Thursday,12
277,2017-01-12 13:00:00,17.398,70.935,0.074,541.45,311.85,35520.0,20829.179,16972.53,2017,January,Thursday,13
278,2017-01-12 14:00:00,16.898,73.0,0.073,404.767,276.75,34684.557,20912.462,16571.566,2017,January,Thursday,14
279,2017-01-12 15:00:00,16.645,72.767,0.072,201.7,199.883,33514.937,21284.498,16206.265,2017,January,Thursday,15
280,2017-01-12 16:00:00,16.458,74.05,0.072,152.833,159.967,33054.177,20374.468,16167.711,2017,January,Thursday,16
281,2017-01-12 17:00:00,16.067,76.783,0.071,62.632,65.963,37527.089,23066.261,20893.494,2017,January,Thursday,17
282,2017-01-12 18:00:00,15.627,79.767,0.073,6.443,6.602,44260.253,26696.657,25460.241,2017,January,Thursday,18
283,2017-01-12 19:00:00,15.217,82.267,0.073,0.05,0.103,43891.646,26687.538,25551.807,2017,January,Thursday,19
284,2017-01-12 20:00:00,15.095,83.55,0.072,0.056,0.139,43487.595,26634.043,25586.506,2017,January,Thursday,20
285,2017-01-12 21:00:00,15.077,83.567,0.074,0.057,0.138,41544.304,25796.96,25003.373,2017,January,Thursday,21
286,2017-01-12 22:00:00,15.175,83.217,0.079,0.058,0.132,37836.962,23453.495,22944.578,2017,January,Thursday,22
287,2017-01-12 23:00:00,15.168,83.783,0.076,0.054,0.127,32416.203,20009.726,20046.265,2017,January,Thursday,23
288,2017-01-13 00:00:00,15.172,83.867,0.078,0.057,0.139,27510.886,17160.486,17354.217,2017,January,Friday,0
289,2017-01-13 01:00:00,14.957,85.15,0.078,0.048,0.154,24625.823,14990.274,15490.12,2017,January,Friday,1
290,2017-01-13 02:00:00,14.833,85.883,0.077,0.049,0.16,23282.025,13848.632,14584.096,2017,January,Friday,2
291,2017-01-13 03:00:00,14.62,86.133,0.079,0.049,0.152,22396.962,13590.274,13941.205,2017,January,Friday,3
292,2017-01-13 04:00:00,13.877,85.567,0.075,0.049,0.14,22183.291,13462.614,13691.566,2017,January,Friday,4
293,2017-01-13 05:00:00,13.615,85.1,0.076,0.051,0.15,22979.241,14010.334,14196.627,2017,January,Friday,5
294,2017-01-13 06:00:00,13.272,85.467,0.074,0.051,0.151,25200.0,15577.508,14651.566,2017,January,Friday,6
295,2017-01-13 07:00:00,13.032,84.1,0.074,0.054,0.148,25087.595,15614.59,12508.916,2017,January,Friday,7
296,2017-01-13 08:00:00,12.788,83.517,0.074,3.374,3.437,25849.114,16237.082,11356.145,2017,January,Friday,8
297,2017-01-13 09:00:00,13.385,83.167,0.073,24.615,24.983,28554.937,19190.274,12002.892,2017,January,Friday,9
298,2017-01-13 10:00:00,14.92,83.8,0.074,85.137,86.44,31521.013,21196.353,13018.795,2017,January,Friday,10
299,2017-01-13 11:00:00,15.715,80.283,0.074,171.483,175.65,33754.937,22019.453,14480.0,2017,January,Friday,11
300,2017-01-13 12:00:00,16.028,77.333,0.075,214.7,217.65,33501.772,21089.97,16234.217,2017,January,Friday,12
301,2017-01-13 13:00:00,16.267,75.167,0.074,240.0,244.217,33516.962,20786.018,16315.181,2017,January,Friday,13
302,2017-01-13 14:00:00,16.437,73.767,0.073,247.283,250.967,33183.797,20494.833,15946.988,2017,January,Friday,14
303,2017-01-13 15:00:00,16.53,72.017,0.072,219.717,225.083,32764.557,20513.07,15418.795,2017,January,Friday,15
304,2017-01-13 16:00:00,16.473,71.6,0.071,167.35,168.717,32629.873,20043.161,15388.916,2017,January,Friday,16
305,2017-01-13 17:00:00,16.127,73.5,0.071,61.47,62.343,37349.873,22632.827,20245.783,2017,January,Friday,17
306,2017-01-13 18:00:00,15.49,76.617,0.071,5.844,6.0,43534.177,26203.647,24833.735,2017,January,Friday,18
307,2017-01-13 19:00:00,14.628,79.7,0.071,0.042,0.106,43306.329,26017.021,25114.217,2017,January,Friday,19
308,2017-01-13 20:00:00,13.652,83.217,0.072,0.054,0.114,42627.848,25858.359,25164.337,2017,January,Friday,20
309,2017-01-13 21:00:00,13.105,84.867,0.07,0.051,0.116,40579.241,24929.483,24490.602,2017,January,Friday,21
310,2017-01-13 22:00:00,13.01,86.15,0.082,0.054,0.142,37165.57,23037.69,22914.699,2017,January,Friday,22
311,2017-01-13 23:00:00,13.203,86.267,0.086,0.042,0.14,32320.0,19871.125,19896.867,2017,January,Friday,23
312,2017-01-14 00:00:00,13.865,83.717,0.085,0.044,0.127,27818.734,17271.125,17291.566,2017,January,Saturday,0
313,2017-01-14 01:00:00,14.242,79.217,0.085,0.054,0.138,24587.342,14946.505,15208.675,2017,January,Saturday,1
314,2017-01-14 02:00:00,15.33,69.642,0.084,0.061,0.114,22832.405,13786.018,14347.952,2017,January,Saturday,2
315,2017-01-14 03:00:00,16.948,52.582,0.086,0.051,0.132,22038.481,13369.605,13877.59,2017,January,Saturday,3
316,2017-01-14 04:00:00,17.31,48.932,0.086,0.052,0.104,21978.734,13068.085,13760.0,2017,January,Saturday,4
317,2017-01-14 05:00:00,15.807,57.867,0.083,0.062,0.129,22630.886,13512.462,14197.59,2017,January,Saturday,5
318,2017-01-14 06:00:00,14.448,66.473,0.08,0.069,0.132,24803.038,14579.939,14544.578,2017,January,Saturday,6
319,2017-01-14 07:00:00,13.223,73.0,0.083,0.072,0.148,23113.924,13386.626,12207.229,2017,January,Saturday,7
320,2017-01-14 08:00:00,12.472,76.033,0.084,10.475,9.88,24645.063,14423.708,11848.675,2017,January,Saturday,8
321,2017-01-14 09:00:00,12.213,76.217,0.087,114.77,101.398,28377.722,17124.62,13528.675,2017,January,Saturday,9
322,2017-01-14 10:00:00,12.977,72.917,0.082,180.933,115.417,32061.772,19212.158,15446.747,2017,January,Saturday,10
323,2017-01-14 11:00:00,14.342,68.988,0.084,266.733,172.25,33933.165,20610.942,16223.614,2017,January,Saturday,11
324,2017-01-14 12:00:00,15.177,65.94,0.087,145.033,145.517,34408.101,20809.726,17063.133,2017,January,Saturday,12
325,2017-01-14 13:00:00,16.098,60.437,0.085,129.733,129.883,34396.962,20561.702,17456.386,2017,January,Saturday,13
326,2017-01-14 14:00:00,17.227,58.773,0.086,303.35,297.033,32752.405,20172.036,17406.265,2017,January,Saturday,14
327,2017-01-14 15:00:00,17.942,56.112,0.087,152.5,155.167,31766.076,19989.058,16799.036,2017,January,Saturday,15
328,2017-01-14 16:00:00,17.967,60.985,0.087,129.667,133.3,31704.304,19435.866,16594.699,2017,January,Saturday,16
329,2017-01-14 17:00:00,18.052,62.028,0.086,65.575,70.343,35730.633,21641.337,20973.494,2017,January,Saturday,17
330,2017-01-14 18:00:00,16.93,64.532,0.076,14.25,14.678,42324.051,25598.176,25609.639,2017,January,Saturday,18
331,2017-01-14 19:00:00,14.933,74.6,0.073,0.056,0.119,42041.519,25510.03,25946.988,2017,January,Saturday,19
332,2017-01-14 20:00:00,13.388,76.15,0.073,0.047,0.121,41438.987,25219.453,25817.831,2017,January,Saturday,20
333,2017-01-14 21:00:00,13.018,76.683,0.078,0.056,0.112,39775.19,24243.769,24802.892,2017,January,Saturday,21
334,2017-01-14 22:00:00,12.847,80.733,0.078,0.066,0.126,36744.304,22417.629,23483.373,2017,January,Saturday,22
335,2017-01-14 23:00:00,12.957,82.333,0.083,0.06,0.118,28128.608,20036.474,20750.843,2017,January,Saturday,23
336,2017-01-15 00:00:00,11.895,84.95,0.083,0.066,0.138,25577.722,18009.726,17699.277,2017,January,Sunday,0
337,2017-01-15 01:00:00,11.405,86.7,0.084,0.064,0.131,19373.165,18797.568,15819.759,2017,January,Sunday,1
338,2017-01-15 02:00:00,10.552,88.067,0.082,0.06,0.129,17353.924,17645.593,14511.807,2017,January,Sunday,2
339,2017-01-15 03:00:00,10.32,88.533,0.082,0.051,0.134,16338.228,17217.629,14004.819,2017,January,Sunday,3
340,2017-01-15 04:00:00,9.85,88.317,0.081,0.055,0.156,15908.861,16675.988,13824.578,2017,January,Sunday,4
341,2017-01-15 05:00:00,10.178,88.883,0.082,0.058,0.15,16288.608,16886.322,14119.518,2017,January,Sunday,5
342,2017-01-15 06:00:00,10.39,86.8,0.082,0.054,0.127,17296.203,18062.614,14553.253,2017,January,Sunday,6
343,2017-01-15 07:00:00,9.977,86.033,0.081,0.068,0.124,14329.114,16081.459,11881.446,2017,January,Sunday,7
344,2017-01-15 08:00:00,10.078,86.15,0.082,6.804,6.623,15346.835,16522.188,11353.253,2017,January,Sunday,8
345,2017-01-15 09:00:00,10.355,86.617,0.085,92.312,83.507,18377.722,18344.073,13294.458,2017,January,Sunday,9
346,2017-01-15 10:00:00,12.64,83.533,0.083,263.1,161.933,22342.278,21274.164,15159.518,2017,January,Sunday,10
347,2017-01-15 11:00:00,15.968,71.052,0.084,391.617,175.0,24767.595,22849.848,16378.795,2017,January,Sunday,11
348,2017-01-15 12:00:00,17.717,59.922,0.084,462.283,188.967,28669.367,20696.657,17191.325,2017,January,Sunday,12
349,2017-01-15 13:00:00,18.462,55.347,0.083,405.717,261.183,31925.063,18140.426,17503.614,2017,January,Sunday,13
350,2017-01-15 14:00:00,18.755,49.867,0.084,472.133,476.75,31148.354,18223.1,17573.012,2017,January,Sunday,14
351,2017-01-15 15:00:00,18.68,50.863,0.084,361.567,401.433,30299.747,17807.295,17028.434,2017,January,Sunday,15
352,2017-01-15 16:00:00,18.577,51.452,0.084,212.217,236.9,29600.0,17140.426,16728.675,2017,January,Sunday,16
353,2017-01-15 17:00:00,17.788,54.113,0.083,76.642,86.843,33433.924,19504.559,20598.554,2017,January,Sunday,17
354,2017-01-15 18:00:00,16.875,57.933,0.083,9.203,9.373,40677.468,24045.593,25152.771,2017,January,Sunday,18
355,2017-01-15 19:00:00,16.14,62.25,0.081,0.06,0.097,41846.076,24447.416,25529.639,2017,January,Sunday,19
356,2017-01-15 20:00:00,16.323,61.532,0.08,0.055,0.108,42320.0,25077.812,25480.482,2017,January,Sunday,20
357,2017-01-15 21:00:00,16.107,59.34,0.083,0.052,0.102,40261.266,24751.368,24906.988,2017,January,Sunday,21
358,2017-01-15 22:00:00,16.537,51.818,0.082,0.06,0.102,37180.759,22990.274,22976.386,2017,January,Sunday,22
359,2017-01-15 23:00:00,16.015,56.812,0.081,0.076,0.093,31854.177,19990.881,19610.602,2017,January,Sunday,23
360,2017-01-16 00:00:00,16.217,57.627,0.08,0.054,0.114,25689.114,16844.985,17017.831,2017,January,Monday,0
361,2017-01-16 01:00:00,16.17,58.427,0.081,0.057,0.101,20683.544,14713.07,15566.265,2017,January,Monday,1
362,2017-01-16 02:00:00,16.578,54.523,0.082,0.062,0.105,19293.165,13581.763,14656.386,2017,January,Monday,2
363,2017-01-16 03:00:00,16.973,50.907,0.081,0.059,0.114,18972.152,13368.997,14182.169,2017,January,Monday,3
364,2017-01-16 04:00:00,14.927,69.607,0.082,0.075,0.136,20017.215,13215.805,14102.169,2017,January,Monday,4
365,2017-01-16 05:00:00,14.17,74.19,0.076,0.064,0.149,21791.392,13842.553,14687.229,2017,January,Monday,5
366,2017-01-16 06:00:00,14.248,70.973,0.078,0.081,0.158,23734.684,15347.112,15115.181,2017,January,Monday,6
367,2017-01-16 07:00:00,11.743,84.967,0.078,0.077,0.178,24100.253,15823.1,13061.205,2017,January,Monday,7
368,2017-01-16 08:00:00,11.687,82.95,0.081,2.483,2.624,25292.152,16427.356,11832.289,2017,January,Monday,8
369,2017-01-16 09:00:00,12.478,74.2,0.08,57.45,58.287,28600.506,18632.827,13266.506,2017,January,Monday,9
370,2017-01-16 10:00:00,12.882,69.785,0.081,117.8,120.233,31733.671,20371.429,14719.036,2017,January,Monday,10
371,2017-01-16 11:00:00,12.93,63.752,0.083,304.333,258.517,33893.671,21368.997,15777.349,2017,January,Monday,11
372,2017-01-16 12:00:00,12.66,59.492,0.083,236.35,210.783,35034.937,21808.511,16322.892,2017,January,Monday,12
373,2017-01-16 13:00:00,12.677,56.438,0.081,262.733,251.617,34893.165,21564.742,16504.096,2017,January,Monday,13
374,2017-01-16 14:00:00,13.235,48.047,0.083,481.717,514.333,33614.177,21347.72,16723.855,2017,January,Monday,14
375,2017-01-16 15:00:00,13.76,40.288,0.083,396.233,452.767,32615.696,21434.65,16601.446,2017,January,Monday,15
376,2017-01-16 16:00:00,13.695,42.0,0.084,183.35,210.033,32133.671,20618.237,16365.301,2017,January,Monday,16
377,2017-01-16 17:00:00,13.123,49.543,0.084,82.172,96.97,36107.342,23031.003,20504.096,2017,January,Monday,17
378,2017-01-16 18:00:00,12.347,54.91,0.081,9.683,10.857,43663.797,26923.404,25359.036,2017,January,Monday,18
379,2017-01-16 19:00:00,12.57,53.807,0.081,0.056,0.118,43402.532,26624.924,25130.602,2017,January,Monday,19
380,2017-01-16 20:00:00,11.895,59.045,0.082,0.065,0.112,42816.203,26618.237,25252.048,2017,January,Monday,20
381,2017-01-16 21:00:00,11.708,61.682,0.086,0.066,0.1,38437.468,26077.204,24931.084,2017,January,Monday,21
382,2017-01-16 22:00:00,11.038,65.582,0.087,0.054,0.12,35807.595,23741.641,23036.145,2017,January,Monday,22
383,2017-01-16 23:00:00,11.072,65.798,0.086,0.057,0.116,31766.076,19972.644,19428.434,2017,January,Monday,23
384,2017-01-17 00:00:00,10.335,72.16,0.084,0.059,0.125,26957.975,16843.769,16724.819,2017,January,Tuesday,0
385,2017-01-17 01:00:00,10.553,69.795,0.085,0.057,0.133,24134.684,14861.398,15321.446,2017,January,Tuesday,1
386,2017-01-17 02:00:00,10.597,69.605,0.087,0.07,0.12,22681.519,13818.845,14532.048,2017,January,Tuesday,2
387,2017-01-17 03:00:00,10.307,73.1,0.084,0.072,0.117,22131.646,13502.128,14209.157,2017,January,Tuesday,3
388,2017-01-17 04:00:00,10.077,75.25,0.084,0.07,0.143,21738.734,13343.465,13956.627,2017,January,Tuesday,4
389,2017-01-17 05:00:00,10.198,73.233,0.082,0.059,0.115,22672.405,13937.386,14220.723,2017,January,Tuesday,5
390,2017-01-17 06:00:00,9.645,76.233,0.079,0.065,0.121,25068.354,15384.802,14699.759,2017,January,Tuesday,6
391,2017-01-17 07:00:00,9.383,77.05,0.08,0.056,0.121,25252.658,15587.234,12872.289,2017,January,Tuesday,7
392,2017-01-17 08:00:00,9.338,76.117,0.082,14.522,13.927,26327.089,16130.699,11715.663,2017,January,Tuesday,8
393,2017-01-17 09:00:00,9.563,75.55,0.084,142.75,141.383,29557.468,17615.198,13826.506,2017,January,Tuesday,9
394,2017-01-17 10:00:00,11.043,69.133,0.081,300.233,278.933,32466.835,17981.155,16374.94,2017,January,Tuesday,10
395,2017-01-17 11:00:00,12.668,57.815,0.083,428.883,384.767,34617.722,18916.717,17109.398,2017,January,Tuesday,11
396,2017-01-17 12:00:00,13.552,52.01,0.084,505.65,444.2,35882.532,19438.298,17827.47,2017,January,Tuesday,12
397,2017-01-17 13:00:00,13.647,47.847,0.084,535.8,546.917,35042.025,19026.14,18298.795,2017,January,Tuesday,13
398,2017-01-17 14:00:00,14.048,46.35,0.086,478.0,528.317,33595.949,19285.106,18004.819,2017,January,Tuesday,14
399,2017-01-17 15:00:00,14.192,46.362,0.085,387.217,434.583,33521.013,20272.948,17397.59,2017,January,Tuesday,15
400,2017-01-17 16:00:00,13.933,46.227,0.084,202.917,235.583,32783.797,20636.474,16387.47,2017,January,Tuesday,16
401,2017-01-17 17:00:00,13.158,52.132,0.085,53.607,61.028,36558.987,22812.766,20214.94,2017,January,Tuesday,17
402,2017-01-17 18:00:00,11.797,62.377,0.085,7.924,8.841,44377.722,27077.812,25629.88,2017,January,Tuesday,18
403,2017-01-17 19:00:00,11.412,63.152,0.086,0.074,0.115,44157.975,26986.626,25940.241,2017,January,Tuesday,19
404,2017-01-17 20:00:00,10.982,63.21,0.086,0.067,0.104,43850.127,26971.429,25909.398,2017,January,Tuesday,20
405,2017-01-17 21:00:00,10.695,63.44,0.087,0.072,0.102,41845.063,26232.219,24841.446,2017,January,Tuesday,21
406,2017-01-17 22:00:00,11.023,61.478,0.088,0.072,0.102,37273.924,23511.854,22759.518,2017,January,Tuesday,22
407,2017-01-17 23:00:00,10.775,61.385,0.087,0.071,0.113,31463.291,20158.663,19744.578,2017,January,Tuesday,23
408,2017-01-18 00:00:00,11.497,57.79,0.088,0.064,0.112,27048.101,17097.872,17035.181,2017,January,Wednesday,0
409,2017-01-18 01:00:00,11.745,56.667,0.087,0.054,0.106,23975.696,15164.742,15295.422,2017,January,Wednesday,1
410,2017-01-18 02:00:00,11.742,57.002,0.089,0.076,0.109,22896.203,14060.79,14166.747,2017,January,Wednesday,2
411,2017-01-18 03:00:00,12.562,53.122,0.084,0.061,0.106,22216.709,13789.058,13702.169,2017,January,Wednesday,3
412,2017-01-18 04:00:00,12.772,50.713,0.085,0.061,0.117,21878.481,13591.489,13616.386,2017,January,Wednesday,4
413,2017-01-18 05:00:00,13.222,46.16,0.083,0.059,0.11,22913.418,13909.422,13846.747,2017,January,Wednesday,5
414,2017-01-18 06:00:00,13.108,45.382,0.083,0.064,0.12,25343.797,15514.894,14513.735,2017,January,Wednesday,6
415,2017-01-18 07:00:00,13.237,47.252,0.085,0.065,0.101,25068.354,15979.331,12776.867,2017,January,Wednesday,7
416,2017-01-18 08:00:00,13.298,48.18,0.084,6.433,6.654,27029.873,17189.058,12415.422,2017,January,Wednesday,8
417,2017-01-18 09:00:00,13.417,48.932,0.083,26.728,27.502,30353.418,19552.584,14530.12,2017,January,Wednesday,9
418,2017-01-18 10:00:00,13.54,51.268,0.081,61.987,63.685,34226.835,21776.292,16390.361,2017,January,Wednesday,10
419,2017-01-18 11:00:00,13.945,49.962,0.08,82.503,84.755,36638.987,22791.489,18204.337,2017,January,Wednesday,11
420,2017-01-18 12:00:00,14.198,48.023,0.082,230.383,228.683,37590.886,23762.31,18868.434,2017,January,Wednesday,12
421,2017-01-18 13:00:00,14.195,49.26,0.082,468.217,479.75,38044.557,24000.0,19290.602,2017,January,Wednesday,13
422,2017-01-18 14:00:00,14.388,47.863,0.082,219.75,226.85,38087.089,23947.72,19093.976,2017,January,Wednesday,14
423,2017-01-18 15:00:00,14.46,48.975,0.081,204.3,210.717,37466.329,24553.799,19207.711,2017,January,Wednesday,15
424,2017-01-18 16:00:00,14.693,50.438,0.084,166.233,174.15,36839.494,24492.401,19730.12,2017,January,Wednesday,16
425,2017-01-18 17:00:00,14.775,51.733,0.082,56.38,58.31,39201.013,26514.894,23520.964,2017,January,Wednesday,17
426,2017-01-18 18:00:00,14.31,56.91,0.082,5.618,5.787,44904.304,29558.663,27626.024,2017,January,Wednesday,18
427,2017-01-18 19:00:00,14.542,56.532,0.083,0.069,0.116,44831.392,29454.711,27312.771,2017,January,Wednesday,19
428,2017-01-18 20:00:00,14.818,56.062,0.082,0.076,0.133,43235.443,28800.608,26746.988,2017,January,Wednesday,20
429,2017-01-18 21:00:00,14.917,57.773,0.081,0.069,0.116,41009.62,27169.605,25200.0,2017,January,Wednesday,21
430,2017-01-18 22:00:00,14.375,63.763,0.081,0.055,0.126,36917.468,24649.24,23110.361,2017,January,Wednesday,22
431,2017-01-18 23:00:00,14.598,64.553,0.08,0.06,0.114,30934.684,20893.617,19562.41,2017,January,Wednesday,23
432,2017-01-19 00:00:00,14.722,65.198,0.082,0.06,0.112,26356.456,17824.316,16932.048,2017,January,Thursday,0
433,2017-01-19 01:00:00,14.003,74.258,0.115,0.071,0.136,23470.38,15732.523,15405.301,2017,January,Thursday,1
434,2017-01-19 02:00:00,13.312,82.367,0.079,0.069,0.167,22092.152,14333.131,14608.193,2017,January,Thursday,2
435,2017-01-19 03:00:00,13.092,84.55,0.081,0.07,0.16,21432.911,13995.745,14247.711,2017,January,Thursday,3
436,2017-01-19 04:00:00,12.88,82.55,0.079,0.074,0.132,21035.949,13772.036,14065.542,2017,January,Thursday,4
437,2017-01-19 05:00:00,11.473,85.383,0.079,0.076,0.148,21706.329,14340.426,14471.325,2017,January,Thursday,5
438,2017-01-19 06:00:00,10.713,83.983,0.079,0.073,0.148,24067.848,15676.596,14748.916,2017,January,Thursday,6
439,2017-01-19 07:00:00,10.877,78.917,0.08,0.072,0.156,23864.304,16063.83,12949.398,2017,January,Thursday,7
440,2017-01-19 08:00:00,10.267,76.583,0.082,2.577,2.696,25436.962,16888.146,12154.217,2017,January,Thursday,8
441,2017-01-19 09:00:00,10.07,74.0,0.082,32.807,33.797,28549.873,19083.891,13599.036,2017,January,Thursday,9
442,2017-01-19 10:00:00,10.32,71.33,0.083,217.35,214.433,32038.481,20639.514,15417.831,2017,January,Thursday,10
443,2017-01-19 11:00:00,10.48,68.82,0.085,194.7,197.0,34135.696,22043.161,16938.795,2017,January,Thursday,11
444,2017-01-19 12:00:00,10.455,66.555,0.084,173.383,176.45,34947.848,23114.894,17708.916,2017,January,Thursday,12
445,2017-01-19 13:00:00,11.322,65.632,0.085,407.917,418.217,35392.405,22832.827,18059.759,2017,January,Thursday,13
446,2017-01-19 14:00:00,11.527,63.578,0.084,139.217,143.383,34773.671,22925.228,18328.675,2017,January,Thursday,14
447,2017-01-19 15:00:00,11.59,60.93,0.082,100.55,104.483,35849.114,23192.705,17674.217,2017,January,Thursday,15
448,2017-01-19 16:00:00,11.915,58.932,0.084,91.185,94.017,35731.646,22672.948,17489.157,2017,January,Thursday,16
449,2017-01-19 17:00:00,12.018,56.393,0.084,26.168,26.918,39614.177,24886.93,21374.458,2017,January,Thursday,17
450,2017-01-19 18:00:00,12.047,54.97,0.084,6.676,7.544,45774.177,28928.267,26584.096,2017,January,Thursday,18
451,2017-01-19 19:00:00,11.792,53.688,0.086,0.061,0.108,45447.089,28818.845,26749.88,2017,January,Thursday,19
452,2017-01-19 20:00:00,11.34,55.058,0.087,0.059,0.102,45141.266,28934.954,26906.024,2017,January,Thursday,20
453,2017-01-19 21:00:00,11.285,55.508,0.084,0.057,0.101,42868.861,28015.198,26038.554,2017,January,Thursday,21
454,2017-01-19 22:00:00,11.222,53.388,0.086,0.07,0.103,38720.0,25396.96,24288.193,2017,January,Thursday,22
455,2017-01-19 23:00:00,10.685,54.397,0.089,0.067,0.09,32917.468,21629.787,21017.831,2017,January,Thursday,23
456,2017-01-20 00:00:00,9.94,56.752,0.088,0.049,0.117,27848.101,18049.848,17652.048,2017,January,Friday,0
457,2017-01-20 01:00:00,9.553,59.082,0.085,0.062,0.106,24448.608,15736.17,15564.337,2017,January,Friday,1
458,2017-01-20 02:00:00,8.928,63.152,0.084,0.056,0.101,22911.392,14306.383,14523.373,2017,January,Friday,2
459,2017-01-20 03:00:00,9.052,60.747,0.087,0.058,0.099,21894.684,13911.246,14027.952,2017,January,Friday,3
460,2017-01-20 04:00:00,9.095,60.507,0.084,0.05,0.099,21698.228,13804.863,13841.928,2017,January,Friday,4
461,2017-01-20 05:00:00,9.058,62.575,0.086,0.061,0.085,22317.975,14277.812,14133.976,2017,January,Friday,5
462,2017-01-20 06:00:00,10.99,55.55,4.594,0.071,0.109,24429.367,15817.021,14452.048,2017,January,Friday,6
463,2017-01-20 07:00:00,11.65,52.413,4.541,0.056,0.111,23745.823,15947.112,12266.988,2017,January,Friday,7
464,2017-01-20 08:00:00,11.775,51.587,0.08,7.018,6.982,25256.709,16813.374,11756.145,2017,January,Friday,8
465,2017-01-20 09:00:00,12.012,51.618,2.635,82.272,81.413,28804.051,19104.559,13360.0,2017,January,Friday,9
466,2017-01-20 10:00:00,13.048,48.243,4.916,343.4,354.133,32163.038,21114.286,14990.843,2017,January,Friday,10
467,2017-01-20 11:00:00,13.4,48.985,1.6,453.283,476.7,34640.0,22525.836,16051.084,2017,January,Friday,11
468,2017-01-20 12:00:00,14.293,47.272,0.085,614.4,652.95,34940.759,22424.316,16099.277,2017,January,Friday,12
469,2017-01-20 13:00:00,13.643,47.223,0.083,115.108,117.555,35345.823,22658.359,16598.554,2017,January,Friday,13
470,2017-01-20 14:00:00,12.245,60.307,0.079,44.045,45.305,35422.785,22274.772,16312.289,2017,January,Friday,14
471,2017-01-20 15:00:00,11.593,65.508,0.081,27.607,28.507,33793.418,22283.891,16147.47,2017,January,Friday,15
472,2017-01-20 16:00:00,11.523,65.443,0.078,23.753,24.405,31493.671,21988.45,15973.976,2017,January,Friday,16
473,2017-01-20 17:00:00,12.302,70.23,0.082,16.927,17.447,34504.304,23331.915,19844.819,2017,January,Friday,17
474,2017-01-20 18:00:00,11.938,71.633,0.083,5.151,5.398,42566.076,27984.802,25581.687,2017,January,Friday,18
475,2017-01-20 19:00:00,11.17,70.567,0.079,0.06,0.111,43885.57,27642.553,25786.988,2017,January,Friday,19
476,2017-01-20 20:00:00,10.352,72.233,0.084,0.058,0.114,43536.203,27469.301,26041.446,2017,January,Friday,20
477,2017-01-20 21:00:00,10.278,71.667,0.083,0.053,0.108,42897.215,27751.976,26381.687,2017,January,Friday,21
478,2017-01-20 22:00:00,10.165,70.137,0.087,0.048,0.117,39805.57,25802.432,24573.494,2017,January,Friday,22
479,2017-01-20 23:00:00,10.072,70.543,0.087,0.06,0.111,34446.582,22275.988,21195.181,2017,January,Friday,23
480,2017-01-21 00:00:00,9.787,73.317,0.09,0.06,0.119,28655.19,18698.48,18318.072,2017,January,Saturday,0
481,2017-01-21 01:00:00,10.012,72.5,0.085,0.057,0.112,25089.62,15939.818,16433.735,2017,January,Saturday,1
482,2017-01-21 02:00:00,9.687,72.95,0.085,0.053,0.125,23371.139,14497.264,15352.289,2017,January,Saturday,2
483,2017-01-21 03:00:00,9.197,72.517,0.081,0.062,0.112,22274.43,14064.438,14860.723,2017,January,Saturday,3
484,2017-01-21 04:00:00,9.46,63.583,0.08,0.057,0.119,22015.19,13714.894,14474.217,2017,January,Saturday,4
485,2017-01-21 05:00:00,9.082,65.893,0.079,0.067,0.115,22531.646,14177.508,14884.819,2017,January,Saturday,5
486,2017-01-21 06:00:00,9.01,67.765,0.081,0.061,0.115,24373.671,15086.93,14923.373,2017,January,Saturday,6
487,2017-01-21 07:00:00,9.47,63.995,0.079,0.061,0.1,22666.329,13836.474,12276.627,2017,January,Saturday,7
488,2017-01-21 08:00:00,9.427,64.05,0.081,13.721,13.69,24455.696,15297.872,11695.422,2017,January,Saturday,8
489,2017-01-21 09:00:00,9.86,62.527,3.37,150.733,151.017,28500.253,18183.587,13820.723,2017,January,Saturday,9
490,2017-01-21 10:00:00,10.54,61.965,2.725,340.5,354.9,32243.038,20283.283,15749.398,2017,January,Saturday,10
491,2017-01-21 11:00:00,11.245,61.978,0.085,504.967,536.567,34741.266,21437.082,16857.831,2017,January,Saturday,11
492,2017-01-21 12:00:00,11.85,61.607,0.083,488.05,520.333,35061.266,22009.119,17364.819,2017,January,Saturday,12
493,2017-01-21 13:00:00,12.588,58.865,0.084,459.533,490.983,35415.696,21790.274,17722.41,2017,January,Saturday,13
494,2017-01-21 14:00:00,13.033,57.458,0.085,470.7,513.733,34316.962,21686.322,17817.831,2017,January,Saturday,14
495,2017-01-21 15:00:00,13.165,54.987,0.084,356.6,402.433,33609.114,21355.015,17636.627,2017,January,Saturday,15
496,2017-01-21 16:00:00,12.98,51.898,0.085,213.317,251.733,32744.304,20612.158,17402.41,2017,January,Saturday,16
497,2017-01-21 17:00:00,12.903,49.233,0.087,125.975,159.033,36008.101,22379.331,20590.843,2017,January,Saturday,17
498,2017-01-21 18:00:00,12.232,54.558,0.086,6.208,6.423,44119.494,27514.894,26420.241,2017,January,Saturday,18
499,2017-01-21 19:00:00,12.422,57.723,0.084,0.059,0.106,44416.203,27795.745,26755.663,2017,January,Saturday,19
500,2017-01-21 20:00:00,12.015,64.63,0.085,0.066,0.106,44034.43,27565.35,26756.627,2017,January,Saturday,20
501,2017-01-21 21:00:00,12.618,62.367,0.081,0.065,0.121,42402.025,26527.052,25853.494,2017,January,Saturday,21
502,2017-01-21 22:00:00,12.942,64.272,0.079,0.058,0.12,38961.013,24770.821,24482.892,2017,January,Saturday,22
503,2017-01-21 23:00:00,12.898,70.708,0.08,0.058,0.15,34266.329,21948.936,21855.422,2017,January,Saturday,23
504,2017-01-22 00:00:00,12.982,69.032,0.081,0.066,0.127,28452.658,18332.523,18563.855,2017,January,Sunday,0
505,2017-01-22 01:00:00,13.145,65.547,0.083,0.065,0.099,24868.861,15776.292,16393.253,2017,January,Sunday,1
506,2017-01-22 02:00:00,12.947,67.268,0.082,0.074,0.107,22447.595,14102.736,15141.205,2017,January,Sunday,2
507,2017-01-22 03:00:00,12.602,67.113,0.082,0.063,0.116,21535.19,13380.547,14529.157,2017,January,Sunday,3
508,2017-01-22 04:00:00,12.542,65.43,0.083,0.056,0.144,20904.304,12837.082,14095.422,2017,January,Sunday,4
509,2017-01-22 05:00:00,12.317,66.547,0.083,0.066,0.133,21367.089,13105.167,14382.651,2017,January,Sunday,5
510,2017-01-22 06:00:00,12.27,67.678,0.081,0.06,0.144,22783.797,13567.781,14484.819,2017,January,Sunday,6
511,2017-01-22 07:00:00,12.397,64.992,0.082,0.062,0.135,20784.81,9961.094,11726.265,2017,January,Sunday,7
512,2017-01-22 08:00:00,12.032,66.982,0.082,7.296,7.354,22428.354,10365.35,11458.313,2017,January,Sunday,8
513,2017-01-22 09:00:00,12.303,64.885,0.082,107.478,105.648,25981.772,12248.024,13159.518,2017,January,Sunday,9
514,2017-01-22 10:00:00,12.747,65.142,0.082,177.167,174.367,30362.532,14082.067,15028.434,2017,January,Sunday,10
515,2017-01-22 11:00:00,13.365,61.757,0.085,178.0,177.033,33944.304,14716.109,16267.952,2017,January,Sunday,11
516,2017-01-22 12:00:00,13.852,58.045,0.085,231.4,234.167,35265.823,14736.778,16887.711,2017,January,Sunday,12
517,2017-01-22 13:00:00,13.468,61.702,0.085,195.05,202.05,36174.177,15202.432,17396.627,2017,January,Sunday,13
518,2017-01-22 14:00:00,13.798,58.525,0.085,174.35,180.6,35228.354,15237.69,17483.373,2017,January,Sunday,14
519,2017-01-22 15:00:00,13.937,56.12,0.086,146.0,152.3,34132.658,15149.544,17044.819,2017,January,Sunday,15
520,2017-01-22 16:00:00,13.78,57.117,0.083,90.802,94.283,32795.949,14519.149,16700.723,2017,January,Sunday,16
521,2017-01-22 17:00:00,13.798,57.077,0.088,67.237,74.62,34027.342,17993.313,20069.398,2017,January,Sunday,17
522,2017-01-22 18:00:00,13.507,57.853,0.086,11.325,11.701,41183.797,24584.802,25839.036,2017,January,Sunday,18
523,2017-01-22 19:00:00,13.127,60.912,0.088,0.068,0.124,41930.127,25387.842,26400.0,2017,January,Sunday,19
524,2017-01-22 20:00:00,12.675,63.855,0.089,0.054,0.124,42817.215,26123.404,26334.458,2017,January,Sunday,20
525,2017-01-22 21:00:00,12.275,65.12,0.086,0.064,0.118,41721.519,25995.745,25255.904,2017,January,Sunday,21
526,2017-01-22 22:00:00,11.768,65.803,0.087,0.064,0.118,38335.19,24186.626,23546.988,2017,January,Sunday,22
527,2017-01-22 23:00:00,10.507,71.942,0.084,0.062,0.132,32647.089,20678.419,20191.807,2017,January,Sunday,23
528,2017-01-23 00:00:00,9.403,78.7,0.083,0.056,0.129,27724.557,17215.805,17046.747,2017,January,Monday,0
529,2017-01-23 01:00:00,9.217,81.15,0.083,0.059,0.128,24430.38,15052.888,15511.325,2017,January,Monday,1
530,2017-01-23 02:00:00,9.108,80.083,0.086,0.068,0.115,23052.152,13767.781,14651.566,2017,January,Monday,2
531,2017-01-23 03:00:00,8.605,81.1,0.084,0.069,0.111,22100.253,13361.702,14180.241,2017,January,Monday,3
532,2017-01-23 04:00:00,9.703,77.25,0.086,0.067,0.13,22091.139,13254.711,14035.663,2017,January,Monday,4
533,2017-01-23 05:00:00,10.04,75.983,0.084,0.055,0.129,22625.823,13892.401,14450.12,2017,January,Monday,5
534,2017-01-23 06:00:00,10.103,76.367,0.086,0.056,0.121,24976.203,15037.082,14861.687,2017,January,Monday,6
535,2017-01-23 07:00:00,9.568,78.3,0.084,0.057,0.119,24033.418,14938.602,12248.675,2017,January,Monday,7
536,2017-01-23 08:00:00,8.948,81.983,0.082,22.238,22.0,25929.114,16213.982,11693.494,2017,January,Monday,8
537,2017-01-23 09:00:00,9.157,82.2,0.084,207.2,208.5,29134.177,18446.809,13436.145,2017,January,Monday,9
538,2017-01-23 10:00:00,11.317,77.733,0.084,316.817,324.6,32703.797,19251.672,16243.855,2017,January,Monday,10
539,2017-01-23 11:00:00,13.043,71.55,0.081,428.133,451.433,35515.949,20053.495,17706.024,2017,January,Monday,11
540,2017-01-23 12:00:00,13.883,66.083,0.082,541.117,580.85,36889.114,20832.219,18522.41,2017,January,Monday,12
541,2017-01-23 13:00:00,14.2,63.997,0.083,527.217,579.4,36936.709,20296.049,18837.59,2017,January,Monday,13
542,2017-01-23 14:00:00,14.477,59.153,0.084,434.95,482.583,36072.911,21909.422,17033.253,2017,January,Monday,14
543,2017-01-23 15:00:00,14.42,56.132,0.085,214.75,239.283,35160.506,21556.231,16713.253,2017,January,Monday,15
544,2017-01-23 16:00:00,14.85,55.573,0.084,250.55,297.9,34908.354,21043.769,16783.614,2017,January,Monday,16
545,2017-01-23 17:00:00,14.427,57.552,0.086,138.85,176.733,37594.937,23204.255,20505.06,2017,January,Monday,17
546,2017-01-23 18:00:00,13.12,65.225,0.084,15.56,19.041,44618.734,27375.684,26130.12,2017,January,Monday,18
547,2017-01-23 19:00:00,12.173,70.892,0.086,0.067,0.118,44755.443,27217.629,26330.602,2017,January,Monday,19
548,2017-01-23 20:00:00,11.983,70.637,0.087,0.067,0.113,44518.481,27159.878,26644.819,2017,January,Monday,20
549,2017-01-23 21:00:00,11.503,70.945,0.089,0.062,0.101,42670.38,26641.945,25946.988,2017,January,Monday,21
550,2017-01-23 22:00:00,10.782,72.7,0.086,0.067,0.1,38675.443,24503.343,23673.253,2017,January,Monday,22
551,2017-01-23 23:00:00,10.002,75.1,0.086,0.067,0.11,33011.646,20625.532,20706.506,2017,January,Monday,23
552,2017-01-24 00:00:00,9.468,76.317,0.084,0.064,0.114,27886.582,17652.28,17768.675,2017,January,Tuesday,0
553,2017-01-24 01:00:00,8.928,77.95,0.084,0.067,0.119,24629.873,15363.526,15733.976,2017,January,Tuesday,1
554,2017-01-24 02:00:00,9.728,73.3,0.084,0.055,0.113,23008.608,14255.927,14883.855,2017,January,Tuesday,2
555,2017-01-24 03:00:00,9.243,74.75,0.085,0.049,0.112,22133.671,13798.176,14541.687,2017,January,Tuesday,3
556,2017-01-24 04:00:00,9.99,74.317,0.09,0.061,0.102,22076.962,13552.584,14391.325,2017,January,Tuesday,4
557,2017-01-24 05:00:00,9.273,77.783,0.086,0.049,0.1,23046.076,14083.283,14770.12,2017,January,Tuesday,5
558,2017-01-24 06:00:00,8.595,80.533,0.087,0.057,0.104,24930.633,15323.404,15318.554,2017,January,Tuesday,6
559,2017-01-24 07:00:00,7.925,84.283,0.088,0.056,0.108,23042.025,14977.508,12353.735,2017,January,Tuesday,7
560,2017-01-24 08:00:00,7.695,86.35,0.087,16.711,16.137,25486.582,16183.587,11865.06,2017,January,Tuesday,8
561,2017-01-24 09:00:00,8.7,80.933,0.088,156.983,157.65,29291.139,18261.398,13708.916,2017,January,Tuesday,9
562,2017-01-24 10:00:00,11.137,67.727,0.086,320.0,334.75,30943.797,18763.526,16509.88,2017,January,Tuesday,10
563,2017-01-24 11:00:00,13.605,46.69,0.083,454.667,487.533,30931.646,19731.307,17593.253,2017,January,Tuesday,11
564,2017-01-24 12:00:00,14.23,38.063,0.088,533.5,582.05,32190.38,20257.143,18230.361,2017,January,Tuesday,12
565,2017-01-24 13:00:00,14.897,32.765,0.09,558.917,619.717,32623.797,20341.641,18674.699,2017,January,Tuesday,13
566,2017-01-24 14:00:00,15.548,31.768,0.088,528.433,597.717,33369.114,21589.058,17093.012,2017,January,Tuesday,14
567,2017-01-24 15:00:00,16.012,30.617,0.088,441.15,511.133,34312.911,21802.432,16783.614,2017,January,Tuesday,15
568,2017-01-24 16:00:00,16.4,30.77,0.084,300.6,360.9,33389.367,20835.258,16414.458,2017,January,Tuesday,16
569,2017-01-24 17:00:00,15.055,35.75,0.078,141.583,181.8,36678.481,22227.964,19747.47,2017,January,Tuesday,17
570,2017-01-24 18:00:00,12.768,44.423,0.08,15.837,20.29,44408.101,26987.234,25561.446,2017,January,Tuesday,18
571,2017-01-24 19:00:00,9.822,54.113,0.078,0.063,0.107,43966.582,26736.778,25488.193,2017,January,Tuesday,19
572,2017-01-24 20:00:00,8.727,52.995,0.08,0.071,0.104,43947.342,26601.216,25487.229,2017,January,Tuesday,20
573,2017-01-24 21:00:00,8.302,60.277,0.089,0.061,0.106,43082.532,26734.347,25143.133,2017,January,Tuesday,21
574,2017-01-24 22:00:00,7.666,62.838,0.088,0.059,0.112,39488.608,24619.453,23488.193,2017,January,Tuesday,22
575,2017-01-24 23:00:00,6.479,69.195,0.086,0.062,0.116,33133.165,20961.094,20334.458,2017,January,Tuesday,23
576,2017-01-25 00:00:00,5.511,74.1,0.085,0.06,0.102,27882.532,17828.571,17663.614,2017,January,Wednesday,0
577,2017-01-25 01:00:00,5.381,74.833,0.087,0.046,0.12,24542.785,15320.365,16015.422,2017,January,Wednesday,1
578,2017-01-25 02:00:00,5.248,73.95,0.089,0.056,0.142,22920.506,14039.514,14829.88,2017,January,Wednesday,2
579,2017-01-25 03:00:00,4.479,79.1,0.085,0.068,0.12,22469.873,13722.796,14467.47,2017,January,Wednesday,3
580,2017-01-25 04:00:00,4.117,79.367,0.088,0.065,0.127,22294.684,13691.793,14235.181,2017,January,Wednesday,4
581,2017-01-25 05:00:00,3.602,81.85,0.086,0.066,0.119,23135.19,14176.292,14555.181,2017,January,Wednesday,5
582,2017-01-25 06:00:00,3.662,79.217,0.086,0.073,0.14,25325.57,15497.264,14928.193,2017,January,Wednesday,6
583,2017-01-25 07:00:00,3.897,78.567,0.292,0.087,0.13,23406.582,14913.678,12116.627,2017,January,Wednesday,7
584,2017-01-25 08:00:00,3.962,77.5,1.841,19.826,19.166,25622.278,16055.319,11549.88,2017,January,Wednesday,8
585,2017-01-25 09:00:00,4.644,75.4,4.916,163.433,164.85,29473.418,18135.562,13609.639,2017,January,Wednesday,9
586,2017-01-25 10:00:00,6.978,68.663,4.916,323.683,338.267,32845.57,20439.514,14832.771,2017,January,Wednesday,10
587,2017-01-25 11:00:00,9.425,62.298,4.915,455.167,487.767,35299.241,21708.207,16113.735,2017,January,Wednesday,11
588,2017-01-25 12:00:00,13.14,52.81,4.718,535.517,584.633,35942.278,22374.468,16700.723,2017,January,Wednesday,12
589,2017-01-25 13:00:00,16.19,35.083,0.087,557.6,618.617,36245.063,21778.723,17060.241,2017,January,Wednesday,13
590,2017-01-25 14:00:00,17.287,29.76,0.087,526.133,595.2,35467.342,21699.696,16919.518,2017,January,Wednesday,14
591,2017-01-25 15:00:00,18.17,29.075,0.086,438.25,507.3,34469.873,21641.337,16658.313,2017,January,Wednesday,15
592,2017-01-25 16:00:00,18.582,29.945,0.086,303.083,364.2,33534.177,20888.146,16331.566,2017,January,Wednesday,16
593,2017-01-25 17:00:00,17.762,33.59,0.085,146.183,188.017,36339.241,22602.432,19643.373,2017,January,Wednesday,17
594,2017-01-25 18:00:00,16.27,39.417,0.089,22.231,29.25,44290.633,27344.681,25425.542,2017,January,Wednesday,18
595,2017-01-25 19:00:00,14.865,51.675,0.089,0.086,0.126,44446.582,27498.48,25628.916,2017,January,Wednesday,19
596,2017-01-25 20:00:00,13.048,64.463,0.086,0.048,0.103,44362.532,27392.705,25749.398,2017,January,Wednesday,20
597,2017-01-25 21:00:00,11.477,64.747,0.086,0.065,0.108,42670.38,26719.757,25079.518,2017,January,Wednesday,21
598,2017-01-25 22:00:00,10.168,69.7,0.087,0.053,0.096,39180.759,24757.447,23453.494,2017,January,Wednesday,22
599,2017-01-25 23:00:00,9.358,71.313,0.084,0.051,0.119,33121.013,21172.644,20246.747,2017,January,Wednesday,23
600,2017-01-26 00:00:00,8.433,77.017,0.086,0.062,0.129,28070.886,18155.015,17439.036,2017,January,Thursday,0
601,2017-01-26 01:00:00,7.98,78.917,0.085,0.057,0.128,25005.57,15686.322,15705.06,2017,January,Thursday,1
602,2017-01-26 02:00:00,7.642,77.417,0.086,0.066,0.117,23204.051,14419.453,14775.904,2017,January,Thursday,2
603,2017-01-26 03:00:00,7.277,78.05,0.084,0.071,0.101,22477.975,14102.736,14291.084,2017,January,Thursday,3
604,2017-01-26 04:00:00,7.238,77.517,0.086,0.068,0.132,22117.468,14012.766,14030.843,2017,January,Thursday,4
605,2017-01-26 05:00:00,6.835,78.25,0.083,0.063,0.127,23380.253,14576.9,14265.06,2017,January,Thursday,5
606,2017-01-26 06:00:00,6.466,82.95,0.087,0.074,0.126,25195.949,15494.833,14500.241,2017,January,Thursday,6
607,2017-01-26 07:00:00,6.437,78.067,0.085,0.06,0.133,23696.203,14842.553,11693.494,2017,January,Thursday,7
608,2017-01-26 08:00:00,6.064,81.533,0.086,19.475,18.752,25499.747,16220.669,11333.012,2017,January,Thursday,8
609,2017-01-26 09:00:00,6.466,80.75,0.086,157.267,158.3,29645.57,17412.766,14432.771,2017,January,Thursday,9
610,2017-01-26 10:00:00,8.483,77.3,0.087,316.15,329.4,33290.127,18802.432,16587.952,2017,January,Thursday,10
611,2017-01-26 11:00:00,11.913,66.91,0.087,446.867,477.8,35791.392,20225.532,18042.41,2017,January,Thursday,11
612,2017-01-26 12:00:00,15.435,54.33,0.087,525.833,573.0,36252.152,21249.24,18358.554,2017,January,Thursday,12
613,2017-01-26 13:00:00,17.188,46.795,0.087,549.667,144.052,36018.228,21708.207,17546.988,2017,January,Thursday,13
614,2017-01-26 14:00:00,18.095,44.975,0.087,516.433,37.488,35372.152,21745.897,16850.12,2017,January,Thursday,14
615,2017-01-26 15:00:00,18.58,43.845,0.084,428.917,36.37,35218.228,22385.41,16850.12,2017,January,Thursday,15
616,2017-01-26 16:00:00,18.015,44.525,0.082,294.817,99.747,35508.861,22251.064,16904.096,2017,January,Thursday,16
617,2017-01-26 17:00:00,16.815,48.978,0.079,141.2,168.633,38465.823,23533.131,20539.759,2017,January,Thursday,17
618,2017-01-26 18:00:00,15.092,56.347,0.086,21.812,26.803,45528.101,27435.258,26247.711,2017,January,Thursday,18
619,2017-01-26 19:00:00,13.0,63.345,0.076,0.073,0.134,45252.658,27271.733,26423.133,2017,January,Thursday,19
620,2017-01-26 20:00:00,12.512,71.498,0.082,0.044,0.11,45002.532,27374.468,26670.843,2017,January,Thursday,20
621,2017-01-26 21:00:00,12.217,76.867,0.088,0.056,0.143,42453.671,26838.298,25594.217,2017,January,Thursday,21
622,2017-01-26 22:00:00,10.792,80.533,0.087,0.058,0.129,38622.785,24653.495,23746.506,2017,January,Thursday,22
623,2017-01-26 23:00:00,10.313,82.45,0.086,0.06,0.156,33601.013,21196.96,20640.0,2017,January,Thursday,23
624,2017-01-27 00:00:00,9.458,83.683,0.087,0.059,0.142,28407.089,18032.219,17429.398,2017,January,Friday,0
625,2017-01-27 01:00:00,8.907,84.983,0.087,0.076,0.149,25081.519,15689.362,15624.096,2017,January,Friday,1
626,2017-01-27 02:00:00,8.337,86.05,0.088,0.055,0.141,23086.582,14476.596,15067.952,2017,January,Friday,2
627,2017-01-27 03:00:00,8.167,86.383,0.089,0.062,0.146,22078.987,14297.872,14313.253,2017,January,Friday,3
628,2017-01-27 04:00:00,7.803,86.233,0.089,0.06,0.132,21867.342,14137.994,14118.554,2017,January,Friday,4
629,2017-01-27 05:00:00,7.45,86.65,0.086,0.073,0.143,22884.051,14449.848,14405.783,2017,January,Friday,5
630,2017-01-27 06:00:00,7.194,87.0,0.087,0.071,0.14,24036.456,15265.046,14696.867,2017,January,Friday,6
631,2017-01-27 07:00:00,7.067,87.0,0.088,0.081,0.131,22748.354,14765.35,12323.855,2017,January,Friday,7
632,2017-01-27 08:00:00,7.073,85.833,0.084,20.176,11.298,24949.873,16382.979,11821.687,2017,January,Friday,8
633,2017-01-27 09:00:00,7.144,85.433,0.088,157.283,30.555,29556.456,19128.267,13717.59,2017,January,Friday,9
634,2017-01-27 10:00:00,9.002,83.3,0.089,315.017,37.312,33206.076,21141.641,15271.325,2017,January,Friday,10
635,2017-01-27 11:00:00,12.567,71.98,0.091,445.25,45.815,35648.608,22170.213,16231.325,2017,January,Friday,11
636,2017-01-27 12:00:00,15.557,62.897,0.084,515.917,54.723,34978.228,21820.061,17008.193,2017,January,Friday,12
637,2017-01-27 13:00:00,17.193,48.523,0.086,529.8,89.505,35557.468,22209.726,17622.169,2017,January,Friday,13
638,2017-01-27 14:00:00,17.843,43.955,0.088,485.85,70.612,35467.342,22105.167,16640.0,2017,January,Friday,14
639,2017-01-27 15:00:00,18.082,42.672,0.087,435.167,48.478,35124.051,21924.62,16463.614,2017,January,Friday,15
640,2017-01-27 16:00:00,18.155,42.597,0.086,295.7,183.467,35521.013,21606.079,16379.759,2017,January,Friday,16
641,2017-01-27 17:00:00,17.442,46.275,0.085,139.25,164.45,38371.646,22865.046,19371.566,2017,January,Friday,17
642,2017-01-27 18:00:00,15.898,56.393,0.085,25.535,30.294,44807.089,27113.678,25286.747,2017,January,Friday,18
643,2017-01-27 19:00:00,14.508,66.308,0.084,0.108,0.15,43668.861,26774.468,25543.133,2017,January,Friday,19
644,2017-01-27 20:00:00,13.728,71.467,0.087,0.064,0.141,43597.975,26552.584,26018.313,2017,January,Friday,20
645,2017-01-27 21:00:00,12.34,77.017,0.086,0.063,0.126,42120.506,26149.544,25281.928,2017,January,Friday,21
646,2017-01-27 22:00:00,12.695,71.233,0.088,0.056,0.137,38663.291,24280.243,23833.253,2017,January,Friday,22
647,2017-01-27 23:00:00,10.907,77.2,0.088,0.071,0.118,33693.165,21262.006,20906.024,2017,January,Friday,23
648,2017-01-28 00:00:00,10.967,74.15,0.088,0.068,0.127,28672.405,18375.684,17971.084,2017,January,Saturday,0
649,2017-01-28 01:00:00,9.98,74.383,0.089,0.065,0.146,25052.152,15817.629,16013.494,2017,January,Saturday,1
650,2017-01-28 02:00:00,9.583,72.77,0.089,0.062,0.127,23386.329,14294.225,15004.337,2017,January,Saturday,2
651,2017-01-28 03:00:00,10.502,62.467,0.087,0.056,0.12,22582.278,13764.134,14347.952,2017,January,Saturday,3
652,2017-01-28 04:00:00,10.45,60.025,0.085,0.058,0.105,22348.354,13547.112,13845.783,2017,January,Saturday,4
653,2017-01-28 05:00:00,11.308,60.768,0.083,0.069,0.12,23020.759,14043.769,14375.904,2017,January,Saturday,5
654,2017-01-28 06:00:00,11.712,54.357,0.084,0.065,0.119,23722.532,14693.009,14811.566,2017,January,Saturday,6
655,2017-01-28 07:00:00,11.678,50.728,0.086,0.065,0.122,21041.013,13328.875,11685.783,2017,January,Saturday,7
656,2017-01-28 08:00:00,11.703,50.93,0.086,22.327,17.672,23819.747,14619.453,11360.0,2017,January,Saturday,8
657,2017-01-28 09:00:00,12.072,53.327,0.086,162.517,35.223,27984.81,17302.128,13422.651,2017,January,Saturday,9
658,2017-01-28 10:00:00,13.648,56.113,2.768,320.817,34.363,31458.228,19460.79,15178.795,2017,January,Saturday,10
659,2017-01-28 11:00:00,15.282,54.473,4.917,447.817,36.115,34112.405,20729.483,16591.807,2017,January,Saturday,11
660,2017-01-28 12:00:00,16.763,49.895,4.918,528.85,37.898,34904.304,21134.347,17300.241,2017,January,Saturday,12
661,2017-01-28 13:00:00,17.303,49.033,4.918,552.683,40.802,35019.747,20979.939,17647.229,2017,January,Saturday,13
662,2017-01-28 14:00:00,17.457,49.382,4.917,519.117,41.803,34273.418,20468.693,17383.133,2017,January,Saturday,14
663,2017-01-28 15:00:00,17.355,48.978,4.917,430.683,49.822,32680.506,20152.584,16814.458,2017,January,Saturday,15
664,2017-01-28 16:00:00,17.152,53.243,4.917,293.383,237.35,31902.785,19638.906,16475.181,2017,January,Saturday,16
665,2017-01-28 17:00:00,16.383,57.273,4.916,140.95,169.917,33992.911,20482.675,18826.988,2017,January,Saturday,17
666,2017-01-28 18:00:00,15.635,59.21,4.916,24.216,29.654,42568.101,25434.65,25293.494,2017,January,Saturday,18
667,2017-01-28 19:00:00,14.568,64.67,4.919,0.102,0.147,42923.544,25379.939,25682.892,2017,January,Saturday,19
668,2017-01-28 20:00:00,13.978,68.037,4.916,0.069,0.118,42345.316,25353.799,25876.627,2017,January,Saturday,20
669,2017-01-28 21:00:00,13.408,69.602,4.918,0.049,0.131,41107.848,24851.672,25300.241,2017,January,Saturday,21
670,2017-01-28 22:00:00,13.168,68.878,4.915,0.046,0.131,38176.203,23236.474,24081.928,2017,January,Saturday,22
671,2017-01-28 23:00:00,12.457,74.933,4.914,0.06,0.146,34061.772,20712.462,21737.831,2017,January,Saturday,23
672,2017-01-29 00:00:00,11.487,74.9,4.915,0.056,0.124,28744.304,17646.201,18643.855,2017,January,Sunday,0
673,2017-01-29 01:00:00,11.095,75.9,4.916,0.061,0.125,24900.253,14947.72,16657.349,2017,January,Sunday,1
674,2017-01-29 02:00:00,11.58,73.283,4.914,0.072,0.124,22540.759,13420.061,15439.036,2017,January,Sunday,2
675,2017-01-29 03:00:00,13.31,65.213,4.916,0.058,0.129,21604.051,12726.444,14478.072,2017,January,Sunday,3
676,2017-01-29 04:00:00,12.403,68.16,4.918,0.058,0.131,21353.924,12336.17,14164.819,2017,January,Sunday,4
677,2017-01-29 05:00:00,11.512,69.938,4.917,0.048,0.135,21920.0,12763.526,14540.723,2017,January,Sunday,5
678,2017-01-29 06:00:00,11.107,69.598,4.918,0.06,0.13,22760.506,12937.994,14385.542,2017,January,Sunday,6
679,2017-01-29 07:00:00,11.072,68.92,4.918,0.069,0.132,19628.354,10745.897,11561.446,2017,January,Sunday,7
680,2017-01-29 08:00:00,11.43,68.002,4.919,22.964,22.453,20831.392,11320.973,11224.096,2017,January,Sunday,8
681,2017-01-29 09:00:00,14.14,57.472,4.919,158.817,91.67,23846.076,13362.31,12975.422,2017,January,Sunday,9
682,2017-01-29 10:00:00,15.44,51.638,4.916,317.667,52.427,27927.089,15559.878,14774.94,2017,January,Sunday,10
683,2017-01-29 11:00:00,16.215,50.582,4.916,459.833,76.233,30428.354,17035.866,16263.133,2017,January,Sunday,11
684,2017-01-29 12:00:00,16.825,48.995,4.918,503.167,98.617,31742.785,17652.888,16670.843,2017,January,Sunday,12
685,2017-01-29 13:00:00,17.665,48.815,4.916,570.667,94.933,32190.38,17502.736,17098.795,2017,January,Sunday,13
686,2017-01-29 14:00:00,17.397,49.888,4.917,548.433,147.767,31466.329,17356.231,16625.542,2017,January,Sunday,14
687,2017-01-29 15:00:00,17.118,52.637,4.918,464.1,253.733,30378.734,16980.547,16271.807,2017,January,Sunday,15
688,2017-01-29 16:00:00,16.71,54.44,4.918,266.417,288.217,28972.152,16293.009,16245.783,2017,January,Sunday,16
689,2017-01-29 17:00:00,16.515,54.23,4.919,101.588,110.512,30597.468,17429.179,18401.928,2017,January,Sunday,17
690,2017-01-29 18:00:00,15.86,57.353,4.918,20.205,22.074,38810.127,22601.216,24621.687,2017,January,Sunday,18
691,2017-01-29 19:00:00,15.773,57.125,4.92,0.149,0.173,39474.43,22864.438,24681.446,2017,January,Sunday,19
692,2017-01-29 20:00:00,16.163,54.847,4.919,0.06,0.116,40016.203,23043.769,24620.723,2017,January,Sunday,20
693,2017-01-29 21:00:00,16.592,53.667,4.92,0.075,0.099,40339.241,24088.754,25087.229,2017,January,Sunday,21
694,2017-01-29 22:00:00,16.088,57.01,4.919,0.066,0.093,38157.975,23091.185,23800.482,2017,January,Sunday,22
695,2017-01-29 23:00:00,15.945,58.983,4.917,0.057,0.108,33623.291,20410.334,20878.072,2017,January,Sunday,23
696,2017-01-30 00:00:00,16.317,59.447,4.918,0.07,0.109,28703.797,17318.541,17669.398,2017,January,Monday,0
697,2017-01-30 01:00:00,16.298,59.942,4.917,0.058,0.131,24877.975,14809.726,15894.94,2017,January,Monday,1
698,2017-01-30 02:00:00,15.667,63.608,4.917,0.061,0.106,22955.949,13570.213,14900.241,2017,January,Monday,2
699,2017-01-30 03:00:00,15.802,64.215,4.918,0.061,0.098,22141.772,13183.587,14476.145,2017,January,Monday,3
700,2017-01-30 04:00:00,16.137,65.015,4.917,0.066,0.118,21984.81,12924.62,14369.157,2017,January,Monday,4
701,2017-01-30 05:00:00,16.723,62.188,4.918,0.062,0.134,22470.886,13572.036,14634.217,2017,January,Monday,5
702,2017-01-30 06:00:00,16.122,66.995,4.918,0.059,0.13,23734.684,14240.729,14603.373,2017,January,Monday,6
703,2017-01-30 07:00:00,15.917,68.037,4.916,0.064,0.133,21166.582,13144.681,11274.217,2017,January,Monday,7
704,2017-01-30 08:00:00,15.64,72.915,4.915,8.924,8.728,24272.405,14931.307,11129.639,2017,January,Monday,8
705,2017-01-30 09:00:00,15.803,73.083,4.914,57.36,56.688,27939.241,17244.985,13122.892,2017,January,Monday,9
706,2017-01-30 10:00:00,16.445,68.457,4.916,158.117,147.55,31918.987,19105.167,14851.084,2017,January,Monday,10
707,2017-01-30 11:00:00,16.848,65.305,4.914,224.8,211.85,34401.013,20345.289,16050.12,2017,January,Monday,11
708,2017-01-30 12:00:00,17.497,64.43,4.916,563.683,451.867,35185.823,20944.073,16911.807,2017,January,Monday,12
709,2017-01-30 13:00:00,17.837,64.725,4.916,248.25,203.917,35052.152,20696.657,17397.59,2017,January,Monday,13
710,2017-01-30 14:00:00,18.283,62.9,4.916,203.95,199.583,34615.696,20599.392,16993.735,2017,January,Monday,14
711,2017-01-30 15:00:00,17.562,71.16,4.916,95.447,95.597,33869.367,20496.049,16404.819,2017,January,Monday,15
712,2017-01-30 16:00:00,17.035,74.617,4.914,62.902,64.125,33227.342,19638.298,16205.301,2017,January,Monday,16
713,2017-01-30 17:00:00,16.842,74.667,4.913,57.432,58.63,34803.038,20784.802,18907.952,2017,January,Monday,17
714,2017-01-30 18:00:00,16.768,74.558,4.914,7.443,7.539,42957.975,25610.942,25000.482,2017,January,Monday,18
715,2017-01-30 19:00:00,16.405,76.033,4.913,0.061,0.17,43094.684,25618.237,25608.675,2017,January,Monday,19
716,2017-01-30 20:00:00,16.27,77.233,4.913,0.033,0.148,43088.608,25831.611,25875.663,2017,January,Monday,20
717,2017-01-30 21:00:00,16.722,73.833,4.914,0.04,0.136,41838.987,25398.176,25194.217,2017,January,Monday,21
718,2017-01-30 22:00:00,16.763,74.15,4.913,0.032,0.141,38748.354,23803.04,23791.807,2017,January,Monday,22
719,2017-01-30 23:00:00,17.147,70.22,4.913,0.04,0.145,33526.076,20578.723,20604.337,2017,January,Monday,23
720,2017-01-31 00:00:00,17.0,72.417,4.913,0.041,0.115,28500.253,17564.134,17688.675,2017,January,Tuesday,0
721,2017-01-31 01:00:00,16.82,74.283,4.914,0.034,0.124,25238.481,15416.413,15840.0,2017,January,Tuesday,1
722,2017-01-31 02:00:00,16.787,73.55,4.912,0.03,0.119,23733.671,14190.881,14983.133,2017,January,Tuesday,2
723,2017-01-31 03:00:00,16.365,77.133,4.915,0.05,0.104,22492.152,13621.277,14375.904,2017,January,Tuesday,3
724,2017-01-31 04:00:00,16.132,78.6,4.914,0.05,0.113,22136.709,13409.726,14132.048,2017,January,Tuesday,4
725,2017-01-31 05:00:00,16.177,76.667,4.913,0.047,0.096,22829.367,14114.894,14531.084,2017,January,Tuesday,5
726,2017-01-31 06:00:00,16.168,74.25,4.912,0.036,0.119,24680.506,14765.957,14705.542,2017,January,Tuesday,6
727,2017-01-31 07:00:00,15.257,79.433,4.92,0.067,0.119,22403.038,13554.407,11636.627,2017,January,Tuesday,7
728,2017-01-31 08:00:00,14.798,73.27,4.916,18.619,18.377,24977.215,15156.231,11817.831,2017,January,Tuesday,8
729,2017-01-31 09:00:00,15.523,61.455,4.918,268.317,270.217,29006.582,17650.456,13785.06,2017,January,Tuesday,9
730,2017-01-31 10:00:00,15.24,69.322,4.912,115.733,112.065,32135.696,19503.343,15396.627,2017,January,Tuesday,10
731,2017-01-31 11:00:00,15.788,66.94,4.914,121.983,119.517,34257.215,20717.933,16506.024,2017,January,Tuesday,11
732,2017-01-31 12:00:00,15.902,72.433,4.91,137.717,135.65,34963.038,21272.948,17006.265,2017,January,Tuesday,12
733,2017-01-31 13:00:00,15.713,78.167,4.918,94.5,95.417,34911.392,21214.59,17128.675,2017,January,Tuesday,13
734,2017-01-31 14:00:00,15.173,77.967,4.922,113.767,116.083,33957.468,21089.362,16784.578,2017,January,Tuesday,14
735,2017-01-31 15:00:00,15.723,68.18,4.917,114.167,116.633,33243.544,20736.778,16659.277,2017,January,Tuesday,15
736,2017-01-31 16:00:00,15.66,62.912,4.919,108.898,115.588,32496.203,19851.672,16754.699,2017,January,Tuesday,16
737,2017-01-31 17:00:00,15.482,59.968,4.918,97.652,105.97,34795.949,20866.261,19289.639,2017,January,Tuesday,17
738,2017-01-31 18:00:00,15.108,60.898,4.918,13.738,14.392,42857.722,25379.331,25334.94,2017,January,Tuesday,18
739,2017-01-31 19:00:00,14.732,60.337,4.92,0.108,0.183,42843.544,25438.298,25731.084,2017,January,Tuesday,19
740,2017-01-31 20:00:00,14.652,60.12,4.921,0.059,0.114,43023.797,25429.787,26003.855,2017,January,Tuesday,20
741,2017-01-31 21:00:00,12.693,69.622,4.922,0.058,0.118,41560.506,25259.574,25527.711,2017,January,Tuesday,21
742,2017-01-31 22:00:00,11.83,73.617,4.92,0.067,0.115,38052.658,23637.69,23936.386,2017,January,Tuesday,22
743,2017-01-31 23:00:00,11.698,71.272,4.92,0.064,0.126,33158.481,20456.535,20732.53,2017,January,Tuesday,23
744,2017-02-01 00:00:00,11.43,67.445,4.921,0.051,0.104,28172.542,17420.061,17810.653,2017,February,Wednesday,0
745,2017-02-01 01:00:00,11.507,64.848,4.92,0.059,0.116,25288.475,15283.891,16043.095,2017,February,Wednesday,1
746,2017-02-01 02:00:00,11.118,62.49,4.92,0.07,0.132,23351.186,13866.869,14819.698,2017,February,Wednesday,2
747,2017-02-01 03:00:00,10.815,61.972,4.92,0.065,0.119,22359.661,13325.228,14543.759,2017,February,Wednesday,3
748,2017-02-01 04:00:00,10.613,61.4,4.922,0.056,0.119,22213.22,13096.657,14387.457,2017,February,Wednesday,4
749,2017-02-01 05:00:00,10.507,61.365,4.922,0.054,0.12,22843.729,13756.231,14736.724,2017,February,Wednesday,5
750,2017-02-01 06:00:00,10.183,61.085,4.922,0.076,0.12,24146.441,14514.286,14659.538,2017,February,Wednesday,6
751,2017-02-01 07:00:00,9.975,61.5,4.92,0.076,0.133,21052.881,13482.675,11479.477,2017,February,Wednesday,7
752,2017-02-01 08:00:00,9.672,63.97,4.92,27.229,26.724,23725.424,15119.149,11566.312,2017,February,Wednesday,8
753,2017-02-01 09:00:00,9.962,64.61,4.917,182.583,185.633,26892.203,17782.979,13464.121,2017,February,Wednesday,9
754,2017-02-01 10:00:00,10.913,60.295,4.919,415.617,433.367,30457.627,19632.219,14973.106,2017,February,Wednesday,10
755,2017-02-01 11:00:00,11.402,59.047,4.92,565.35,600.267,33467.797,20682.675,15993.889,2017,February,Wednesday,11
756,2017-02-01 12:00:00,11.927,52.042,4.919,570.317,612.817,34818.305,21265.653,16672.161,2017,February,Wednesday,12
757,2017-02-01 13:00:00,12.638,45.193,4.922,582.067,617.617,34741.017,20899.696,17142.03,2017,February,Wednesday,13
758,2017-02-01 14:00:00,13.292,39.512,4.923,557.2,607.767,34357.627,20953.799,16980.905,2017,February,Wednesday,14
759,2017-02-01 15:00:00,13.798,37.483,4.92,471.383,534.433,33722.034,20745.897,16522.613,2017,February,Wednesday,15
760,2017-02-01 16:00:00,13.847,36.648,4.922,336.267,391.883,33081.356,20046.201,16019.94,2017,February,Wednesday,16
761,2017-02-01 17:00:00,13.383,41.922,4.917,170.733,207.717,34508.136,20586.018,18468.663,2017,February,Wednesday,17
762,2017-02-01 18:00:00,12.16,51.885,4.92,33.851,42.64,43026.102,25410.334,24837.467,2017,February,Wednesday,18
763,2017-02-01 19:00:00,11.063,57.443,4.918,0.187,0.206,43457.288,25536.17,25267.779,2017,February,Wednesday,19
764,2017-02-01 20:00:00,10.237,56.805,4.915,0.054,0.108,42988.475,25424.924,25660.462,2017,February,Wednesday,20
765,2017-02-01 21:00:00,10.3,55.807,4.919,0.054,0.116,41753.898,24967.781,25238.834,2017,February,Wednesday,21
766,2017-02-01 22:00:00,9.93,58.992,4.917,0.058,0.116,38633.898,23588.45,23703.799,2017,February,Wednesday,22
767,2017-02-01 23:00:00,9.127,62.107,4.919,0.049,0.134,33921.356,20463.222,20509.266,2017,February,Wednesday,23
768,2017-02-02 00:00:00,8.435,65.008,4.917,0.06,0.117,28840.678,17570.821,17522.171,2017,February,Thursday,0
769,2017-02-02 01:00:00,9.02,63.56,4.915,0.062,0.106,25653.559,15432.219,15941.789,2017,February,Thursday,1
770,2017-02-02 02:00:00,9.138,62.797,4.916,0.059,0.115,23737.627,14160.486,14829.347,2017,February,Thursday,2
771,2017-02-02 03:00:00,8.395,66.155,4.917,0.055,0.111,23001.356,13500.304,14413.508,2017,February,Thursday,3
772,2017-02-02 04:00:00,7.494,70.473,4.915,0.061,0.117,22627.119,13311.246,14259.136,2017,February,Thursday,4
773,2017-02-02 05:00:00,6.946,74.8,4.915,0.059,0.119,23176.271,13934.347,14775.317,2017,February,Thursday,5
774,2017-02-02 06:00:00,7.107,76.05,4.914,0.056,0.112,24233.898,14808.511,15090.814,2017,February,Thursday,6
775,2017-02-02 07:00:00,7.6,74.817,4.913,0.068,0.106,21895.932,13693.617,11472.724,2017,February,Thursday,7
776,2017-02-02 08:00:00,8.155,73.867,4.913,18.844,18.612,24453.559,15357.447,11479.477,2017,February,Thursday,8
777,2017-02-02 09:00:00,8.525,74.567,4.914,118.605,118.53,28283.39,17891.793,13377.286,2017,February,Thursday,9
778,2017-02-02 10:00:00,10.742,67.65,4.915,308.7,320.217,31821.356,19763.526,14943.196,2017,February,Thursday,10
779,2017-02-02 11:00:00,12.738,57.162,4.916,461.017,480.3,34241.695,21034.043,16490.774,2017,February,Thursday,11
780,2017-02-02 12:00:00,13.353,54.902,4.921,588.517,627.867,35466.102,21410.334,16763.819,2017,February,Thursday,12
781,2017-02-02 13:00:00,13.46,51.785,4.92,546.983,577.583,35698.983,21130.091,17212.462,2017,February,Thursday,13
782,2017-02-02 14:00:00,13.98,49.91,4.919,410.967,434.6,34854.915,21556.839,17236.583,2017,February,Thursday,14
783,2017-02-02 15:00:00,13.595,50.73,4.918,106.56,105.465,34916.949,21615.198,16908.543,2017,February,Thursday,15
784,2017-02-02 16:00:00,13.6,49.733,4.918,65.123,66.807,34286.441,20882.675,17033.005,2017,February,Thursday,16
785,2017-02-02 17:00:00,13.795,48.352,4.917,76.758,84.515,35731.525,21245.593,19447.96,2017,February,Thursday,17
786,2017-02-02 18:00:00,13.58,50.983,4.916,11.871,12.116,43570.169,25837.69,25587.136,2017,February,Thursday,18
787,2017-02-02 19:00:00,13.563,50.748,4.919,0.129,0.152,43256.949,25772.644,25997.186,2017,February,Thursday,19
788,2017-02-02 20:00:00,13.258,53.697,4.919,0.059,0.113,43035.254,25393.921,25925.789,2017,February,Thursday,20
789,2017-02-02 21:00:00,13.29,54.322,4.919,0.06,0.113,41303.39,24680.243,25362.332,2017,February,Thursday,21
790,2017-02-02 22:00:00,13.212,57.01,4.918,0.06,0.12,37837.627,22941.641,23733.709,2017,February,Thursday,22
791,2017-02-02 23:00:00,13.72,54.435,4.918,0.055,0.119,33217.627,20376.292,20993.608,2017,February,Thursday,23
792,2017-02-03 00:00:00,14.113,53.127,4.916,0.068,0.099,28589.492,17535.562,17864.683,2017,February,Friday,0
793,2017-02-03 01:00:00,14.148,54.167,4.918,0.063,0.103,25417.627,15298.48,16009.327,2017,February,Friday,1
794,2017-02-03 02:00:00,14.073,55.767,4.918,0.071,0.113,23666.441,14038.906,15003.98,2017,February,Friday,2
795,2017-02-03 03:00:00,14.008,57.21,4.918,0.076,0.106,22928.136,13537.386,14578.492,2017,February,Friday,3
796,2017-02-03 04:00:00,13.41,63.067,4.919,0.071,0.107,22885.424,13226.14,14291.94,2017,February,Friday,4
797,2017-02-03 05:00:00,12.82,70.215,4.914,0.061,0.138,23596.271,13882.675,14512.884,2017,February,Friday,5
798,2017-02-03 06:00:00,12.818,72.865,4.914,0.061,0.11,24388.475,14548.328,14411.578,2017,February,Friday,6
799,2017-02-03 07:00:00,12.798,73.6,4.916,0.066,0.103,21600.0,13354.407,10860.06,2017,February,Friday,7
800,2017-02-03 08:00:00,13.422,69.165,4.915,10.456,10.548,24137.288,15187.234,10813.749,2017,February,Friday,8
801,2017-02-03 09:00:00,13.792,66.13,4.914,84.955,86.288,28094.237,17668.693,12956.623,2017,February,Friday,9
802,2017-02-03 10:00:00,13.932,68.068,4.912,257.483,262.75,31423.729,19597.568,14813.91,2017,February,Friday,10
803,2017-02-03 11:00:00,14.36,65.915,4.914,214.617,219.767,33628.475,21058.359,15792.241,2017,February,Friday,11
804,2017-02-03 12:00:00,14.377,65.952,4.916,309.75,314.817,32729.492,20462.614,15889.688,2017,February,Friday,12
805,2017-02-03 13:00:00,14.823,61.97,0.176,523.633,555.833,32462.034,20241.945,15644.623,2017,February,Friday,13
806,2017-02-03 14:00:00,14.827,61.437,0.082,215.433,218.75,32350.169,19883.283,15169.93,2017,February,Friday,14
807,2017-02-03 15:00:00,15.083,56.988,0.082,128.852,130.618,31825.424,19718.541,14988.543,2017,February,Friday,15
808,2017-02-03 16:00:00,14.19,64.948,0.081,61.125,62.942,31406.441,19105.775,14811.015,2017,February,Friday,16
809,2017-02-03 17:00:00,14.432,64.49,0.08,58.442,60.422,32621.695,19868.693,17089.93,2017,February,Friday,17
810,2017-02-03 18:00:00,14.238,62.053,0.083,18.354,19.223,40895.593,24612.766,24356.02,2017,February,Friday,18
811,2017-02-03 19:00:00,14.303,60.258,0.081,0.116,0.14,41218.983,24693.617,25003.417,2017,February,Friday,19
812,2017-02-03 20:00:00,14.393,58.722,0.082,0.051,0.12,41316.61,24579.331,25401.889,2017,February,Friday,20
813,2017-02-03 21:00:00,12.838,74.03,0.081,0.07,0.112,39773.898,23742.857,24731.337,2017,February,Friday,21
814,2017-02-03 22:00:00,12.913,71.298,0.08,0.058,0.114,37381.017,22062.614,23565.829,2017,February,Friday,22
815,2017-02-03 23:00:00,13.248,67.453,0.08,0.064,0.116,33327.458,19789.058,20623.116,2017,February,Friday,23
816,2017-02-04 00:00:00,12.945,71.287,0.08,0.062,0.106,28849.831,16925.836,17734.432,2017,February,Saturday,0
817,2017-02-04 01:00:00,12.997,71.632,0.08,0.045,0.121,25538.644,14662.006,16057.568,2017,February,Saturday,1
818,2017-02-04 02:00:00,12.443,75.733,0.081,0.066,0.11,23695.932,13446.201,14929.688,2017,February,Saturday,2
819,2017-02-04 03:00:00,12.95,67.938,0.078,0.055,0.122,22654.576,12890.578,14232.121,2017,February,Saturday,3
820,2017-02-04 04:00:00,12.5,73.393,0.079,0.081,0.097,22301.695,12585.41,13981.266,2017,February,Saturday,4
821,2017-02-04 05:00:00,12.248,75.5,0.079,0.077,0.112,23194.576,13054.103,14601.648,2017,February,Saturday,5
822,2017-02-04 06:00:00,11.65,78.067,0.082,0.089,0.13,23746.78,13519.757,14605.508,2017,February,Saturday,6
823,2017-02-04 07:00:00,10.567,82.233,0.081,0.088,0.142,20790.508,11749.544,11107.055,2017,February,Saturday,7
824,2017-02-04 08:00:00,10.575,83.117,0.08,6.076,6.297,22753.22,13191.489,11377.206,2017,February,Saturday,8
825,2017-02-04 09:00:00,10.395,79.1,0.083,30.15,30.667,27128.136,15704.559,13453.508,2017,February,Saturday,9
826,2017-02-04 10:00:00,10.703,74.967,0.083,120.955,123.987,31021.017,17475.988,15263.518,2017,February,Saturday,10
827,2017-02-04 11:00:00,11.232,69.117,0.084,172.367,174.8,33339.661,18655.927,16322.894,2017,February,Saturday,11
828,2017-02-04 12:00:00,11.853,59.688,0.087,397.6,409.3,34263.051,19031.003,17091.859,2017,February,Saturday,12
829,2017-02-04 13:00:00,11.938,53.743,0.084,441.5,461.033,33941.695,19245.593,17745.045,2017,February,Saturday,13
830,2017-02-04 14:00:00,11.95,50.905,0.086,456.617,493.333,33882.712,19122.796,17936.08,2017,February,Saturday,14
831,2017-02-04 15:00:00,11.925,50.275,0.084,346.733,380.967,32074.576,18933.739,17190.271,2017,February,Saturday,15
832,2017-02-04 16:00:00,11.463,51.193,0.085,132.403,144.147,31310.847,17758.663,16621.99,2017,February,Saturday,16
833,2017-02-04 17:00:00,11.795,53.035,0.085,195.95,232.083,32930.847,18530.699,18776.442,2017,February,Saturday,17
834,2017-02-04 18:00:00,10.755,54.64,0.084,29.814,34.612,41090.847,23526.444,25319.879,2017,February,Saturday,18
835,2017-02-04 19:00:00,10.348,52.615,0.083,0.225,0.271,41698.983,23925.228,25941.226,2017,February,Saturday,19
836,2017-02-04 20:00:00,10.2,51.183,0.089,0.061,0.122,40801.017,23758.055,25916.141,2017,February,Saturday,20
837,2017-02-04 21:00:00,9.385,53.193,0.09,0.051,0.111,39712.881,23327.66,25313.126,2017,February,Saturday,21
838,2017-02-04 22:00:00,8.99,53.113,0.086,0.076,0.103,36664.068,22219.453,24163.055,2017,February,Saturday,22
839,2017-02-04 23:00:00,8.837,50.125,0.09,0.053,0.11,32612.542,20015.198,21652.583,2017,February,Saturday,23
840,2017-02-05 00:00:00,8.525,49.167,0.09,0.054,0.115,28068.814,17015.198,18508.221,2017,February,Sunday,0
841,2017-02-05 01:00:00,8.205,51.362,0.093,0.06,0.096,24791.186,14726.444,16248.603,2017,February,Sunday,1
842,2017-02-05 02:00:00,8.197,54.392,0.091,0.059,0.119,22713.559,13330.699,15073.447,2017,February,Sunday,2
843,2017-02-05 03:00:00,8.182,56.36,0.09,0.053,0.113,21679.322,12617.629,14501.307,2017,February,Sunday,3
844,2017-02-05 04:00:00,7.735,59.272,0.09,0.06,0.115,21509.492,12513.07,14306.412,2017,February,Sunday,4
845,2017-02-05 05:00:00,7.183,62.187,0.089,0.07,0.118,21921.356,13158.055,14584.281,2017,February,Sunday,5
846,2017-02-05 06:00:00,6.744,60.567,0.092,0.057,0.112,21850.169,13043.161,14594.894,2017,February,Sunday,6
847,2017-02-05 07:00:00,6.504,56.762,0.091,0.082,0.129,18455.593,10869.301,11201.608,2017,February,Sunday,7
848,2017-02-05 08:00:00,6.53,55.838,0.087,34.888,32.237,19477.627,11041.945,11197.749,2017,February,Sunday,8
849,2017-02-05 09:00:00,6.851,57.172,0.089,202.25,192.133,22492.881,12709.422,12806.111,2017,February,Sunday,9
850,2017-02-05 10:00:00,8.282,50.473,0.087,361.15,379.117,25870.169,14844.985,14616.121,2017,February,Sunday,10
851,2017-02-05 11:00:00,9.2,47.613,0.087,494.7,527.75,28730.847,16155.623,15967.839,2017,February,Sunday,11
852,2017-02-05 12:00:00,9.883,46.71,0.087,583.067,630.833,30022.373,16899.696,17040.724,2017,February,Sunday,12
853,2017-02-05 13:00:00,10.735,43.178,0.088,612.417,670.717,30738.305,17137.994,17188.342,2017,February,Sunday,13
854,2017-02-05 14:00:00,11.385,40.478,0.087,577.967,277.602,30136.271,16899.088,16731.98,2017,February,Sunday,14
855,2017-02-05 15:00:00,11.828,35.993,0.087,492.533,36.703,29216.949,16541.641,16392.362,2017,February,Sunday,15
856,2017-02-05 16:00:00,11.553,38.108,0.086,355.183,39.553,28004.746,16194.529,16249.568,2017,February,Sunday,16
857,2017-02-05 17:00:00,11.067,41.698,0.085,185.967,150.75,28943.39,16812.158,17698.734,2017,February,Sunday,17
858,2017-02-05 18:00:00,9.875,50.29,0.086,41.852,49.929,37625.085,22007.903,24474.693,2017,February,Sunday,18
859,2017-02-05 19:00:00,8.917,53.268,0.086,0.28,0.318,39110.847,22472.948,25056.482,2017,February,Sunday,19
860,2017-02-05 20:00:00,8.59,53.783,0.086,0.066,0.103,39199.322,23017.021,25101.829,2017,February,Sunday,20
861,2017-02-05 21:00:00,9.295,46.95,0.084,0.071,0.113,38495.593,23211.55,24450.573,2017,February,Sunday,21
862,2017-02-05 22:00:00,9.987,46.522,0.083,0.06,0.103,36956.949,22007.903,22772.744,2017,February,Sunday,22
863,2017-02-05 23:00:00,10.378,45.455,0.084,0.062,0.106,32230.169,19775.076,20369.367,2017,February,Sunday,23
864,2017-02-06 00:00:00,9.792,49.32,0.09,0.06,0.104,27643.729,16850.456,17439.196,2017,February,Monday,0
865,2017-02-06 01:00:00,10.083,49.9,0.087,0.049,0.099,24456.61,14784.802,15597.347,2017,February,Monday,1
866,2017-02-06 02:00:00,10.498,48.218,0.087,0.067,0.109,22840.678,13454.711,14584.281,2017,February,Monday,2
867,2017-02-06 03:00:00,10.312,49.047,0.088,0.057,0.113,22010.847,13097.872,14058.452,2017,February,Monday,3
868,2017-02-06 04:00:00,10.565,46.923,0.086,0.072,0.098,21822.712,12986.018,14003.457,2017,February,Monday,4
869,2017-02-06 05:00:00,10.545,46.898,0.085,0.071,0.124,22631.186,13617.629,14373.95,2017,February,Monday,5
870,2017-02-06 06:00:00,10.51,48.637,0.085,0.059,0.104,23244.407,14094.833,14191.598,2017,February,Monday,6
871,2017-02-06 07:00:00,10.143,51.97,0.084,0.064,0.116,20829.153,12914.894,10808.925,2017,February,Monday,7
872,2017-02-06 08:00:00,10.073,52.737,0.083,29.82,18.265,23543.39,14621.277,11082.935,2017,February,Monday,8
873,2017-02-06 09:00:00,10.285,52.592,0.085,93.005,57.047,27411.864,17117.325,12760.764,2017,February,Monday,9
874,2017-02-06 10:00:00,10.783,51.582,0.086,269.867,99.72,30993.559,19067.477,14493.588,2017,February,Monday,10
875,2017-02-06 11:00:00,10.915,53.385,0.084,286.333,190.9,33154.576,20041.945,16088.442,2017,February,Monday,11
876,2017-02-06 12:00:00,11.567,51.342,0.086,411.333,126.667,34112.542,20727.66,16511.035,2017,February,Monday,12
877,2017-02-06 13:00:00,11.81,49.512,0.087,410.4,204.467,33669.153,20412.766,16618.131,2017,February,Monday,13
878,2017-02-06 14:00:00,12.532,44.985,0.084,534.133,204.183,33209.492,20567.781,16341.226,2017,February,Monday,14
879,2017-02-06 15:00:00,12.388,47.233,0.088,373.15,175.0,32669.492,20448.024,16120.281,2017,February,Monday,15
880,2017-02-06 16:00:00,12.508,41.952,0.086,329.267,131.4,31565.085,19790.881,15653.307,2017,February,Monday,16
881,2017-02-06 17:00:00,12.388,40.857,0.086,209.883,211.333,32368.475,19410.942,17101.508,2017,February,Monday,17
882,2017-02-06 18:00:00,11.275,45.437,0.086,42.123,49.838,41020.678,24212.766,24377.246,2017,February,Monday,18
883,2017-02-06 19:00:00,10.102,48.932,0.087,0.291,0.329,41829.153,24943.465,25010.171,2017,February,Monday,19
884,2017-02-06 20:00:00,9.138,54.803,0.089,0.058,0.103,41846.441,24841.337,25036.221,2017,February,Monday,20
885,2017-02-06 21:00:00,8.527,58.075,0.088,0.058,0.107,40136.949,24368.997,24468.905,2017,February,Monday,21
886,2017-02-06 22:00:00,7.99,61.075,0.087,0.059,0.11,37309.831,22553.191,22984.04,2017,February,Monday,22
887,2017-02-06 23:00:00,7.605,62.975,0.085,0.056,0.096,32655.254,19779.331,20223.678,2017,February,Monday,23
888,2017-02-07 00:00:00,7.113,64.943,0.088,0.041,0.124,27538.983,17006.687,17300.261,2017,February,Tuesday,0
889,2017-02-07 01:00:00,6.752,66.168,0.086,0.045,0.121,24531.864,14775.076,15509.548,2017,February,Tuesday,1
890,2017-02-07 02:00:00,6.744,64.955,0.087,0.057,0.116,23066.441,13600.608,14752.161,2017,February,Tuesday,2
891,2017-02-07 03:00:00,6.346,66.05,0.087,0.059,0.111,22287.458,13113.678,14225.367,2017,February,Tuesday,3
892,2017-02-07 04:00:00,6.768,63.505,0.086,0.074,0.106,22338.305,13170.821,13898.291,2017,February,Tuesday,4
893,2017-02-07 05:00:00,6.663,63.255,0.085,0.052,0.103,23040.0,13713.678,14274.573,2017,February,Tuesday,5
894,2017-02-07 06:00:00,7.191,60.752,0.087,0.07,0.099,23720.339,14258.967,14045.91,2017,February,Tuesday,6
895,2017-02-07 07:00:00,6.576,64.557,0.086,0.084,0.133,21077.288,13271.733,10771.296,2017,February,Tuesday,7
896,2017-02-07 08:00:00,7.592,61.737,0.09,35.059,24.799,23766.102,14981.763,11056.884,2017,February,Tuesday,8
897,2017-02-07 09:00:00,8.34,59.182,0.09,81.892,72.823,27814.576,17290.578,13013.548,2017,February,Tuesday,9
898,2017-02-07 10:00:00,9.775,54.918,0.088,126.317,121.867,31033.22,19019.453,14663.397,2017,February,Tuesday,10
899,2017-02-07 11:00:00,11.538,50.413,0.086,225.183,171.867,33565.424,19955.015,15712.161,2017,February,Tuesday,11
900,2017-02-07 12:00:00,11.332,55.698,0.087,128.017,128.367,34052.542,20854.711,16606.553,2017,February,Tuesday,12
901,2017-02-07 13:00:00,10.477,65.925,0.083,147.6,146.217,34037.288,20730.699,16575.678,2017,February,Tuesday,13
902,2017-02-07 14:00:00,10.367,68.865,0.086,95.573,95.887,33563.39,20640.729,16194.573,2017,February,Tuesday,14
903,2017-02-07 15:00:00,9.975,78.083,0.084,160.25,157.317,32832.203,20198.784,16018.01,2017,February,Tuesday,15
904,2017-02-07 16:00:00,10.368,79.183,0.078,109.918,108.158,31540.678,19405.471,15634.975,2017,February,Tuesday,16
905,2017-02-07 17:00:00,10.13,75.05,0.079,48.822,47.44,32829.153,19882.067,17518.312,2017,February,Tuesday,17
906,2017-02-07 18:00:00,9.707,74.25,0.076,15.552,15.43,41173.22,24544.073,24381.106,2017,February,Tuesday,18
907,2017-02-07 19:00:00,9.182,79.95,0.082,0.128,0.224,41587.119,24652.28,24891.497,2017,February,Tuesday,19
908,2017-02-07 20:00:00,8.637,85.05,0.075,0.056,0.149,41333.898,24722.188,25032.362,2017,February,Tuesday,20
909,2017-02-07 21:00:00,8.618,86.917,0.082,0.054,0.15,40120.678,24208.511,24356.985,2017,February,Tuesday,21
910,2017-02-07 22:00:00,8.648,88.317,0.084,0.069,0.166,37333.22,22631.003,22861.508,2017,February,Tuesday,22
911,2017-02-07 23:00:00,8.232,89.017,0.073,0.058,0.162,32901.356,20224.316,20593.206,2017,February,Tuesday,23
912,2017-02-08 00:00:00,7.572,89.883,0.074,0.063,0.15,27966.102,17275.38,17477.789,2017,February,Wednesday,0
913,2017-02-08 01:00:00,6.984,90.383,0.074,0.056,0.164,24776.949,15129.483,15303.075,2017,February,Wednesday,1
914,2017-02-08 02:00:00,6.826,90.083,0.073,0.059,0.153,23193.559,14057.751,14472.362,2017,February,Wednesday,2
915,2017-02-08 03:00:00,6.854,89.633,0.072,0.06,0.147,22249.831,13311.246,14091.256,2017,February,Wednesday,3
916,2017-02-08 04:00:00,7.305,89.233,0.072,0.06,0.151,22107.458,13035.866,13814.352,2017,February,Wednesday,4
917,2017-02-08 05:00:00,7.387,89.85,0.073,0.07,0.152,23013.559,13789.666,14356.583,2017,February,Wednesday,5
918,2017-02-08 06:00:00,6.589,90.333,0.081,0.059,0.149,23604.407,14319.149,13728.482,2017,February,Wednesday,6
919,2017-02-08 07:00:00,5.612,90.567,0.081,0.071,0.15,21206.441,13071.125,10797.347,2017,February,Wednesday,7
920,2017-02-08 08:00:00,5.459,90.483,3.464,12.507,12.437,24068.136,14702.128,11059.779,2017,February,Wednesday,8
921,2017-02-08 09:00:00,5.923,90.283,4.922,72.44,64.128,27895.932,17275.988,12993.286,2017,February,Wednesday,9
922,2017-02-08 10:00:00,6.945,89.267,4.919,256.617,129.717,30524.746,18972.036,14719.357,2017,February,Wednesday,10
923,2017-02-08 11:00:00,9.58,87.1,4.919,364.667,243.833,32975.593,20016.413,15863.638,2017,February,Wednesday,11
924,2017-02-08 12:00:00,10.335,80.3,4.917,154.333,157.167,33777.966,20767.781,16398.151,2017,February,Wednesday,12
925,2017-02-08 13:00:00,10.957,75.033,4.919,281.783,238.867,33950.847,20486.322,16436.744,2017,February,Wednesday,13
926,2017-02-08 14:00:00,10.873,75.8,4.917,217.817,217.25,32930.847,20449.848,16161.769,2017,February,Wednesday,14
927,2017-02-08 15:00:00,11.49,74.433,4.914,180.15,158.8,32457.966,20206.079,15913.809,2017,February,Wednesday,15
928,2017-02-08 16:00:00,11.63,71.488,4.917,81.667,82.29,31667.797,19260.182,15449.729,2017,February,Wednesday,16
929,2017-02-08 17:00:00,12.198,66.82,4.916,136.767,141.867,32431.525,19404.863,16753.206,2017,February,Wednesday,17
930,2017-02-08 18:00:00,10.378,81.6,4.919,18.271,18.118,40898.644,24417.021,24097.447,2017,February,Wednesday,18
931,2017-02-08 19:00:00,9.55,86.05,4.918,0.214,0.316,41652.203,24871.733,25002.452,2017,February,Wednesday,19
932,2017-02-08 20:00:00,9.372,85.583,4.918,0.063,0.164,41754.915,24724.62,25335.317,2017,February,Wednesday,20
933,2017-02-08 21:00:00,9.275,88.0,4.917,0.066,0.16,40429.831,24421.884,24789.226,2017,February,Wednesday,21
934,2017-02-08 22:00:00,9.873,87.3,4.919,0.058,0.177,37174.576,22717.325,22838.352,2017,February,Wednesday,22
935,2017-02-08 23:00:00,11.798,69.91,4.919,0.059,0.14,32566.78,19832.827,20007.558,2017,February,Wednesday,23
936,2017-02-09 00:00:00,11.96,68.075,4.919,0.05,0.138,28252.881,16975.684,17471.035,2017,February,Thursday,0
937,2017-02-09 01:00:00,11.978,67.812,4.918,0.051,0.146,24952.881,14809.119,15602.171,2017,February,Thursday,1
938,2017-02-09 02:00:00,11.593,66.795,4.92,0.056,0.134,23156.949,13586.018,14478.151,2017,February,Thursday,2
939,2017-02-09 03:00:00,11.367,66.005,4.916,0.059,0.107,22269.153,13102.736,14198.352,2017,February,Thursday,3
940,2017-02-09 04:00:00,11.21,66.827,4.917,0.055,0.122,22706.441,13150.152,14235.98,2017,February,Thursday,4
941,2017-02-09 05:00:00,11.267,65.337,4.918,0.062,0.125,23360.339,13854.103,14528.322,2017,February,Thursday,5
942,2017-02-09 06:00:00,11.315,66.433,4.917,0.067,0.123,23470.169,14282.675,13645.508,2017,February,Thursday,6
943,2017-02-09 07:00:00,11.217,66.695,4.919,0.093,0.126,21018.305,13114.894,10703.759,2017,February,Thursday,7
944,2017-02-09 08:00:00,10.423,70.813,4.918,31.226,24.999,23693.898,15076.596,11253.709,2017,February,Thursday,8
945,2017-02-09 09:00:00,11.885,66.532,4.92,195.283,60.378,27317.288,17454.711,12813.829,2017,February,Thursday,9
946,2017-02-09 10:00:00,13.18,59.912,4.915,329.15,68.423,30429.153,19439.514,14601.648,2017,February,Thursday,10
947,2017-02-09 11:00:00,14.058,58.058,4.916,488.633,80.083,32617.627,20438.906,15677.427,2017,February,Thursday,11
948,2017-02-09 12:00:00,14.517,54.112,4.916,575.267,67.793,33796.271,20890.578,16207.116,2017,February,Thursday,12
949,2017-02-09 13:00:00,14.59,55.918,4.918,498.883,94.667,33461.695,20854.711,16469.548,2017,February,Thursday,13
950,2017-02-09 14:00:00,14.525,56.972,4.918,402.75,126.067,33327.458,20775.684,16284.302,2017,February,Thursday,14
951,2017-02-09 15:00:00,14.393,60.07,4.918,396.775,130.167,32665.424,20368.997,15908.02,2017,February,Thursday,15
952,2017-02-09 16:00:00,13.502,63.217,4.919,125.252,126.798,32157.966,19626.14,15637.869,2017,February,Thursday,16
953,2017-02-09 17:00:00,13.622,59.82,4.919,96.333,98.883,33030.508,20267.477,17182.553,2017,February,Thursday,17
954,2017-02-09 18:00:00,13.493,62.182,4.918,19.472,20.25,41154.915,24850.456,24235.417,2017,February,Thursday,18
955,2017-02-09 19:00:00,13.443,62.167,4.92,0.108,0.158,41431.525,25257.751,24832.643,2017,February,Thursday,19
956,2017-02-09 20:00:00,13.583,62.758,4.918,0.061,0.121,41607.458,25116.717,25126.915,2017,February,Thursday,20
957,2017-02-09 21:00:00,13.605,64.05,4.916,0.061,0.104,40235.593,24669.909,24629.065,2017,February,Thursday,21
958,2017-02-09 22:00:00,13.535,66.438,4.912,0.049,0.105,37764.407,22998.176,23040.0,2017,February,Thursday,22
959,2017-02-09 23:00:00,13.453,67.45,4.914,0.056,0.109,33258.305,20325.228,20147.457,2017,February,Thursday,23
960,2017-02-10 00:00:00,13.188,70.08,4.912,0.064,0.114,28492.881,17398.784,17263.598,2017,February,Friday,0
961,2017-02-10 01:00:00,12.828,71.4,4.912,0.073,0.123,25236.61,14987.842,15431.397,2017,February,Friday,1
962,2017-02-10 02:00:00,12.467,75.683,4.915,0.063,0.122,23356.271,13759.878,14423.156,2017,February,Friday,2
963,2017-02-10 03:00:00,11.883,80.917,4.917,0.076,0.114,22349.492,13306.991,13824.965,2017,February,Friday,3
964,2017-02-10 04:00:00,11.918,81.117,4.917,0.056,0.117,22409.492,13122.188,13573.146,2017,February,Friday,4
965,2017-02-10 05:00:00,12.055,81.15,4.92,0.068,0.11,23235.254,13864.438,14002.492,2017,February,Friday,5
966,2017-02-10 06:00:00,12.25,80.8,4.917,0.064,0.115,23542.373,14427.356,13526.834,2017,February,Friday,6
967,2017-02-10 07:00:00,11.905,82.817,4.917,0.073,0.133,21601.017,13618.237,10669.025,2017,February,Friday,7
968,2017-02-10 08:00:00,11.533,85.833,4.919,3.45,3.5,24167.797,15683.891,10930.492,2017,February,Friday,8
969,2017-02-10 09:00:00,11.497,87.05,4.92,31.672,31.56,24009.153,18218.845,12628.583,2017,February,Friday,9
970,2017-02-10 10:00:00,11.802,84.8,4.917,60.613,60.528,28217.288,20377.508,14500.342,2017,February,Friday,10
971,2017-02-10 11:00:00,11.897,83.85,4.917,103.667,103.35,30434.237,21158.663,15764.261,2017,February,Friday,11
972,2017-02-10 12:00:00,11.73,87.233,4.919,94.733,94.917,30773.898,21589.058,16370.171,2017,February,Friday,12
973,2017-02-10 13:00:00,11.845,86.4,4.918,147.567,146.617,31325.085,20923.404,16702.07,2017,February,Friday,13
974,2017-02-10 14:00:00,12.495,85.35,4.919,339.75,298.933,32817.966,21024.924,16475.337,2017,February,Friday,14
975,2017-02-10 15:00:00,13.228,78.65,4.919,309.183,277.25,34133.898,21656.535,16502.352,2017,February,Friday,15
976,2017-02-10 16:00:00,13.483,75.3,4.917,324.25,309.733,35199.661,21530.091,16840.04,2017,February,Friday,16
977,2017-02-10 17:00:00,13.842,73.317,4.916,200.983,212.15,36808.475,22247.416,18811.176,2017,February,Friday,17
978,2017-02-10 18:00:00,13.288,72.3,4.916,42.956,46.089,42954.915,25780.547,25157.789,2017,February,Friday,18
979,2017-02-10 19:00:00,12.56,75.033,4.917,0.444,0.503,42746.441,25432.827,25458.814,2017,February,Friday,19
980,2017-02-10 20:00:00,11.255,78.867,4.915,0.045,0.132,42294.915,25309.422,25585.206,2017,February,Friday,20
981,2017-02-10 21:00:00,10.268,81.417,4.916,0.06,0.122,40395.254,24491.185,24778.613,2017,February,Friday,21
982,2017-02-10 22:00:00,10.722,79.95,4.915,0.059,0.13,37217.288,22643.769,23151.92,2017,February,Friday,22
983,2017-02-10 23:00:00,11.638,76.283,4.914,0.055,0.118,33295.932,20426.748,20887.477,2017,February,Friday,23
984,2017-02-11 00:00:00,12.25,74.517,4.916,0.052,0.123,28397.288,17296.049,17859.859,2017,February,Saturday,0
985,2017-02-11 01:00:00,12.355,75.433,4.915,0.057,0.126,25130.847,15021.884,16036.342,2017,February,Saturday,1
986,2017-02-11 02:00:00,12.42,76.25,4.914,0.066,0.114,23472.203,13715.502,14907.497,2017,February,Saturday,2
987,2017-02-11 03:00:00,12.353,77.15,4.915,0.049,0.123,22478.644,13161.702,14293.869,2017,February,Saturday,3
988,2017-02-11 04:00:00,12.31,75.833,4.914,0.061,0.135,22174.576,13171.429,13985.126,2017,February,Saturday,4
989,2017-02-11 05:00:00,12.12,76.533,4.916,0.052,0.123,23248.475,13724.012,14367.196,2017,February,Saturday,5
990,2017-02-11 06:00:00,11.95,77.533,4.915,0.055,0.119,23439.661,13987.842,13435.176,2017,February,Saturday,6
991,2017-02-11 07:00:00,10.64,81.8,4.915,0.107,0.169,20712.203,12330.091,10388.261,2017,February,Saturday,7
992,2017-02-11 08:00:00,10.068,84.05,4.914,30.254,28.494,22921.017,14044.377,10766.472,2017,February,Saturday,8
993,2017-02-11 09:00:00,10.637,83.933,4.915,174.883,94.967,26440.678,16366.565,12686.472,2017,February,Saturday,9
994,2017-02-11 10:00:00,13.477,75.763,4.913,351.5,91.917,30461.695,18749.544,14676.905,2017,February,Saturday,10
995,2017-02-11 11:00:00,14.992,58.86,4.758,496.333,227.7,33016.271,19987.234,16338.332,2017,February,Saturday,11
996,2017-02-11 12:00:00,15.252,63.995,0.076,404.933,346.85,34001.695,20632.827,17115.98,2017,February,Saturday,12
997,2017-02-11 13:00:00,15.017,62.998,0.077,379.35,350.617,34365.763,20536.778,17125.628,2017,February,Saturday,13
998,2017-02-11 14:00:00,14.632,63.282,0.078,285.35,274.75,34158.305,20575.684,17365.869,2017,February,Saturday,14
999,2017-02-11 15:00:00,14.388,65.827,0.089,245.433,235.917,33336.61,19777.508,17047.477,2017,February,Saturday,15
1000,2017-02-11 16:00:00,14.148,67.138,0.08,111.783,112.45,33714.915,20030.395,17319.558,2017,February,Saturday,16
1001,2017-02-11 17:00:00,13.902,68.618,0.082,55.173,55.15,34611.864,20390.881,18267.98,2017,February,Saturday,17
1002,2017-02-11 18:00:00,13.668,72.583,0.074,19.412,19.176,41731.525,24714.894,24970.613,2017,February,Saturday,18
1003,2017-02-11 19:00:00,13.058,76.083,0.075,0.432,0.5,43072.881,25614.59,25773.347,2017,February,Saturday,19
1004,2017-02-11 20:00:00,11.713,78.583,0.076,0.057,0.128,42277.627,25124.62,25617.045,2017,February,Saturday,20
1005,2017-02-11 21:00:00,11.483,80.267,0.074,0.062,0.129,40531.525,24158.055,24886.673,2017,February,Saturday,21
1006,2017-02-11 22:00:00,11.363,82.4,0.075,0.06,0.109,37740.0,22748.328,24021.226,2017,February,Saturday,22
1007,2017-02-11 23:00:00,11.4,85.267,0.076,0.058,0.121,33827.797,20335.562,21307.176,2017,February,Saturday,23
1008,2017-02-12 00:00:00,11.2,87.1,0.073,0.053,0.158,29035.932,17466.869,18438.754,2017,February,Sunday,0
1009,2017-02-12 01:00:00,11.035,88.817,0.071,0.07,0.166,25476.61,14959.878,16372.101,2017,February,Sunday,1
1010,2017-02-12 02:00:00,11.01,89.85,0.078,0.061,0.158,23300.339,13151.368,15003.015,2017,February,Sunday,2
1011,2017-02-12 03:00:00,11.02,90.6,0.082,0.05,0.186,22223.39,12379.331,14424.121,2017,February,Sunday,3
1012,2017-02-12 04:00:00,10.798,91.083,0.08,0.066,0.165,21827.797,12128.875,14147.216,2017,February,Sunday,4
1013,2017-02-12 05:00:00,10.81,91.6,0.082,0.063,0.153,22622.034,12637.69,14503.236,2017,February,Sunday,5
1014,2017-02-12 06:00:00,10.638,92.067,0.081,0.066,0.165,22328.136,12488.754,13195.899,2017,February,Sunday,6
1015,2017-02-12 07:00:00,10.668,92.4,0.078,0.086,0.171,19239.661,10237.69,10189.508,2017,February,Sunday,7
1016,2017-02-12 08:00:00,10.768,92.267,0.081,5.027,5.082,19949.492,10881.459,10518.513,2017,February,Sunday,8
1017,2017-02-12 09:00:00,10.913,92.217,0.082,49.682,47.827,22930.169,12620.061,12226.251,2017,February,Sunday,9
1018,2017-02-12 10:00:00,11.773,91.933,0.084,209.5,161.983,26718.305,14772.036,14089.327,2017,February,Sunday,10
1019,2017-02-12 11:00:00,13.743,83.45,0.085,447.3,212.583,29840.339,16296.049,15457.447,2017,February,Sunday,11
1020,2017-02-12 12:00:00,13.815,79.683,0.072,183.783,167.883,32233.22,17885.714,16856.442,2017,February,Sunday,12
1021,2017-02-12 13:00:00,12.943,85.367,0.072,218.917,217.333,33427.119,18779.331,18227.457,2017,February,Sunday,13
1022,2017-02-12 14:00:00,13.345,83.567,0.074,175.817,174.583,33415.932,18866.869,18425.246,2017,February,Sunday,14
1023,2017-02-12 15:00:00,12.952,85.5,0.074,193.117,190.4,32461.017,18483.283,17933.186,2017,February,Sunday,15
1024,2017-02-12 16:00:00,12.983,85.617,0.071,165.333,163.1,31994.237,18203.04,17953.447,2017,February,Sunday,16
1025,2017-02-12 17:00:00,13.245,82.233,0.072,73.333,72.573,34186.78,19430.395,19924.583,2017,February,Sunday,17
1026,2017-02-12 18:00:00,13.005,83.167,0.073,10.994,11.122,41546.441,24075.38,25841.849,2017,February,Sunday,18
1027,2017-02-12 19:00:00,12.668,86.4,0.072,0.231,0.322,42897.966,25207.295,26652.302,2017,February,Sunday,19
1028,2017-02-12 20:00:00,12.557,87.283,0.072,0.066,0.179,43332.203,25848.632,26589.588,2017,February,Sunday,20
1029,2017-02-12 21:00:00,12.065,88.25,0.078,0.052,0.16,39024.407,25441.945,25572.663,2017,February,Sunday,21
1030,2017-02-12 22:00:00,11.425,89.317,0.076,0.055,0.171,37397.288,23319.757,23194.372,2017,February,Sunday,22
1031,2017-02-12 23:00:00,11.023,90.45,0.083,0.05,0.17,32052.203,19770.821,19711.357,2017,February,Sunday,23
1032,2017-02-13 00:00:00,10.383,90.783,0.08,0.061,0.178,27457.627,16811.55,17037.829,2017,February,Monday,0
1033,2017-02-13 01:00:00,9.632,91.017,0.08,0.059,0.171,24699.661,14672.948,15372.543,2017,February,Monday,1
1034,2017-02-13 02:00:00,8.91,90.817,0.08,0.062,0.123,23251.525,13627.356,14674.975,2017,February,Monday,2
1035,2017-02-13 03:00:00,8.458,90.65,0.081,0.06,0.147,22372.881,13089.362,14360.442,2017,February,Monday,3
1036,2017-02-13 04:00:00,8.352,90.317,0.084,0.064,0.142,22283.39,13157.447,14402.894,2017,February,Monday,4
1037,2017-02-13 05:00:00,8.572,89.983,0.082,0.06,0.141,23600.339,13925.228,14718.392,2017,February,Monday,5
1038,2017-02-13 06:00:00,8.638,89.183,0.082,0.063,0.13,24388.475,14644.377,13706.291,2017,February,Monday,6
1039,2017-02-13 07:00:00,8.567,89.05,0.081,0.103,0.166,24268.475,15200.608,11516.141,2017,February,Monday,7
1040,2017-02-13 08:00:00,8.752,87.467,0.081,28.118,27.568,26246.441,16120.973,11635.779,2017,February,Monday,8
1041,2017-02-13 09:00:00,9.023,85.933,0.085,201.367,162.4,29490.508,18269.909,13385.97,2017,February,Monday,9
1042,2017-02-13 10:00:00,10.933,82.7,0.084,374.567,74.36,32599.322,19992.705,15135.196,2017,February,Monday,10
1043,2017-02-13 11:00:00,13.025,75.783,0.084,508.917,61.34,34753.22,21015.198,16418.412,2017,February,Monday,11
1044,2017-02-13 12:00:00,15.05,69.315,0.084,587.933,67.182,36746.441,22226.748,17642.774,2017,February,Monday,12
1045,2017-02-13 13:00:00,16.518,57.495,0.085,630.3,97.167,38398.983,22694.833,17702.593,2017,February,Monday,13
1046,2017-02-13 14:00:00,17.51,54.715,0.084,680.0,163.05,36230.847,21790.274,17051.337,2017,February,Monday,14
1047,2017-02-13 15:00:00,17.28,53.868,0.088,282.367,170.867,35532.203,22110.638,16834.251,2017,February,Monday,15
1048,2017-02-13 16:00:00,16.565,54.71,0.087,118.803,115.75,34823.39,21248.632,16689.528,2017,February,Monday,16
1049,2017-02-13 17:00:00,15.857,55.427,0.085,57.203,58.645,35093.898,20885.714,17419.899,2017,February,Monday,17
1050,2017-02-13 18:00:00,15.515,59.667,0.085,44.158,48.395,43058.644,25652.888,24448.643,2017,February,Monday,18
1051,2017-02-13 19:00:00,14.397,67.628,0.082,0.649,0.682,44152.881,26267.477,25356.543,2017,February,Monday,19
1052,2017-02-13 20:00:00,13.952,68.667,0.083,0.056,0.125,44059.322,26030.395,25296.724,2017,February,Monday,20
1053,2017-02-13 21:00:00,13.54,70.71,0.083,0.064,0.116,42099.661,25389.058,24678.271,2017,February,Monday,21
1054,2017-02-13 22:00:00,12.677,72.597,0.084,0.055,0.126,38153.898,23271.125,22807.477,2017,February,Monday,22
1055,2017-02-13 23:00:00,11.75,76.0,0.084,0.059,0.13,32650.169,19943.465,19545.407,2017,February,Monday,23
1056,2017-02-14 00:00:00,11.253,74.9,0.086,0.05,0.112,27930.508,17069.909,17156.503,2017,February,Tuesday,0
1057,2017-02-14 01:00:00,10.938,75.05,0.085,0.043,0.135,24953.898,14801.824,15497.97,2017,February,Tuesday,1
1058,2017-02-14 02:00:00,10.87,73.4,0.085,0.044,0.124,23179.322,13612.766,14603.578,2017,February,Tuesday,2
1059,2017-02-14 03:00:00,10.33,73.8,0.085,0.049,0.136,22387.119,13091.793,14078.714,2017,February,Tuesday,3
1060,2017-02-14 04:00:00,10.813,72.467,0.085,0.049,0.124,22696.271,13047.416,13831.719,2017,February,Tuesday,4
1061,2017-02-14 05:00:00,11.292,69.56,0.086,0.055,0.124,23941.017,13774.468,14437.628,2017,February,Tuesday,5
1062,2017-02-14 06:00:00,12.868,63.268,0.083,0.056,0.122,24434.237,14369.605,13981.266,2017,February,Tuesday,6
1063,2017-02-14 07:00:00,12.285,64.257,0.088,0.188,0.237,24242.034,14849.848,11381.065,2017,February,Tuesday,7
1064,2017-02-14 08:00:00,13.138,62.382,0.083,55.47,55.72,25103.39,16311.246,11452.462,2017,February,Tuesday,8
1065,2017-02-14 09:00:00,14.278,56.14,0.083,217.783,209.117,27499.322,18021.277,13298.171,2017,February,Tuesday,9
1066,2017-02-14 10:00:00,15.205,54.247,0.083,467.717,245.483,29987.797,19445.593,14633.487,2017,February,Tuesday,10
1067,2017-02-14 11:00:00,16.067,52.432,0.083,553.333,153.067,32075.593,20427.356,15877.146,2017,February,Tuesday,11
1068,2017-02-14 12:00:00,16.522,53.468,0.082,668.533,258.633,32955.254,21308.815,16510.07,2017,February,Tuesday,12
1069,2017-02-14 13:00:00,16.557,56.515,0.082,680.233,256.117,32945.085,21415.198,16659.618,2017,February,Tuesday,13
1070,2017-02-14 14:00:00,15.96,59.558,0.082,414.283,251.017,32275.932,21302.128,16391.397,2017,February,Tuesday,14
1071,2017-02-14 15:00:00,16.393,58.568,0.088,470.317,415.567,28078.983,22627.964,16469.548,2017,February,Tuesday,15
1072,2017-02-14 16:00:00,15.953,59.113,0.08,204.15,203.15,28557.966,22750.76,15772.945,2017,February,Tuesday,16
1073,2017-02-14 17:00:00,15.685,59.595,0.08,88.153,86.798,29089.831,22228.571,16757.065,2017,February,Tuesday,17
1074,2017-02-14 18:00:00,15.53,61.507,0.081,61.483,63.762,37495.932,28399.392,24482.412,2017,February,Tuesday,18
1075,2017-02-14 19:00:00,15.272,64.617,0.082,0.435,0.479,38586.102,29342.249,25286.111,2017,February,Tuesday,19
1076,2017-02-14 20:00:00,15.422,63.432,0.081,0.058,0.124,37998.305,29145.289,25470.392,2017,February,Tuesday,20
1077,2017-02-14 21:00:00,15.318,63.478,0.08,0.061,0.117,36932.542,28455.319,24855.799,2017,February,Tuesday,21
1078,2017-02-14 22:00:00,15.152,65.525,0.081,0.05,0.129,36271.525,24458.967,23187.618,2017,February,Tuesday,22
1079,2017-02-14 23:00:00,15.038,65.922,0.082,0.046,0.153,32650.169,20333.739,19988.261,2017,February,Tuesday,23
1080,2017-02-15 00:00:00,15.34,63.697,0.08,0.048,0.131,27596.949,17180.547,17161.327,2017,February,Wednesday,0
1081,2017-02-15 01:00:00,15.373,63.502,0.081,0.056,0.115,24499.322,14878.419,15482.533,2017,February,Wednesday,1
1082,2017-02-15 02:00:00,15.5,63.178,0.081,0.047,0.13,22613.898,13815.198,14588.141,2017,February,Wednesday,2
1083,2017-02-15 03:00:00,15.272,65.945,0.08,0.049,0.125,22138.983,13472.34,13878.03,2017,February,Wednesday,3
1084,2017-02-15 04:00:00,15.222,64.837,0.08,0.047,0.146,22405.424,13476.596,13796.985,2017,February,Wednesday,4
1085,2017-02-15 05:00:00,15.498,60.972,0.08,0.066,0.113,23249.492,14069.301,14327.638,2017,February,Wednesday,5
1086,2017-02-15 06:00:00,15.32,62.555,0.08,0.052,0.126,23559.661,14797.568,14440.523,2017,February,Wednesday,6
1087,2017-02-15 07:00:00,15.008,64.677,0.082,0.188,0.254,23621.695,15037.082,11890.492,2017,February,Wednesday,7
1088,2017-02-15 08:00:00,15.418,63.078,0.08,59.487,60.16,26373.559,16245.593,11975.397,2017,February,Wednesday,8
1089,2017-02-15 09:00:00,15.818,62.837,0.079,303.483,306.333,26426.441,19167.781,13720.764,2017,February,Wednesday,9
1090,2017-02-15 10:00:00,16.253,62.843,0.08,512.65,417.933,28178.644,21387.842,15383.156,2017,February,Wednesday,10
1091,2017-02-15 11:00:00,16.69,64.492,0.08,651.833,376.467,30052.881,22805.471,16712.683,2017,February,Wednesday,11
1092,2017-02-15 12:00:00,15.373,75.315,0.08,269.15,242.05,33676.271,22644.985,17349.467,2017,February,Wednesday,12
1093,2017-02-15 13:00:00,14.25,79.35,0.083,124.4,119.45,35156.949,22121.581,17472.0,2017,February,Wednesday,13
1094,2017-02-15 14:00:00,15.205,74.385,0.082,220.017,216.033,33987.458,22365.957,17655.317,2017,February,Wednesday,14
1095,2017-02-15 15:00:00,16.745,60.192,0.081,396.067,408.217,33975.254,22536.17,17390.955,2017,February,Wednesday,15
1096,2017-02-15 16:00:00,15.742,66.265,0.082,102.252,103.708,33940.678,21679.635,17005.99,2017,February,Wednesday,16
1097,2017-02-15 17:00:00,14.542,72.717,0.082,73.158,73.667,34533.559,22163.526,18822.754,2017,February,Wednesday,17
1098,2017-02-15 18:00:00,14.168,76.083,0.081,14.07,14.198,41194.576,26701.52,24677.307,2017,February,Wednesday,18
1099,2017-02-15 19:00:00,14.57,68.363,0.084,0.48,0.546,42335.593,27135.562,24973.508,2017,February,Wednesday,19
1100,2017-02-15 20:00:00,14.368,67.18,0.081,0.045,0.139,43020.0,26773.86,25322.774,2017,February,Wednesday,20
1101,2017-02-15 21:00:00,14.485,65.865,0.085,0.044,0.127,40627.119,25594.529,24431.276,2017,February,Wednesday,21
1102,2017-02-15 22:00:00,14.493,64.48,0.085,0.048,0.117,37104.407,23299.696,22651.176,2017,February,Wednesday,22
1103,2017-02-15 23:00:00,14.23,64.437,0.087,0.042,0.126,31788.814,20093.617,19748.02,2017,February,Wednesday,23
1104,2017-02-16 00:00:00,14.308,62.545,0.085,0.046,0.112,27250.169,17262.006,16671.196,2017,February,Thursday,0
1105,2017-02-16 01:00:00,14.397,62.528,0.083,0.042,0.136,24471.864,15085.106,15110.111,2017,February,Thursday,1
1106,2017-02-16 02:00:00,14.458,62.625,0.081,0.047,0.119,23010.508,13831.003,14134.673,2017,February,Thursday,2
1107,2017-02-16 03:00:00,14.197,65.4,0.081,0.032,0.126,22154.237,13463.222,13739.095,2017,February,Thursday,3
1108,2017-02-16 04:00:00,14.36,64.152,0.08,0.048,0.115,22389.153,13709.422,13740.06,2017,February,Thursday,4
1109,2017-02-16 05:00:00,14.163,65.948,0.08,0.044,0.124,23505.763,14395.137,14228.261,2017,February,Thursday,5
1110,2017-02-16 06:00:00,14.405,61.473,0.082,0.04,0.119,23826.102,14734.954,13858.734,2017,February,Thursday,6
1111,2017-02-16 07:00:00,13.985,64.925,0.082,0.157,0.197,24067.119,15491.793,11700.422,2017,February,Thursday,7
1112,2017-02-16 08:00:00,14.067,62.842,0.082,37.361,36.911,26821.017,16786.626,11990.834,2017,February,Thursday,8
1113,2017-02-16 09:00:00,13.282,72.05,0.085,206.088,204.71,30328.475,19006.079,13825.93,2017,February,Thursday,9
1114,2017-02-16 10:00:00,13.902,71.625,0.084,220.167,205.45,32229.153,20587.234,15028.101,2017,February,Thursday,10
1115,2017-02-16 11:00:00,15.072,63.502,0.083,409.5,362.133,34018.983,21480.851,16587.256,2017,February,Thursday,11
1116,2017-02-16 12:00:00,14.263,72.157,0.084,283.85,260.383,35132.542,22776.9,17398.673,2017,February,Thursday,12
1117,2017-02-16 13:00:00,13.968,75.1,0.084,416.583,282.3,34000.678,23531.307,17665.93,2017,February,Thursday,13
1118,2017-02-16 14:00:00,14.412,71.717,0.084,660.833,607.8,33246.102,23525.228,17389.99,2017,February,Thursday,14
1119,2017-02-16 15:00:00,13.588,72.667,0.083,223.15,220.467,33097.627,23644.377,17048.442,2017,February,Thursday,15
1120,2017-02-16 16:00:00,13.518,69.172,0.082,119.933,121.05,31673.898,22835.258,16809.166,2017,February,Thursday,16
1121,2017-02-16 17:00:00,13.618,65.612,0.083,79.302,80.035,32752.881,23170.821,17777.849,2017,February,Thursday,17
1122,2017-02-16 18:00:00,13.352,65.637,0.082,30.365,30.038,41003.39,26339.21,25216.643,2017,February,Thursday,18
1123,2017-02-16 19:00:00,12.418,71.072,0.084,1.021,1.077,42336.61,26877.812,25749.226,2017,February,Thursday,19
1124,2017-02-16 20:00:00,12.155,71.15,0.082,0.066,0.101,42852.203,26766.565,25784.925,2017,February,Thursday,20
1125,2017-02-16 21:00:00,12.895,65.327,0.082,0.067,0.113,41491.525,25996.96,25121.126,2017,February,Thursday,21
1126,2017-02-16 22:00:00,12.865,62.945,0.083,0.059,0.098,38227.119,23488.146,23330.412,2017,February,Thursday,22
1127,2017-02-16 23:00:00,12.937,58.523,0.082,0.057,0.132,32704.068,20063.222,20238.151,2017,February,Thursday,23
1128,2017-02-17 00:00:00,13.11,56.863,0.081,0.066,0.126,27859.322,17095.441,17112.121,2017,February,Friday,0
1129,2017-02-17 01:00:00,12.962,57.542,0.08,0.065,0.118,24782.034,15072.34,15301.146,2017,February,Friday,1
1130,2017-02-17 02:00:00,12.995,57.75,0.083,0.064,0.099,23051.186,13956.231,14492.623,2017,February,Friday,2
1131,2017-02-17 03:00:00,13.242,57.755,0.081,0.064,0.115,22270.169,13519.149,13846.191,2017,February,Friday,3
1132,2017-02-17 04:00:00,13.412,59.068,0.084,0.053,0.116,22391.186,13419.453,13742.955,2017,February,Friday,4
1133,2017-02-17 05:00:00,13.002,67.548,0.084,0.063,0.138,23533.22,14133.131,14287.116,2017,February,Friday,5
1134,2017-02-17 06:00:00,11.407,80.233,0.081,0.072,0.138,24032.542,14670.517,13682.171,2017,February,Friday,6
1135,2017-02-17 07:00:00,11.237,74.967,0.082,0.109,0.186,24333.559,15372.644,11273.005,2017,February,Friday,7
1136,2017-02-17 08:00:00,10.487,74.117,0.083,7.566,7.459,26004.407,16547.112,11467.899,2017,February,Friday,8
1137,2017-02-17 09:00:00,10.7,72.197,0.086,110.115,107.652,29302.373,18514.894,12931.538,2017,February,Friday,9
1138,2017-02-17 10:00:00,11.388,66.127,0.087,249.233,245.967,32165.085,20327.052,14719.357,2017,February,Friday,10
1139,2017-02-17 11:00:00,11.293,66.275,0.085,358.4,335.433,34347.458,21413.982,15866.533,2017,February,Friday,11
1140,2017-02-17 12:00:00,11.685,64.265,0.086,321.967,305.7,33870.508,21765.35,16151.156,2017,February,Friday,12
1141,2017-02-17 13:00:00,11.095,68.295,0.081,101.988,101.917,34212.203,21370.821,16198.432,2017,February,Friday,13
1142,2017-02-17 14:00:00,9.858,81.7,0.074,169.933,169.35,34537.627,21417.629,15775.839,2017,February,Friday,14
1143,2017-02-17 15:00:00,9.755,82.367,0.084,83.645,83.808,34091.186,21182.371,15428.503,2017,February,Friday,15
1144,2017-02-17 16:00:00,9.37,86.483,0.081,31.232,31.203,33861.356,20418.237,15331.055,2017,February,Friday,16
1145,2017-02-17 17:00:00,12.115,79.95,0.073,77.865,78.135,34652.542,21021.277,16813.99,2017,February,Friday,17
1146,2017-02-17 18:00:00,11.238,79.283,0.074,10.426,10.36,41749.831,25041.945,23679.678,2017,February,Friday,18
1147,2017-02-17 19:00:00,10.737,81.467,0.076,0.221,0.308,42770.847,25512.462,24775.719,2017,February,Friday,19
1148,2017-02-17 20:00:00,10.525,81.217,0.074,0.066,0.172,42604.068,25280.851,25180.945,2017,February,Friday,20
1149,2017-02-17 21:00:00,10.878,79.2,0.073,0.059,0.17,41326.78,24454.103,24832.643,2017,February,Friday,21
1150,2017-02-17 22:00:00,10.77,81.217,0.074,0.067,0.156,38195.593,22472.34,23139.377,2017,February,Friday,22
1151,2017-02-17 23:00:00,10.63,80.667,0.074,0.067,0.174,33685.424,19928.875,20292.181,2017,February,Friday,23
1152,2017-02-18 00:00:00,10.448,82.383,0.073,0.057,0.183,28761.356,16702.128,17109.226,2017,February,Saturday,0
1153,2017-02-18 01:00:00,9.938,88.6,0.073,0.059,0.189,25508.136,14490.578,15307.899,2017,February,Saturday,1
1154,2017-02-18 02:00:00,10.405,89.7,0.072,0.063,0.202,23629.831,13235.258,14348.864,2017,February,Saturday,2
1155,2017-02-18 03:00:00,10.242,85.4,0.071,0.055,0.186,23013.559,12521.581,13798.915,2017,February,Saturday,3
1156,2017-02-18 04:00:00,10.077,88.067,0.077,0.062,0.199,22895.593,12381.155,13722.693,2017,February,Saturday,4
1157,2017-02-18 05:00:00,11.458,84.833,0.07,0.071,0.177,23510.847,13045.593,14244.663,2017,February,Saturday,5
1158,2017-02-18 06:00:00,11.155,83.117,0.072,0.066,0.183,22280.339,14027.964,13565.427,2017,February,Saturday,6
1159,2017-02-18 07:00:00,11.517,86.317,0.072,0.113,0.19,22576.271,12288.754,10879.357,2017,February,Saturday,7
1160,2017-02-18 08:00:00,12.572,84.5,0.073,9.658,9.894,25126.78,13767.173,11266.251,2017,February,Saturday,8
1161,2017-02-18 09:00:00,13.355,78.733,0.072,50.268,50.66,28952.542,16420.669,13285.628,2017,February,Saturday,9
1162,2017-02-18 10:00:00,13.687,75.6,0.072,94.663,95.427,32504.746,18565.35,15553.93,2017,February,Saturday,10
1163,2017-02-18 11:00:00,13.618,77.667,0.072,98.167,98.9,34576.271,19484.498,16634.533,2017,February,Saturday,11
1164,2017-02-18 12:00:00,13.878,75.55,0.072,107.345,108.22,34898.644,20012.158,17153.608,2017,February,Saturday,12
1165,2017-02-18 13:00:00,13.937,75.217,0.072,103.677,104.248,35106.102,19868.693,17277.106,2017,February,Saturday,13
1166,2017-02-18 14:00:00,13.853,75.967,0.071,66.352,66.705,34455.254,19975.684,17096.683,2017,February,Saturday,14
1167,2017-02-18 15:00:00,13.95,73.917,0.072,57.777,58.472,33575.593,19652.28,16683.739,2017,February,Saturday,15
1168,2017-02-18 16:00:00,13.832,74.25,0.072,24.21,24.437,31978.983,18555.015,16133.789,2017,February,Saturday,16
1169,2017-02-18 17:00:00,13.678,74.217,0.071,18.64,18.853,32592.203,18790.274,16919.156,2017,February,Saturday,17
1170,2017-02-18 18:00:00,13.533,75.5,0.071,3.011,3.121,40746.102,23618.845,23996.141,2017,February,Saturday,18
1171,2017-02-18 19:00:00,13.658,74.267,0.072,0.136,0.186,42762.712,24585.41,25365.226,2017,February,Saturday,19
1172,2017-02-18 20:00:00,13.797,72.517,0.072,0.054,0.138,42569.492,24561.702,25439.518,2017,February,Saturday,20
1173,2017-02-18 21:00:00,13.822,72.15,0.072,0.057,0.138,41038.983,24046.201,24908.864,2017,February,Saturday,21
1174,2017-02-18 22:00:00,13.683,73.783,0.072,0.07,0.129,37734.915,22644.985,23766.513,2017,February,Saturday,22
1175,2017-02-18 23:00:00,13.587,75.333,0.072,0.047,0.139,33581.695,20344.073,21298.492,2017,February,Saturday,23
1176,2017-02-19 00:00:00,13.545,75.833,0.07,0.056,0.146,28785.763,17429.787,18272.804,2017,February,Sunday,0
1177,2017-02-19 01:00:00,13.705,74.983,0.072,0.076,0.135,25290.508,14895.441,16118.352,2017,February,Sunday,1
1178,2017-02-19 02:00:00,13.768,73.15,0.073,0.065,0.123,22760.339,13436.474,14874.693,2017,February,Sunday,2
1179,2017-02-19 03:00:00,13.762,73.05,0.071,0.063,0.131,21740.339,12817.629,14424.121,2017,February,Sunday,3
1180,2017-02-19 04:00:00,13.778,72.433,0.072,0.057,0.125,21451.525,12670.517,14107.658,2017,February,Sunday,4
1181,2017-02-19 05:00:00,13.762,72.0,0.072,0.055,0.12,22492.881,13088.146,14754.09,2017,February,Sunday,5
1182,2017-02-19 06:00:00,13.727,70.913,0.072,0.063,0.107,21838.983,12696.657,13881.889,2017,February,Sunday,6
1183,2017-02-19 07:00:00,13.702,72.0,0.071,0.118,0.185,19241.695,11018.237,10258.975,2017,February,Sunday,7
1184,2017-02-19 08:00:00,13.63,72.1,0.072,8.961,9.109,20935.932,11936.17,11015.397,2017,February,Sunday,8
1185,2017-02-19 09:00:00,13.7,71.6,0.073,42.043,41.658,24131.186,14218.237,12808.04,2017,February,Sunday,9
1186,2017-02-19 10:00:00,13.742,71.867,0.074,82.112,81.632,27731.186,16458.967,14936.442,2017,February,Sunday,10
1187,2017-02-19 11:00:00,13.91,71.433,0.074,150.083,149.333,30549.153,18464.438,17090.894,2017,February,Sunday,11
1188,2017-02-19 12:00:00,13.885,70.783,0.073,117.5,117.567,30230.847,19734.954,18937.568,2017,February,Sunday,12
1189,2017-02-19 13:00:00,13.7,71.467,0.074,125.167,125.083,32249.492,20678.419,19955.457,2017,February,Sunday,13
1190,2017-02-19 14:00:00,13.837,69.832,0.074,160.067,159.983,34098.305,20706.991,19521.286,2017,February,Sunday,14
1191,2017-02-19 15:00:00,13.94,70.103,0.075,209.867,211.833,33934.576,20375.076,18852.663,2017,February,Sunday,15
1192,2017-02-19 16:00:00,13.862,69.5,0.074,132.5,132.967,33163.729,19671.733,18779.337,2017,February,Sunday,16
1193,2017-02-19 17:00:00,13.822,69.06,0.075,84.738,84.392,33894.915,20127.052,19682.412,2017,February,Sunday,17
1194,2017-02-19 18:00:00,13.75,69.547,0.074,25.119,24.951,41199.661,24226.748,25877.548,2017,February,Sunday,18
1195,2017-02-19 19:00:00,13.752,66.965,0.076,0.411,0.481,42458.644,25544.681,26419.779,2017,February,Sunday,19
1196,2017-02-19 20:00:00,13.823,64.755,0.076,0.068,0.133,42582.712,25696.049,25893.95,2017,February,Sunday,20
1197,2017-02-19 21:00:00,13.887,64.178,0.076,0.047,0.128,41047.119,25124.62,24680.201,2017,February,Sunday,21
1198,2017-02-19 22:00:00,13.998,63.862,0.076,0.06,0.111,37458.305,23186.626,22708.101,2017,February,Sunday,22
1199,2017-02-19 23:00:00,13.89,65.245,0.076,0.046,0.123,31957.627,19900.912,19679.518,2017,February,Sunday,23
1200,2017-02-20 00:00:00,13.95,63.453,0.078,0.051,0.131,27072.203,16714.286,16759.96,2017,February,Monday,0
1201,2017-02-20 01:00:00,13.945,64.767,0.076,0.071,0.122,24227.797,14787.842,15068.623,2017,February,Monday,1
1202,2017-02-20 02:00:00,13.877,67.643,0.076,0.05,0.112,22307.797,13697.872,14373.95,2017,February,Monday,2
1203,2017-02-20 03:00:00,13.727,70.293,0.074,0.057,0.124,21259.322,13235.866,13853.91,2017,February,Monday,3
1204,2017-02-20 04:00:00,13.542,72.617,0.075,0.064,0.123,21313.22,13179.939,13789.266,2017,February,Monday,4
1205,2017-02-20 05:00:00,13.505,70.682,0.075,0.057,0.114,22711.525,14107.599,14330.533,2017,February,Monday,5
1206,2017-02-20 06:00:00,13.423,71.35,0.075,0.062,0.123,22995.254,14435.866,13832.683,2017,February,Monday,6
1207,2017-02-20 07:00:00,13.375,72.9,0.073,0.098,0.172,23447.797,15257.143,11622.271,2017,February,Monday,7
1208,2017-02-20 08:00:00,13.682,69.255,0.073,6.038,5.979,25617.966,16795.745,11997.588,2017,February,Monday,8
1209,2017-02-20 09:00:00,13.353,74.78,0.074,40.935,42.038,28571.186,18919.149,13691.819,2017,February,Monday,9
1210,2017-02-20 10:00:00,13.732,72.767,0.073,103.067,104.233,32449.831,20573.86,15283.779,2017,February,Monday,10
1211,2017-02-20 11:00:00,14.047,69.238,0.073,133.917,134.633,35701.017,22062.006,16499.457,2017,February,Monday,11
1212,2017-02-20 12:00:00,13.312,76.015,0.074,142.85,142.35,37735.932,23293.009,17641.809,2017,February,Monday,12
1213,2017-02-20 13:00:00,12.583,83.117,0.074,181.367,177.9,37916.949,23154.407,18296.925,2017,February,Monday,13
1214,2017-02-20 14:00:00,13.23,84.667,0.073,351.133,346.8,36457.627,23161.094,18307.538,2017,February,Monday,14
1215,2017-02-20 15:00:00,14.057,76.45,0.074,328.533,333.483,36114.915,23607.295,17635.055,2017,February,Monday,15
1216,2017-02-20 16:00:00,14.258,71.8,0.075,325.917,336.883,36675.254,23125.836,17322.452,2017,February,Monday,16
1217,2017-02-20 17:00:00,14.363,70.063,0.074,244.733,272.667,38658.305,23389.666,18401.126,2017,February,Monday,17
1218,2017-02-20 18:00:00,14.023,69.645,0.073,57.14,64.455,43642.373,26393.313,24747.739,2017,February,Monday,18
1219,2017-02-20 19:00:00,12.772,74.983,0.078,0.937,1.011,43874.237,26657.143,25588.101,2017,February,Monday,19
1220,2017-02-20 20:00:00,10.983,81.133,0.074,0.064,0.133,43647.458,26617.629,25714.492,2017,February,Monday,20
1221,2017-02-20 21:00:00,10.227,83.833,0.076,0.049,0.128,41381.695,25628.571,24916.583,2017,February,Monday,21
1222,2017-02-20 22:00:00,9.74,85.567,0.084,0.049,0.117,36550.169,23101.52,22981.146,2017,February,Monday,22
1223,2017-02-20 23:00:00,9.235,86.7,0.084,0.058,0.105,31036.271,19688.146,19475.94,2017,February,Monday,23
1224,2017-02-21 00:00:00,8.747,87.583,0.083,0.054,0.118,26677.627,16848.024,16562.171,2017,February,Tuesday,0
1225,2017-02-21 01:00:00,8.375,88.033,0.082,0.056,0.116,23766.102,14863.222,14918.111,2017,February,Tuesday,1
1226,2017-02-21 02:00:00,7.935,88.383,0.084,0.053,0.132,22047.458,13315.502,14063.276,2017,February,Tuesday,2
1227,2017-02-21 03:00:00,7.487,88.967,0.084,0.055,0.106,21421.017,13105.775,13559.638,2017,February,Tuesday,3
1228,2017-02-21 04:00:00,7.258,89.117,0.084,0.048,0.12,21444.407,13227.964,13525.869,2017,February,Tuesday,4
1229,2017-02-21 05:00:00,7.055,89.283,0.085,0.053,0.129,22430.847,14148.936,14148.181,2017,February,Tuesday,5
1230,2017-02-21 06:00:00,7.608,87.317,0.088,0.057,0.1,22581.356,14217.021,13414.915,2017,February,Tuesday,6
1231,2017-02-21 07:00:00,8.75,80.55,0.087,0.387,0.419,22948.475,15196.96,11145.648,2017,February,Tuesday,7
1232,2017-02-21 08:00:00,10.722,70.603,0.086,29.392,28.774,25008.814,16473.556,11455.357,2017,February,Tuesday,8
1233,2017-02-21 09:00:00,11.898,69.503,0.085,70.462,68.51,28493.898,18601.216,12917.065,2017,February,Tuesday,9
1234,2017-02-21 10:00:00,13.463,62.442,0.082,138.783,136.517,32168.136,20167.781,14478.151,2017,February,Tuesday,10
1235,2017-02-21 11:00:00,13.443,62.868,0.084,288.1,284.133,35314.576,21299.696,16218.693,2017,February,Tuesday,11
1236,2017-02-21 12:00:00,15.127,55.648,0.085,700.133,733.4,37352.542,22313.678,17363.94,2017,February,Tuesday,12
1237,2017-02-21 13:00:00,15.985,53.938,0.082,818.467,861.0,38071.525,22525.228,17790.392,2017,February,Tuesday,13
1238,2017-02-21 14:00:00,15.572,53.16,0.08,760.617,805.017,37189.831,22951.368,17393.849,2017,February,Tuesday,14
1239,2017-02-21 15:00:00,15.787,53.115,0.08,621.367,680.15,36151.525,23283.891,17522.171,2017,February,Tuesday,15
1240,2017-02-21 16:00:00,15.903,55.43,0.081,375.1,415.0,35268.814,22551.976,17422.794,2017,February,Tuesday,16
1241,2017-02-21 17:00:00,15.473,58.968,0.081,119.433,130.25,37351.525,22774.468,18553.568,2017,February,Tuesday,17
1242,2017-02-21 18:00:00,15.117,61.287,0.08,44.732,50.827,42227.797,26289.362,24426.452,2017,February,Tuesday,18
1243,2017-02-21 19:00:00,14.938,62.255,0.082,1.266,1.314,43938.305,26652.28,24877.025,2017,February,Tuesday,19
1244,2017-02-21 20:00:00,14.443,65.398,0.082,0.042,0.128,43608.814,26481.459,25040.08,2017,February,Tuesday,20
1245,2017-02-21 21:00:00,14.437,65.76,0.081,0.046,0.138,41382.712,25483.891,24301.99,2017,February,Tuesday,21
1246,2017-02-21 22:00:00,13.887,66.245,0.085,0.045,0.154,37358.644,23387.842,22820.985,2017,February,Tuesday,22
1247,2017-02-21 23:00:00,13.72,66.175,0.084,0.053,0.119,32211.864,19953.191,19644.784,2017,February,Tuesday,23
1248,2017-02-22 00:00:00,14.768,61.723,0.081,0.054,0.153,27279.661,16842.553,16513.93,2017,February,Wednesday,0
1249,2017-02-22 01:00:00,15.032,63.752,0.08,0.063,0.143,24242.034,13074.772,14544.724,2017,February,Wednesday,1
1250,2017-02-22 02:00:00,13.947,70.255,0.082,0.054,0.155,23736.61,11848.024,13627.176,2017,February,Wednesday,2
1251,2017-02-22 03:00:00,13.263,72.5,0.083,0.053,0.168,23234.237,11564.742,13411.055,2017,February,Wednesday,3
1252,2017-02-22 04:00:00,12.983,71.405,0.083,0.06,0.171,23244.407,11567.781,13289.487,2017,February,Wednesday,4
1253,2017-02-22 05:00:00,13.565,66.5,0.083,0.059,0.158,24737.288,12260.79,13846.191,2017,February,Wednesday,5
1254,2017-02-22 06:00:00,13.847,63.76,0.082,0.059,0.143,24713.898,12431.611,13065.648,2017,February,Wednesday,6
1255,2017-02-22 07:00:00,13.268,67.748,0.085,0.409,0.496,25612.881,13234.65,10857.166,2017,February,Wednesday,7
1256,2017-02-22 08:00:00,13.868,65.522,0.083,82.886,84.242,28191.864,14680.243,11229.588,2017,February,Wednesday,8
1257,2017-02-22 09:00:00,14.507,63.23,0.082,257.617,266.233,30108.814,17468.693,13215.196,2017,February,Wednesday,9
1258,2017-02-22 10:00:00,15.338,59.305,0.082,479.35,501.633,31825.424,20365.35,14620.945,2017,February,Wednesday,10
1259,2017-02-22 11:00:00,16.133,55.18,0.082,564.317,597.767,33977.288,21920.365,15730.492,2017,February,Wednesday,11
1260,2017-02-22 12:00:00,16.613,52.223,0.081,676.283,719.833,35576.949,23209.726,16731.98,2017,February,Wednesday,12
1261,2017-02-22 13:00:00,17.148,51.34,0.082,697.833,747.5,35199.661,22948.328,17551.116,2017,February,Wednesday,13
1262,2017-02-22 14:00:00,17.578,47.633,0.084,639.9,695.35,34765.424,22660.182,17116.945,2017,February,Wednesday,14
1263,2017-02-22 15:00:00,17.538,47.588,0.083,542.183,595.133,34101.356,22827.964,16470.513,2017,February,Wednesday,15
1264,2017-02-22 16:00:00,17.91,45.428,0.082,419.4,468.65,34538.644,21333.739,16351.839,2017,February,Wednesday,16
1265,2017-02-22 17:00:00,17.372,48.18,0.083,239.367,273.417,33951.864,22604.255,17632.161,2017,February,Wednesday,17
1266,2017-02-22 18:00:00,15.448,60.782,0.084,57.447,65.428,40543.729,27433.435,24212.261,2017,February,Wednesday,18
1267,2017-02-22 19:00:00,13.957,65.615,0.084,1.901,1.984,42101.695,26793.313,26407.236,2017,February,Wednesday,19
1268,2017-02-22 20:00:00,13.177,67.567,0.082,0.059,0.11,42027.458,25846.201,27928.764,2017,February,Wednesday,20
1269,2017-02-22 21:00:00,12.963,66.678,0.083,0.059,0.099,40299.661,25049.848,27537.045,2017,February,Wednesday,21
1270,2017-02-22 22:00:00,12.838,66.11,0.085,0.042,0.135,36662.034,22737.994,25313.126,2017,February,Wednesday,22
1271,2017-02-22 23:00:00,12.907,64.423,0.084,0.046,0.12,32120.339,17674.164,22049.126,2017,February,Wednesday,23
1272,2017-02-23 00:00:00,14.228,54.688,0.084,0.055,0.114,28552.881,15189.058,18743.638,2017,February,Thursday,0
1273,2017-02-23 01:00:00,13.377,59.832,0.085,0.045,0.129,25207.119,13001.824,16872.844,2017,February,Thursday,1
1274,2017-02-23 02:00:00,13.285,59.223,0.084,0.052,0.109,23192.542,11961.094,15870.392,2017,February,Thursday,2
1275,2017-02-23 03:00:00,13.058,58.733,0.084,0.059,0.118,22455.254,11522.796,15274.131,2017,February,Thursday,3
1276,2017-02-23 04:00:00,13.598,58.017,0.082,0.055,0.124,21903.051,11499.088,15156.422,2017,February,Thursday,4
1277,2017-02-23 05:00:00,13.74,59.035,0.082,0.059,0.106,23599.322,12367.781,15912.844,2017,February,Thursday,5
1278,2017-02-23 06:00:00,14.638,56.365,0.081,0.052,0.116,23383.729,12285.714,14893.025,2017,February,Thursday,6
1279,2017-02-23 07:00:00,15.005,57.615,0.08,0.752,0.759,23538.305,12945.897,12257.126,2017,February,Thursday,7
1280,2017-02-23 08:00:00,15.367,57.678,0.08,83.755,84.763,26663.39,14452.888,12726.03,2017,February,Thursday,8
1281,2017-02-23 09:00:00,15.597,57.673,0.08,131.017,129.583,30521.695,16690.578,14309.307,2017,February,Thursday,9
1282,2017-02-23 10:00:00,16.437,56.56,0.082,501.933,514.9,34209.153,18455.927,14451.136,2017,February,Thursday,10
1283,2017-02-23 11:00:00,17.138,55.622,0.082,704.867,740.433,36642.712,19694.833,15651.377,2017,February,Thursday,11
1284,2017-02-23 12:00:00,17.582,53.638,0.081,713.167,762.833,38513.898,19568.389,16671.196,2017,February,Thursday,12
1285,2017-02-23 13:00:00,17.943,53.472,0.081,795.167,852.5,37539.661,19574.468,17535.678,2017,February,Thursday,13
1286,2017-02-23 14:00:00,18.1,54.783,0.081,709.8,767.633,36582.712,20356.839,17305.085,2017,February,Thursday,14
1287,2017-02-23 15:00:00,17.798,57.715,1.888,555.6,604.217,35308.475,21632.827,16655.759,2017,February,Thursday,15
1288,2017-02-23 16:00:00,16.443,67.323,4.921,346.3,378.5,34147.119,21081.459,16043.095,2017,February,Thursday,16
1289,2017-02-23 17:00:00,15.625,70.767,4.916,91.45,93.96,33825.763,20847.416,16586.291,2017,February,Thursday,17
1290,2017-02-23 18:00:00,14.895,71.533,4.916,45.092,49.705,41771.186,25436.474,23945.005,2017,February,Thursday,18
1291,2017-02-23 19:00:00,14.388,74.633,4.872,1.55,1.614,44492.542,26643.769,25381.628,2017,February,Thursday,19
1292,2017-02-23 20:00:00,14.192,75.3,0.08,0.036,0.139,44400.0,26626.748,25714.492,2017,February,Thursday,20
1293,2017-02-23 21:00:00,14.24,73.398,0.082,0.031,0.142,42890.847,25936.778,25161.648,2017,February,Thursday,21
1294,2017-02-23 22:00:00,14.582,65.928,0.082,0.027,0.13,39285.763,23761.094,23303.397,2017,February,Thursday,22
1295,2017-02-23 23:00:00,15.263,56.427,0.081,0.034,0.123,34023.051,20487.538,20089.568,2017,February,Thursday,23
1296,2017-02-24 00:00:00,15.867,54.1,0.08,0.042,0.132,28726.78,17435.258,17239.477,2017,February,Friday,0
1297,2017-02-24 01:00:00,15.715,58.188,0.08,0.057,0.109,25129.831,15184.802,15412.101,2017,February,Friday,1
1298,2017-02-24 02:00:00,15.385,65.695,0.079,0.042,0.117,23477.288,14119.757,14463.678,2017,February,Friday,2
1299,2017-02-24 03:00:00,14.827,71.458,0.082,0.043,0.151,22647.458,13684.498,13911.799,2017,February,Friday,3
1300,2017-02-24 04:00:00,13.947,74.883,0.084,0.047,0.154,22348.475,13657.751,13960.04,2017,February,Friday,4
1301,2017-02-24 05:00:00,12.895,69.133,0.084,0.04,0.16,23808.814,14387.234,14489.729,2017,February,Friday,5
1302,2017-02-24 06:00:00,12.053,65.422,0.08,0.055,0.126,23357.288,14468.693,13539.377,2017,February,Friday,6
1303,2017-02-24 07:00:00,11.602,65.268,0.083,0.873,0.91,23358.305,15172.036,10936.281,2017,February,Friday,7
1304,2017-02-24 08:00:00,11.4,67.212,0.084,83.445,84.497,25747.119,16703.951,11340.543,2017,February,Friday,8
1305,2017-02-24 09:00:00,12.207,63.095,0.084,273.033,281.167,29096.949,18771.429,13016.442,2017,February,Friday,9
1306,2017-02-24 10:00:00,12.907,58.107,0.084,451.983,475.6,31914.915,20253.495,14240.804,2017,February,Friday,10
1307,2017-02-24 11:00:00,13.607,55.76,0.085,588.383,626.417,32838.305,21367.173,15342.633,2017,February,Friday,11
1308,2017-02-24 12:00:00,14.602,50.693,0.084,669.55,720.467,32851.525,21527.66,15839.518,2017,February,Friday,12
1309,2017-02-24 13:00:00,14.953,46.168,0.085,700.083,577.03,33538.983,21361.702,16208.08,2017,February,Friday,13
1310,2017-02-24 14:00:00,15.282,44.235,0.086,666.783,42.71,33442.373,20982.979,15379.296,2017,February,Friday,14
1311,2017-02-24 15:00:00,15.663,40.603,0.085,576.583,39.567,33026.441,20665.046,15013.628,2017,February,Friday,15
1312,2017-02-24 16:00:00,15.577,45.572,0.084,429.333,256.498,32414.237,19807.295,14660.503,2017,February,Friday,16
1313,2017-02-24 17:00:00,14.777,50.545,0.084,246.117,279.183,32174.237,19475.38,15267.377,2017,February,Friday,17
1314,2017-02-24 18:00:00,13.643,55.08,0.083,77.3,89.328,40524.407,24066.261,22621.266,2017,February,Friday,18
1315,2017-02-24 19:00:00,13.075,54.222,0.082,2.216,2.2,43633.22,25576.9,24679.236,2017,February,Friday,19
1316,2017-02-24 20:00:00,13.6,53.855,0.08,0.05,0.127,43765.424,25503.951,25285.146,2017,February,Friday,20
1317,2017-02-24 21:00:00,13.558,56.892,0.084,0.057,0.119,42080.339,24646.201,24596.261,2017,February,Friday,21
1318,2017-02-24 22:00:00,12.512,60.523,0.086,0.057,0.114,37716.61,22781.155,22751.518,2017,February,Friday,22
1319,2017-02-24 23:00:00,12.11,61.637,0.087,0.059,0.099,32619.661,19717.325,20244.905,2017,February,Friday,23
1320,2017-02-25 00:00:00,12.183,60.87,0.087,0.056,0.093,27706.78,17014.59,17312.804,2017,February,Saturday,0
1321,2017-02-25 01:00:00,11.317,64.123,0.088,0.041,0.134,24273.559,14924.62,15217.206,2017,February,Saturday,1
1322,2017-02-25 02:00:00,11.112,63.54,0.087,0.049,0.128,22733.898,13621.277,14400.965,2017,February,Saturday,2
1323,2017-02-25 03:00:00,10.05,67.302,0.087,0.04,0.127,21963.051,13088.146,13811.457,2017,February,Saturday,3
1324,2017-02-25 04:00:00,8.868,73.0,0.086,0.065,0.146,21720.0,12636.474,13733.307,2017,February,Saturday,4
1325,2017-02-25 05:00:00,8.208,77.0,0.087,0.051,0.147,22839.661,13299.696,14432.804,2017,February,Saturday,5
1326,2017-02-25 06:00:00,7.857,77.783,0.085,0.05,0.134,21738.305,12723.404,13275.98,2017,February,Saturday,6
1327,2017-02-25 07:00:00,7.024,81.217,0.086,0.634,0.687,20877.966,12249.848,10719.196,2017,February,Saturday,7
1328,2017-02-25 08:00:00,8.107,76.15,0.084,70.297,70.922,23669.492,14032.219,11424.482,2017,February,Saturday,8
1329,2017-02-25 09:00:00,8.68,74.383,0.087,272.083,128.432,27611.186,17074.164,13324.221,2017,February,Saturday,9
1330,2017-02-25 10:00:00,11.438,65.195,0.087,449.2,38.238,31428.814,19265.046,15170.894,2017,February,Saturday,10
1331,2017-02-25 11:00:00,14.365,53.125,0.086,578.233,53.78,33560.339,20141.033,16365.347,2017,February,Saturday,11
1332,2017-02-25 12:00:00,16.25,40.192,0.086,654.9,63.465,34252.881,20624.924,17507.698,2017,February,Saturday,12
1333,2017-02-25 13:00:00,16.622,40.323,0.086,661.033,65.193,33907.119,20688.754,17807.759,2017,February,Saturday,13
1334,2017-02-25 14:00:00,17.042,37.713,0.085,639.867,64.932,33209.492,20163.526,17307.98,2017,February,Saturday,14
1335,2017-02-25 15:00:00,17.212,36.003,0.085,573.483,121.6,32722.373,19444.985,16799.518,2017,February,Saturday,15
1336,2017-02-25 16:00:00,16.98,36.275,0.082,442.017,360.3,31536.61,18383.587,16197.467,2017,February,Saturday,16
1337,2017-02-25 17:00:00,16.062,40.06,0.084,252.917,281.583,31212.203,17923.404,16416.482,2017,February,Saturday,17
1338,2017-02-25 18:00:00,15.223,42.485,0.084,85.388,99.913,38795.593,22430.395,23060.261,2017,February,Saturday,18
1339,2017-02-25 19:00:00,14.125,47.44,0.084,2.878,2.889,42579.661,24483.891,25458.814,2017,February,Saturday,19
1340,2017-02-25 20:00:00,13.838,47.48,0.082,0.069,0.118,42541.017,24341.641,25346.894,2017,February,Saturday,20
1341,2017-02-25 21:00:00,13.16,55.2,0.086,0.065,0.113,41154.915,23790.881,24749.668,2017,February,Saturday,21
1342,2017-02-25 22:00:00,13.493,58.757,0.083,0.061,0.126,38732.542,22651.064,23635.296,2017,February,Saturday,22
1343,2017-02-25 23:00:00,13.787,60.817,0.081,0.059,0.11,34443.051,20375.076,20942.472,2017,February,Saturday,23
1344,2017-02-26 00:00:00,13.375,62.883,0.083,0.046,0.117,29470.169,17537.994,18053.789,2017,February,Sunday,0
1345,2017-02-26 01:00:00,13.015,65.283,0.083,0.048,0.126,25845.763,15126.444,16090.372,2017,February,Sunday,1
1346,2017-02-26 02:00:00,12.343,66.845,0.084,0.039,0.135,23820.0,13454.711,14678.834,2017,February,Sunday,2
1347,2017-02-26 03:00:00,11.823,68.415,0.085,0.058,0.146,22842.712,12483.283,14168.442,2017,February,Sunday,3
1348,2017-02-26 04:00:00,11.395,69.322,0.087,0.056,0.14,22677.966,12375.076,13904.08,2017,February,Sunday,4
1349,2017-02-26 05:00:00,10.968,70.513,0.085,0.054,0.168,23643.051,12908.815,14474.291,2017,February,Sunday,5
1350,2017-02-26 06:00:00,11.318,68.183,0.086,0.058,0.152,21879.661,11984.802,13083.98,2017,February,Sunday,6
1351,2017-02-26 07:00:00,11.68,65.497,0.085,1.046,1.037,20132.542,10546.505,10043.819,2017,February,Sunday,7
1352,2017-02-26 08:00:00,11.842,65.203,0.087,83.172,84.685,21775.932,11738.602,11063.638,2017,February,Sunday,8
1353,2017-02-26 09:00:00,13.468,60.405,0.084,265.433,172.658,25354.576,13765.957,12600.603,2017,February,Sunday,9
1354,2017-02-26 10:00:00,15.797,50.347,0.083,441.183,41.27,29081.695,16097.264,15091.779,2017,February,Sunday,10
1355,2017-02-26 11:00:00,16.5,50.892,0.083,574.4,43.295,31547.797,17444.985,16276.583,2017,February,Sunday,11
1356,2017-02-26 12:00:00,17.12,50.335,0.085,655.667,46.823,32376.61,18133.131,16873.809,2017,February,Sunday,12
1357,2017-02-26 13:00:00,17.79,49.883,0.084,681.783,51.462,32933.898,18262.614,17096.683,2017,February,Sunday,13
1358,2017-02-26 14:00:00,18.307,50.14,0.086,647.417,65.035,31751.186,18136.17,17002.131,2017,February,Sunday,14
1359,2017-02-26 15:00:00,18.393,52.375,0.084,547.283,177.05,31041.356,17728.875,16622.955,2017,February,Sunday,15
1360,2017-02-26 16:00:00,18.073,54.362,0.083,413.133,394.483,29988.814,17066.261,16139.578,2017,February,Sunday,16
1361,2017-02-26 17:00:00,17.142,57.337,0.082,248.033,276.033,30367.119,17307.599,16774.432,2017,February,Sunday,17
1362,2017-02-26 18:00:00,16.488,60.932,0.084,98.418,108.558,37736.949,21823.708,23632.402,2017,February,Sunday,18
1363,2017-02-26 19:00:00,14.987,67.202,0.082,2.632,2.626,41456.949,24008.511,25636.342,2017,February,Sunday,19
1364,2017-02-26 20:00:00,14.242,69.433,0.084,0.046,0.103,42070.169,24465.046,25749.226,2017,February,Sunday,20
1365,2017-02-26 21:00:00,13.937,69.528,0.085,0.034,0.111,41140.678,24414.59,24754.492,2017,February,Sunday,21
1366,2017-02-26 22:00:00,13.785,69.025,0.085,0.038,0.13,38300.339,22911.854,23155.779,2017,February,Sunday,22
1367,2017-02-26 23:00:00,13.38,70.17,0.082,0.033,0.148,32956.271,20011.55,20381.91,2017,February,Sunday,23
1368,2017-02-27 00:00:00,13.15,70.108,0.083,0.043,0.151,28030.169,16970.821,17098.613,2017,February,Monday,0
1369,2017-02-27 01:00:00,13.725,65.042,0.083,0.042,0.173,24743.39,14758.663,15516.302,2017,February,Monday,1
1370,2017-02-27 02:00:00,14.525,59.673,0.08,0.048,0.136,23143.729,13736.17,14638.312,2017,February,Monday,2
1371,2017-02-27 03:00:00,15.352,57.355,0.079,0.046,0.136,22083.051,13363.526,13922.412,2017,February,Monday,3
1372,2017-02-27 04:00:00,15.253,58.232,0.079,0.056,0.135,22562.034,13285.714,13935.92,2017,February,Monday,4
1373,2017-02-27 05:00:00,15.203,57.123,0.079,0.043,0.118,23775.254,14088.146,14517.709,2017,February,Monday,5
1374,2017-02-27 06:00:00,14.88,58.482,0.08,0.049,0.136,22880.339,13835.866,13342.553,2017,February,Monday,6
1375,2017-02-27 07:00:00,13.563,68.717,0.081,2.004,1.978,23185.424,14891.793,11118.633,2017,February,Monday,7
1376,2017-02-27 08:00:00,13.03,74.917,0.082,88.84,87.345,25886.441,16240.122,11671.477,2017,February,Monday,8
1377,2017-02-27 09:00:00,13.813,69.537,0.082,239.117,201.633,28685.085,18126.444,13552.884,2017,February,Monday,9
1378,2017-02-27 10:00:00,14.96,63.562,0.081,398.55,116.6,31726.78,19523.404,14771.457,2017,February,Monday,10
1379,2017-02-27 11:00:00,15.848,59.848,0.082,594.817,77.407,33572.542,20991.489,15775.839,2017,February,Monday,11
1380,2017-02-27 12:00:00,16.47,57.377,0.083,674.417,62.695,34404.407,21761.702,16473.407,2017,February,Monday,12
1381,2017-02-27 13:00:00,16.932,57.583,0.082,705.567,82.21,34462.373,21699.696,16857.407,2017,February,Monday,13
1382,2017-02-27 14:00:00,17.282,56.292,0.083,669.85,78.243,34604.746,20942.249,16819.779,2017,February,Monday,14
1383,2017-02-27 15:00:00,17.458,57.025,0.082,564.383,151.39,34070.847,20758.055,16196.503,2017,February,Monday,15
1384,2017-02-27 16:00:00,16.668,60.502,0.083,435.217,463.117,32949.153,20029.179,15681.286,2017,February,Monday,16
1385,2017-02-27 17:00:00,16.147,60.002,0.082,235.017,263.0,32153.898,19686.93,16041.166,2017,February,Monday,17
1386,2017-02-27 18:00:00,16.035,57.205,0.082,75.552,86.37,40316.949,24458.359,23400.844,2017,February,Monday,18
1387,2017-02-27 19:00:00,15.39,60.53,0.08,3.424,3.348,43670.847,26012.158,25230.151,2017,February,Monday,19
1388,2017-02-27 20:00:00,15.427,58.345,0.081,0.056,0.12,43568.136,25897.872,25386.452,2017,February,Monday,20
1389,2017-02-27 21:00:00,14.003,66.977,0.082,0.044,0.111,41733.559,25173.86,24821.065,2017,February,Monday,21
1390,2017-02-27 22:00:00,13.797,67.778,0.083,0.042,0.122,37900.678,23071.733,22622.231,2017,February,Monday,22
1391,2017-02-27 23:00:00,13.897,66.793,0.082,0.042,0.138,32341.017,19753.799,19602.332,2017,February,Monday,23
1392,2017-02-28 00:00:00,15.025,58.278,0.081,0.04,0.114,27467.797,17099.088,16797.588,2017,February,Tuesday,0
1393,2017-02-28 01:00:00,15.382,54.357,0.082,0.071,0.096,24588.814,14911.246,15090.814,2017,February,Tuesday,1
1394,2017-02-28 02:00:00,14.953,57.137,0.083,0.052,0.125,23110.169,13753.191,14462.714,2017,February,Tuesday,2
1395,2017-02-28 03:00:00,14.278,60.54,0.083,0.052,0.127,22471.525,13327.66,13988.985,2017,February,Tuesday,3
1396,2017-02-28 04:00:00,13.442,66.562,0.083,0.061,0.121,22365.763,13308.815,13956.181,2017,February,Tuesday,4
1397,2017-02-28 05:00:00,13.242,67.107,0.085,0.052,0.158,23824.068,14356.839,14677.869,2017,February,Tuesday,5
1398,2017-02-28 06:00:00,12.868,68.597,0.085,0.049,0.171,22553.898,14095.441,13227.739,2017,February,Tuesday,6
1399,2017-02-28 07:00:00,13.003,65.667,0.084,1.461,1.424,23066.441,14947.72,11020.221,2017,February,Tuesday,7
1400,2017-02-28 08:00:00,13.38,62.438,0.086,78.862,79.31,25686.102,16403.647,11507.457,2017,February,Tuesday,8
1401,2017-02-28 09:00:00,14.883,57.787,0.083,270.15,258.117,28198.983,18119.757,13369.568,2017,February,Tuesday,9
1402,2017-02-28 10:00:00,16.803,48.837,0.084,443.383,95.497,31946.441,19252.888,14875.658,2017,February,Tuesday,10
1403,2017-02-28 11:00:00,17.602,49.787,0.084,576.867,64.352,33883.729,20415.805,15757.508,2017,February,Tuesday,11
1404,2017-02-28 12:00:00,18.443,47.423,0.082,674.8,73.808,34955.593,21004.255,16421.307,2017,February,Tuesday,12
1405,2017-02-28 13:00:00,19.042,45.325,0.082,678.8,129.35,34837.627,20848.632,16641.286,2017,February,Tuesday,13
1406,2017-02-28 14:00:00,19.048,44.867,0.083,649.283,164.767,33360.0,20922.188,16298.774,2017,February,Tuesday,14
1407,2017-02-28 15:00:00,18.975,45.988,0.083,515.75,300.867,32701.017,20940.426,16213.869,2017,February,Tuesday,15
1408,2017-02-28 16:00:00,18.477,51.923,0.082,403.583,429.217,32465.085,20155.623,15578.05,2017,February,Tuesday,16
1409,2017-02-28 17:00:00,16.748,60.708,0.082,210.0,219.317,32618.644,19803.647,15899.337,2017,February,Tuesday,17
1410,2017-02-28 18:00:00,15.502,64.032,0.082,34.258,32.98,40023.051,23658.967,22934.834,2017,February,Tuesday,18
1411,2017-02-28 19:00:00,14.462,69.35,0.082,4.362,4.257,43509.153,25774.468,25260.06,2017,February,Tuesday,19
1412,2017-02-28 20:00:00,13.638,71.8,0.082,0.043,0.142,43296.61,25612.766,25481.005,2017,February,Tuesday,20
1413,2017-02-28 21:00:00,13.41,71.933,0.082,0.041,0.121,41508.814,25133.739,24700.462,2017,February,Tuesday,21
1414,2017-02-28 22:00:00,14.065,67.498,0.085,0.037,0.129,37709.492,22844.985,22549.869,2017,February,Tuesday,22
1415,2017-02-28 23:00:00,13.578,66.522,0.082,0.045,0.138,32155.932,19621.884,19423.839,2017,February,Tuesday,23
1416,2017-03-01 00:00:00,12.683,85.083,0.092,0.035,0.133,27609.191,17114.634,16727.419,2017,March,Wednesday,0
1417,2017-03-01 01:00:00,12.198,86.1,0.093,0.038,0.156,24537.191,15078.659,14954.516,2017,March,Wednesday,1
1418,2017-03-01 02:00:00,11.99,86.6,0.092,0.034,0.124,23117.617,13976.829,14187.097,2017,March,Wednesday,2
1419,2017-03-01 03:00:00,11.522,87.383,0.088,0.028,0.129,22286.298,13626.22,13737.097,2017,March,Wednesday,3
1420,2017-03-01 04:00:00,10.848,88.167,0.094,0.041,0.12,22264.851,13531.707,13677.097,2017,March,Wednesday,4
1421,2017-03-01 05:00:00,10.332,88.95,0.094,0.049,0.125,23642.553,14396.951,14243.226,2017,March,Wednesday,5
1422,2017-03-01 06:00:00,10.182,89.233,0.092,0.042,0.126,22736.681,14221.341,12919.355,2017,March,Wednesday,6
1423,2017-03-01 07:00:00,9.903,89.05,0.091,1.671,1.609,23210.553,15273.78,10910.323,2017,March,Wednesday,7
1424,2017-03-01 08:00:00,10.313,87.767,0.09,97.902,99.735,25567.66,16754.268,11580.0,2017,March,Wednesday,8
1425,2017-03-01 09:00:00,11.653,85.683,0.091,279.733,289.25,29195.234,18785.366,13412.903,2017,March,Wednesday,9
1426,2017-03-01 10:00:00,14.908,75.117,0.088,451.817,263.85,31733.106,18782.927,16076.129,2017,March,Wednesday,10
1427,2017-03-01 11:00:00,17.833,63.245,0.086,583.767,48.408,33699.064,19435.976,16969.355,2017,March,Wednesday,11
1428,2017-03-01 12:00:00,19.302,59.428,0.086,661.433,39.357,34317.957,19901.22,17771.613,2017,March,Wednesday,12
1429,2017-03-01 13:00:00,20.513,54.768,0.085,692.533,38.87,34283.234,19765.854,18236.129,2017,March,Wednesday,13
1430,2017-03-01 14:00:00,21.625,52.063,0.086,656.5,40.56,33431.489,19629.268,17675.806,2017,March,Wednesday,14
1431,2017-03-01 15:00:00,21.705,53.167,0.085,566.717,123.28,32924.936,20685.366,16076.129,2017,March,Wednesday,15
1432,2017-03-01 16:00:00,21.462,55.478,0.085,427.333,458.917,32061.957,20126.829,15642.581,2017,March,Wednesday,16
1433,2017-03-01 17:00:00,20.597,59.663,0.084,249.517,278.75,31674.894,19657.927,15745.161,2017,March,Wednesday,17
1434,2017-03-01 18:00:00,18.99,63.987,0.082,66.543,75.222,39342.638,23639.024,22278.387,2017,March,Wednesday,18
1435,2017-03-01 19:00:00,17.883,66.54,0.083,3.175,3.261,43508.426,26057.317,24844.839,2017,March,Wednesday,19
1436,2017-03-01 20:00:00,16.928,69.492,0.083,0.037,0.11,43425.702,25870.122,25049.032,2017,March,Wednesday,20
1437,2017-03-01 21:00:00,15.512,77.467,0.082,0.027,0.142,41910.128,25176.829,24401.613,2017,March,Wednesday,21
1438,2017-03-01 22:00:00,14.958,80.417,0.085,0.035,0.148,38387.745,23219.512,23003.226,2017,March,Wednesday,22
1439,2017-03-01 23:00:00,14.09,82.817,0.085,0.034,0.133,32608.34,20106.707,19789.355,2017,March,Wednesday,23
1440,2017-03-02 00:00:00,14.337,83.267,0.087,0.034,0.14,27583.66,17086.585,16923.871,2017,March,Thursday,0
1441,2017-03-02 01:00:00,14.367,80.917,0.085,0.029,0.137,24882.383,14905.488,15136.452,2017,March,Thursday,1
1442,2017-03-02 02:00:00,13.988,82.817,0.087,0.025,0.128,23207.489,13907.927,14406.774,2017,March,Thursday,2
1443,2017-03-02 03:00:00,13.76,84.017,0.085,0.037,0.132,22447.66,13633.537,13829.032,2017,March,Thursday,3
1444,2017-03-02 04:00:00,13.258,85.217,0.086,0.028,0.13,22224.0,13764.634,13737.097,2017,March,Thursday,4
1445,2017-03-02 05:00:00,12.893,87.217,0.084,0.029,0.135,23712.0,14423.78,14330.323,2017,March,Thursday,5
1446,2017-03-02 06:00:00,13.352,86.583,0.082,0.033,0.118,22530.383,13993.902,12895.161,2017,March,Thursday,6
1447,2017-03-02 07:00:00,13.487,85.983,0.084,2.565,2.409,23584.34,14813.415,11094.194,2017,March,Thursday,7
1448,2017-03-02 08:00:00,13.573,86.017,0.083,100.952,96.068,26088.511,16352.439,11730.0,2017,March,Thursday,8
1449,2017-03-02 09:00:00,13.878,84.483,0.083,285.233,97.385,28855.149,18496.341,13456.452,2017,March,Thursday,9
1450,2017-03-02 10:00:00,14.645,81.767,0.084,463.667,58.227,30353.362,21243.902,15126.774,2017,March,Thursday,10
1451,2017-03-02 11:00:00,16.587,75.767,0.082,588.133,58.342,32082.383,22223.171,15990.0,2017,March,Thursday,11
1452,2017-03-02 12:00:00,19.027,68.422,0.082,680.833,52.777,33054.638,23041.463,16350.968,2017,March,Thursday,12
1453,2017-03-02 13:00:00,20.667,62.752,0.082,700.117,52.74,32982.128,22835.366,16780.645,2017,March,Thursday,13
1454,2017-03-02 14:00:00,21.463,59.94,0.082,656.317,70.56,32079.319,22401.22,16414.839,2017,March,Thursday,14
1455,2017-03-02 15:00:00,21.775,57.287,0.081,555.1,226.683,31807.66,22304.268,16055.806,2017,March,Thursday,15
1456,2017-03-02 16:00:00,21.397,58.463,1.335,406.933,429.917,32143.66,20661.585,15972.581,2017,March,Thursday,16
1457,2017-03-02 17:00:00,20.365,63.055,4.916,217.617,234.333,32102.809,19647.561,15767.419,2017,March,Thursday,17
1458,2017-03-02 18:00:00,18.827,69.79,4.917,58.238,57.317,40015.66,23609.756,22560.968,2017,March,Thursday,18
1459,2017-03-02 19:00:00,17.048,76.467,4.914,3.129,3.106,44214.128,26234.146,25178.71,2017,March,Thursday,19
1460,2017-03-02 20:00:00,15.663,80.833,4.912,0.028,0.123,44123.234,26100.0,25436.129,2017,March,Thursday,20
1461,2017-03-02 21:00:00,14.825,83.167,4.913,0.023,0.122,42162.383,25389.024,25010.323,2017,March,Thursday,21
1462,2017-03-02 22:00:00,14.307,84.7,4.913,0.025,0.116,38343.83,22864.024,23311.935,2017,March,Thursday,22
1463,2017-03-02 23:00:00,13.938,85.9,4.915,0.026,0.131,33225.191,19954.878,20085.484,2017,March,Thursday,23
1464,2017-03-03 00:00:00,13.803,85.717,4.913,0.031,0.128,28144.34,17158.537,17184.194,2017,March,Friday,0
1465,2017-03-03 01:00:00,13.387,86.15,4.912,0.038,0.1,24884.426,14942.683,15555.484,2017,March,Friday,1
1466,2017-03-03 02:00:00,13.238,86.917,4.911,0.031,0.101,23588.426,13867.073,14673.871,2017,March,Friday,2
1467,2017-03-03 03:00:00,13.3,86.2,4.91,0.03,0.127,22597.787,13636.585,14144.516,2017,March,Friday,3
1468,2017-03-03 04:00:00,13.075,87.717,4.909,0.033,0.117,22451.745,13597.561,14052.581,2017,March,Friday,4
1469,2017-03-03 05:00:00,13.208,86.967,4.911,0.033,0.124,23735.489,14516.463,14701.935,2017,March,Friday,5
1470,2017-03-03 06:00:00,12.977,86.367,4.91,0.034,0.113,22565.106,13834.146,13039.355,2017,March,Friday,6
1471,2017-03-03 07:00:00,12.737,87.75,4.91,1.586,1.527,23156.426,14757.927,10941.29,2017,March,Friday,7
1472,2017-03-03 08:00:00,12.558,87.85,4.909,85.883,81.195,25764.766,16604.268,11318.71,2017,March,Friday,8
1473,2017-03-03 09:00:00,13.553,83.767,4.912,274.867,132.467,28570.213,18870.122,13095.484,2017,March,Friday,9
1474,2017-03-03 10:00:00,14.963,77.733,4.913,416.433,77.71,30698.553,21662.195,15185.806,2017,March,Friday,10
1475,2017-03-03 11:00:00,17.577,69.322,4.914,618.35,55.198,33908.426,23173.171,16217.419,2017,March,Friday,11
1476,2017-03-03 12:00:00,20.318,55.417,4.917,700.817,61.82,33332.426,22778.659,16043.226,2017,March,Friday,12
1477,2017-03-03 13:00:00,22.405,38.42,4.919,688.567,105.633,33537.702,22612.805,16359.677,2017,March,Friday,13
1478,2017-03-03 14:00:00,23.537,36.07,4.918,650.2,139.517,33175.149,22707.927,16260.968,2017,March,Friday,14
1479,2017-03-03 15:00:00,24.147,37.778,4.918,532.5,329.267,32229.447,22028.049,15742.258,2017,March,Friday,15
1480,2017-03-03 16:00:00,23.332,45.853,4.917,402.483,414.05,31987.404,20731.098,15405.484,2017,March,Friday,16
1481,2017-03-03 17:00:00,20.66,55.837,4.919,256.867,276.117,33130.213,19813.415,15847.742,2017,March,Friday,17
1482,2017-03-03 18:00:00,19.725,56.208,4.917,86.087,94.142,40349.617,23664.024,22473.871,2017,March,Friday,18
1483,2017-03-03 19:00:00,18.648,59.267,4.919,3.365,3.328,43266.383,25642.073,25123.548,2017,March,Friday,19
1484,2017-03-03 20:00:00,16.765,66.775,4.918,0.054,0.116,43172.426,25503.659,25200.968,2017,March,Friday,20
1485,2017-03-03 21:00:00,16.17,74.1,4.917,0.039,0.107,41301.447,24293.902,24391.935,2017,March,Friday,21
1486,2017-03-03 22:00:00,16.565,83.283,4.91,0.03,0.14,37701.447,22145.122,22911.29,2017,March,Friday,22
1487,2017-03-03 23:00:00,15.95,85.367,4.909,0.024,0.13,32669.617,19220.122,20278.065,2017,March,Friday,23
1488,2017-03-04 00:00:00,15.692,86.683,4.908,0.026,0.112,27997.277,16226.22,17161.935,2017,March,Saturday,0
1489,2017-03-04 01:00:00,15.455,87.833,4.91,0.023,0.118,25022.298,14119.512,15310.645,2017,March,Saturday,1
1490,2017-03-04 02:00:00,14.797,87.667,4.91,0.032,0.11,23499.574,12977.439,14428.065,2017,March,Saturday,2
1491,2017-03-04 03:00:00,14.392,88.717,4.91,0.042,0.104,22536.511,12618.293,13938.387,2017,March,Saturday,3
1492,2017-03-04 04:00:00,14.408,87.367,4.909,0.027,0.12,22309.787,12456.707,13898.71,2017,March,Saturday,4
1493,2017-03-04 05:00:00,14.513,85.733,4.91,0.022,0.121,23580.255,13112.195,14280.0,2017,March,Saturday,5
1494,2017-03-04 06:00:00,14.427,87.283,4.911,0.027,0.116,21843.064,12121.951,12559.355,2017,March,Saturday,6
1495,2017-03-04 07:00:00,14.517,81.767,4.913,0.281,0.343,21635.745,11874.39,10548.387,2017,March,Saturday,7
1496,2017-03-04 08:00:00,14.813,73.317,4.914,10.746,10.5,24720.0,13882.317,11360.323,2017,March,Saturday,8
1497,2017-03-04 09:00:00,14.9,71.25,4.916,47.187,45.485,28516.085,16459.756,13334.516,2017,March,Saturday,9
1498,2017-03-04 10:00:00,14.9,70.162,4.914,64.738,62.9,31492.085,18328.659,15437.419,2017,March,Saturday,10
1499,2017-03-04 11:00:00,14.995,65.237,4.915,173.517,168.467,33234.383,19368.293,16766.129,2017,March,Saturday,11
1500,2017-03-04 12:00:00,15.145,62.265,4.916,248.983,240.05,34298.553,20096.951,17113.548,2017,March,Saturday,12
1501,2017-03-04 13:00:00,14.992,63.88,4.917,255.0,248.533,34486.468,19948.171,17290.645,2017,March,Saturday,13
1502,2017-03-04 14:00:00,15.047,63.207,4.92,407.3,350.4,33319.149,19397.561,17339.032,2017,March,Saturday,14
1503,2017-03-04 15:00:00,15.537,61.477,4.918,603.2,481.117,32217.191,18840.854,16719.677,2017,March,Saturday,15
1504,2017-03-04 16:00:00,15.843,59.058,4.92,618.7,628.083,32220.255,18199.39,16474.839,2017,March,Saturday,16
1505,2017-03-04 17:00:00,15.465,58.46,4.918,352.733,377.467,32626.723,18233.537,16904.516,2017,March,Saturday,17
1506,2017-03-04 18:00:00,14.935,53.428,4.92,112.058,128.625,39347.745,22048.171,22983.871,2017,March,Saturday,18
1507,2017-03-04 19:00:00,14.07,55.202,4.922,5.938,6.233,43230.638,24485.976,25374.194,2017,March,Saturday,19
1508,2017-03-04 20:00:00,13.565,58.028,4.921,0.05,0.114,42734.298,24178.049,25271.613,2017,March,Saturday,20
1509,2017-03-04 21:00:00,13.473,59.178,4.921,0.045,0.125,41001.191,23550.61,24112.258,2017,March,Saturday,21
1510,2017-03-04 22:00:00,13.533,61.613,4.92,0.05,0.111,38193.702,22388.415,23115.484,2017,March,Saturday,22
1511,2017-03-04 23:00:00,13.452,61.862,4.92,0.036,0.107,33892.085,20032.317,20719.355,2017,March,Saturday,23
1512,2017-03-05 00:00:00,13.198,63.0,4.919,0.045,0.11,28960.34,17186.585,17682.581,2017,March,Sunday,0
1513,2017-03-05 01:00:00,12.89,63.435,4.919,0.03,0.132,25316.426,14534.756,15463.548,2017,March,Sunday,1
1514,2017-03-05 02:00:00,12.702,63.095,4.92,0.036,0.116,23237.106,13067.073,14476.452,2017,March,Sunday,2
1515,2017-03-05 03:00:00,12.175,63.558,4.92,0.027,0.124,22280.17,12340.244,13866.774,2017,March,Sunday,3
1516,2017-03-05 04:00:00,11.832,63.93,4.921,0.032,0.12,22104.511,12246.341,13788.387,2017,March,Sunday,4
1517,2017-03-05 05:00:00,11.73,61.033,4.921,0.035,0.12,23158.468,12876.22,14218.065,2017,March,Sunday,5
1518,2017-03-05 06:00:00,11.453,60.175,4.92,0.042,0.117,20944.34,11183.537,12162.581,2017,March,Sunday,6
1519,2017-03-05 07:00:00,11.317,61.103,4.92,3.311,3.1,19911.83,10156.707,9681.29,2017,March,Sunday,7
1520,2017-03-05 08:00:00,11.878,61.313,4.92,117.14,115.097,21857.362,11217.683,10688.71,2017,March,Sunday,8
1521,2017-03-05 09:00:00,13.422,54.69,4.92,317.983,250.417,25379.745,13336.585,12770.323,2017,March,Sunday,9
1522,2017-03-05 10:00:00,14.482,49.527,4.919,500.333,66.587,29275.915,15473.78,14847.097,2017,March,Sunday,10
1523,2017-03-05 11:00:00,14.932,49.245,4.917,637.667,52.715,31495.149,16820.122,16181.613,2017,March,Sunday,11
1524,2017-03-05 12:00:00,15.285,48.073,4.919,720.317,50.588,32079.319,17496.341,16571.613,2017,March,Sunday,12
1525,2017-03-05 13:00:00,15.497,48.208,4.92,746.333,46.83,32258.043,17857.927,16689.677,2017,March,Sunday,13
1526,2017-03-05 14:00:00,15.733,46.735,4.92,712.0,83.145,30958.979,17885.366,16558.065,2017,March,Sunday,14
1527,2017-03-05 15:00:00,15.767,48.453,4.918,617.8,578.433,30013.277,17352.439,16539.677,2017,March,Sunday,15
1528,2017-03-05 16:00:00,15.59,49.89,4.92,471.6,521.117,29514.894,16501.829,15710.323,2017,March,Sunday,16
1529,2017-03-05 17:00:00,15.492,52.867,4.919,290.617,330.083,28967.489,16189.634,15681.29,2017,March,Sunday,17
1530,2017-03-05 18:00:00,14.965,52.418,4.919,109.485,127.055,35141.106,20085.366,21523.548,2017,March,Sunday,18
1531,2017-03-05 19:00:00,14.202,55.152,0.864,5.324,5.527,40810.213,23591.463,24876.774,2017,March,Sunday,19
1532,2017-03-05 20:00:00,13.75,58.188,0.075,0.049,0.11,41818.213,24229.878,25291.935,2017,March,Sunday,20
1533,2017-03-05 21:00:00,13.357,60.365,0.074,0.045,0.118,41290.213,23798.171,24511.935,2017,March,Sunday,21
1534,2017-03-05 22:00:00,12.898,64.612,0.074,0.045,0.104,38471.489,22637.195,22822.258,2017,March,Sunday,22
1535,2017-03-05 23:00:00,13.025,67.362,0.074,0.042,0.12,33213.957,19660.976,19635.484,2017,March,Sunday,23
1536,2017-03-06 00:00:00,13.175,70.143,0.075,0.032,0.163,28326.128,16598.171,16735.161,2017,March,Monday,0
1537,2017-03-06 01:00:00,12.995,70.967,0.075,0.037,0.178,25500.255,14517.683,15001.935,2017,March,Monday,1
1538,2017-03-06 02:00:00,12.833,71.55,0.077,0.036,0.165,23794.723,13254.268,13859.032,2017,March,Monday,2
1539,2017-03-06 03:00:00,12.987,72.117,0.081,0.033,0.15,22963.404,13145.732,13493.226,2017,March,Monday,3
1540,2017-03-06 04:00:00,12.637,73.183,0.082,0.034,0.179,23037.957,13214.024,13578.387,2017,March,Monday,4
1541,2017-03-06 05:00:00,12.013,75.367,0.084,0.035,0.155,24306.383,14125.61,14096.129,2017,March,Monday,5
1542,2017-03-06 06:00:00,11.623,79.267,0.082,0.028,0.197,23117.617,13456.098,12201.29,2017,March,Monday,6
1543,2017-03-06 07:00:00,12.04,78.1,0.086,3.093,2.989,24085.787,14572.561,10785.484,2017,March,Monday,7
1544,2017-03-06 08:00:00,12.385,76.217,0.087,53.597,50.645,27114.894,16327.439,11684.516,2017,March,Monday,8
1545,2017-03-06 09:00:00,13.385,70.735,0.082,199.517,180.35,30139.915,18359.756,13061.613,2017,March,Monday,9
1546,2017-03-06 10:00:00,14.197,67.067,0.077,461.45,229.85,33123.064,19876.829,14700.968,2017,March,Monday,10
1547,2017-03-06 11:00:00,14.77,63.957,0.076,630.233,108.683,35225.872,20694.512,15752.903,2017,March,Monday,11
1548,2017-03-06 12:00:00,15.278,60.608,0.075,721.4,71.417,36146.043,21492.073,16455.484,2017,March,Monday,12
1549,2017-03-06 13:00:00,15.488,60.087,0.075,745.333,82.2,35444.426,21269.512,16759.355,2017,March,Monday,13
1550,2017-03-06 14:00:00,15.375,59.552,0.076,715.967,216.333,34500.766,21325.61,16376.129,2017,March,Monday,14
1551,2017-03-06 15:00:00,15.507,58.94,0.076,613.05,633.833,33612.255,21373.171,16236.774,2017,March,Monday,15
1552,2017-03-06 16:00:00,15.407,59.687,0.075,466.05,510.4,33239.489,20656.707,15803.226,2017,March,Monday,16
1553,2017-03-06 17:00:00,15.098,62.017,0.076,287.667,321.267,32615.489,19929.268,15782.903,2017,March,Monday,17
1554,2017-03-06 18:00:00,14.557,63.322,0.074,105.377,120.477,39603.064,23915.244,22461.29,2017,March,Monday,18
1555,2017-03-06 19:00:00,13.852,65.542,0.074,6.077,6.347,44444.936,26182.927,25152.581,2017,March,Monday,19
1556,2017-03-06 20:00:00,12.05,73.11,0.074,0.067,0.112,44160.0,26130.488,25275.484,2017,March,Monday,20
1557,2017-03-06 21:00:00,10.717,78.733,0.075,0.068,0.109,42070.468,25382.317,24453.871,2017,March,Monday,21
1558,2017-03-06 22:00:00,10.013,81.3,0.076,0.052,0.109,38382.638,23012.195,22166.129,2017,March,Monday,22
1559,2017-03-06 23:00:00,9.523,82.95,0.074,0.047,0.106,32821.787,19818.293,19180.645,2017,March,Monday,23
1560,2017-03-07 00:00:00,9.24,84.467,0.075,0.046,0.117,28206.638,16964.024,16882.258,2017,March,Tuesday,0
1561,2017-03-07 01:00:00,9.01,85.45,0.074,0.045,0.116,25125.447,14860.976,15450.968,2017,March,Tuesday,1
1562,2017-03-07 02:00:00,8.8,86.517,0.074,0.046,0.135,23596.596,13860.366,14325.484,2017,March,Tuesday,2
1563,2017-03-07 03:00:00,8.56,87.1,0.075,0.036,0.134,22836.766,13587.805,13995.484,2017,March,Tuesday,3
1564,2017-03-07 04:00:00,8.512,87.467,0.076,0.045,0.128,22758.128,13489.024,14077.742,2017,March,Tuesday,4
1565,2017-03-07 05:00:00,8.062,87.517,0.08,0.042,0.137,24102.128,14399.39,14254.839,2017,March,Tuesday,5
1566,2017-03-07 06:00:00,8.367,87.817,0.075,0.045,0.12,22748.936,13749.39,12324.194,2017,March,Tuesday,6
1567,2017-03-07 07:00:00,7.315,88.117,0.086,4.666,4.303,23552.681,14779.878,10732.258,2017,March,Tuesday,7
1568,2017-03-07 08:00:00,7.172,88.267,0.088,117.738,112.7,26486.809,16673.78,11497.742,2017,March,Tuesday,8
1569,2017-03-07 09:00:00,9.957,87.683,0.083,315.367,305.033,29992.851,18682.927,13255.161,2017,March,Tuesday,9
1570,2017-03-07 10:00:00,13.45,83.533,0.095,493.633,199.567,32666.553,20115.854,14966.129,2017,March,Tuesday,10
1571,2017-03-07 11:00:00,15.193,73.783,0.098,632.55,72.99,35070.638,21303.049,16261.935,2017,March,Tuesday,11
1572,2017-03-07 12:00:00,16.015,69.357,0.088,711.117,66.413,35189.106,22110.976,16629.677,2017,March,Tuesday,12
1573,2017-03-07 13:00:00,16.658,65.098,0.076,738.167,64.415,35244.255,21156.098,16989.677,2017,March,Tuesday,13
1574,2017-03-07 14:00:00,17.513,58.705,0.075,710.033,348.8,34288.34,21157.317,16522.258,2017,March,Tuesday,14
1575,2017-03-07 15:00:00,17.38,58.46,0.075,550.15,575.117,32925.957,21868.293,15961.935,2017,March,Tuesday,15
1576,2017-03-07 16:00:00,17.325,55.023,0.076,482.1,528.8,31338.894,21848.171,15314.516,2017,March,Tuesday,16
1577,2017-03-07 17:00:00,16.56,59.507,0.075,300.033,327.8,31216.34,21017.683,15306.774,2017,March,Tuesday,17
1578,2017-03-07 18:00:00,15.978,64.787,0.074,143.95,158.933,36913.021,25321.341,21549.677,2017,March,Tuesday,18
1579,2017-03-07 19:00:00,14.627,72.433,0.073,12.278,12.606,41884.596,28867.073,24850.645,2017,March,Tuesday,19
1580,2017-03-07 20:00:00,14.048,73.283,0.073,0.061,0.12,41606.809,28703.659,25042.258,2017,March,Tuesday,20
1581,2017-03-07 21:00:00,12.963,78.567,0.072,0.054,0.114,39511.149,27565.854,24302.903,2017,March,Tuesday,21
1582,2017-03-07 22:00:00,11.182,83.35,0.074,0.041,0.106,36414.638,25553.049,22889.032,2017,March,Tuesday,22
1583,2017-03-07 23:00:00,10.673,85.083,0.073,0.048,0.106,33307.915,20284.146,19857.097,2017,March,Tuesday,23
1584,2017-03-08 00:00:00,10.76,85.167,0.074,0.038,0.116,28456.851,17173.78,16905.484,2017,March,Wednesday,0
1585,2017-03-08 01:00:00,10.377,85.017,0.075,0.04,0.123,25286.809,15129.878,15372.581,2017,March,Wednesday,1
1586,2017-03-08 02:00:00,10.053,84.6,0.076,0.038,0.142,23607.83,13919.512,14437.742,2017,March,Wednesday,2
1587,2017-03-08 03:00:00,10.35,84.733,0.075,0.046,0.144,22725.447,13595.122,14012.903,2017,March,Wednesday,3
1588,2017-03-08 04:00:00,10.53,84.517,0.075,0.062,0.124,23129.872,13637.195,14082.581,2017,March,Wednesday,4
1589,2017-03-08 05:00:00,10.8,83.733,0.073,0.053,0.137,24502.468,14410.976,14460.968,2017,March,Wednesday,5
1590,2017-03-08 06:00:00,10.672,83.4,0.073,0.045,0.145,22566.128,13644.512,12248.71,2017,March,Wednesday,6
1591,2017-03-08 07:00:00,10.875,81.75,0.077,2.314,2.255,23566.979,14711.585,10892.903,2017,March,Wednesday,7
1592,2017-03-08 08:00:00,11.673,78.3,0.075,36.667,35.238,26706.383,16442.073,11583.871,2017,March,Wednesday,8
1593,2017-03-08 09:00:00,13.492,73.083,0.075,224.567,210.117,30078.638,18611.585,13167.097,2017,March,Wednesday,9
1594,2017-03-08 10:00:00,14.912,68.69,0.076,447.2,340.6,32307.064,20379.268,14727.097,2017,March,Wednesday,10
1595,2017-03-08 11:00:00,15.527,66.062,0.074,640.25,133.633,35703.83,20146.341,15686.129,2017,March,Wednesday,11
1596,2017-03-08 12:00:00,15.787,66.022,0.81,677.233,172.35,37248.0,19770.122,16369.355,2017,March,Wednesday,12
1597,2017-03-08 13:00:00,15.61,68.142,0.074,427.933,357.267,36984.511,19507.927,16679.032,2017,March,Wednesday,13
1598,2017-03-08 14:00:00,15.407,67.718,0.073,342.533,327.917,36337.021,19248.171,16056.774,2017,March,Wednesday,14
1599,2017-03-08 15:00:00,15.29,67.657,0.074,241.167,232.733,35381.106,19292.073,15654.194,2017,March,Wednesday,15
1600,2017-03-08 16:00:00,15.165,68.19,0.074,209.967,201.35,34357.787,18690.854,15362.903,2017,March,Wednesday,16
1601,2017-03-08 17:00:00,15.082,69.205,0.072,134.55,129.283,33973.787,18319.512,15723.871,2017,March,Wednesday,17
1602,2017-03-08 18:00:00,14.93,71.433,0.073,91.117,91.987,40185.191,22303.659,21728.71,2017,March,Wednesday,18
1603,2017-03-08 19:00:00,14.245,74.583,0.074,8.0,8.224,45448.851,25503.659,24750.0,2017,March,Wednesday,19
1604,2017-03-08 20:00:00,12.637,79.75,0.074,0.044,0.11,46439.489,23887.195,25156.452,2017,March,Wednesday,20
1605,2017-03-08 21:00:00,11.677,83.5,0.075,0.041,0.119,44317.277,22902.439,24579.677,2017,March,Wednesday,21
1606,2017-03-08 22:00:00,11.382,85.15,0.073,0.031,0.117,40614.128,21490.854,23064.194,2017,March,Wednesday,22
1607,2017-03-08 23:00:00,11.307,85.933,0.073,0.035,0.122,33338.553,20218.293,19916.129,2017,March,Wednesday,23
1608,2017-03-09 00:00:00,11.535,86.033,0.076,0.038,0.13,28397.617,16820.732,17300.323,2017,March,Thursday,0
1609,2017-03-09 01:00:00,11.828,86.033,0.077,0.045,0.137,25546.213,14902.439,15656.129,2017,March,Thursday,1
1610,2017-03-09 02:00:00,12.24,85.517,0.074,0.048,0.113,23859.064,13908.537,14632.258,2017,March,Thursday,2
1611,2017-03-09 03:00:00,12.388,84.967,0.077,0.052,0.157,23125.787,13473.171,14418.387,2017,March,Thursday,3
1612,2017-03-09 04:00:00,12.37,84.283,0.081,0.047,0.147,22927.66,13488.415,14218.065,2017,March,Thursday,4
1613,2017-03-09 05:00:00,12.155,84.583,0.08,0.044,0.151,23836.596,14251.829,14585.806,2017,March,Thursday,5
1614,2017-03-09 06:00:00,12.128,84.917,0.079,0.048,0.134,22116.766,13411.585,12759.677,2017,March,Thursday,6
1615,2017-03-09 07:00:00,12.028,85.417,0.078,1.558,1.549,23693.617,14825.0,11414.516,2017,March,Thursday,7
1616,2017-03-09 08:00:00,12.05,85.917,0.083,27.393,25.99,26420.426,16655.488,12231.29,2017,March,Thursday,8
1617,2017-03-09 09:00:00,12.275,85.817,0.081,72.35,68.835,29290.213,18753.659,13763.226,2017,March,Thursday,9
1618,2017-03-09 10:00:00,12.735,85.0,0.078,163.883,155.983,31675.915,19518.293,14923.548,2017,March,Thursday,10
1619,2017-03-09 11:00:00,13.458,81.733,0.076,367.133,289.517,34173.957,20753.659,16176.774,2017,March,Thursday,11
1620,2017-03-09 12:00:00,14.455,76.833,0.074,567.517,314.483,33875.745,22160.366,16820.323,2017,March,Thursday,12
1621,2017-03-09 13:00:00,15.002,75.083,0.072,552.7,373.783,33888.0,22251.829,16861.935,2017,March,Thursday,13
1622,2017-03-09 14:00:00,14.957,75.133,0.072,367.45,347.567,34817.362,21003.659,16549.355,2017,March,Thursday,14
1623,2017-03-09 15:00:00,15.135,74.333,0.071,352.667,331.167,34077.957,21204.268,16292.903,2017,March,Thursday,15
1624,2017-03-09 16:00:00,15.183,74.617,0.074,281.917,272.05,32913.702,20303.659,16243.548,2017,March,Thursday,16
1625,2017-03-09 17:00:00,15.395,74.55,0.071,288.133,316.083,31608.511,20631.707,16187.419,2017,March,Thursday,17
1626,2017-03-09 18:00:00,14.922,75.883,0.072,116.962,132.705,36949.787,25454.878,22080.968,2017,March,Thursday,18
1627,2017-03-09 19:00:00,14.062,79.117,0.072,7.692,8.218,41514.894,28625.61,25357.742,2017,March,Thursday,19
1628,2017-03-09 20:00:00,12.375,83.267,0.074,0.054,0.112,41502.638,28541.463,25737.097,2017,March,Thursday,20
1629,2017-03-09 21:00:00,11.203,86.2,0.074,0.037,0.114,40947.064,26582.317,25161.29,2017,March,Thursday,21
1630,2017-03-09 22:00:00,10.69,88.4,0.075,0.041,0.105,38363.234,23285.366,22898.71,2017,March,Thursday,22
1631,2017-03-09 23:00:00,10.403,89.267,0.074,0.035,0.106,32983.149,19950.0,20108.71,2017,March,Thursday,23
1632,2017-03-10 00:00:00,10.723,89.967,0.076,0.038,0.128,28285.277,17176.22,17368.065,2017,March,Friday,0
1633,2017-03-10 01:00:00,11.3,90.617,0.078,0.044,0.098,25207.149,15010.366,15616.452,2017,March,Friday,1
1634,2017-03-10 02:00:00,11.73,90.717,0.077,0.042,0.104,23695.66,13782.927,14548.065,2017,March,Friday,2
1635,2017-03-10 03:00:00,11.877,90.917,0.079,0.041,0.113,23093.106,13462.195,14293.548,2017,March,Friday,3
1636,2017-03-10 04:00:00,11.937,90.75,0.08,0.041,0.112,22948.085,13492.683,14406.774,2017,March,Friday,4
1637,2017-03-10 05:00:00,12.022,90.35,0.081,0.036,0.128,24192.0,14426.829,14854.839,2017,March,Friday,5
1638,2017-03-10 06:00:00,12.095,89.917,0.082,0.04,0.112,22151.489,13446.341,12544.839,2017,March,Friday,6
1639,2017-03-10 07:00:00,12.005,89.283,0.078,2.059,2.03,23634.383,14614.634,10996.452,2017,March,Friday,7
1640,2017-03-10 08:00:00,11.398,88.5,0.086,32.397,30.757,25691.234,16445.732,11826.774,2017,March,Friday,8
1641,2017-03-10 09:00:00,11.07,88.333,0.089,113.677,108.087,28528.34,19426.829,13455.484,2017,March,Friday,9
1642,2017-03-10 10:00:00,12.173,88.417,0.088,378.1,198.517,30748.596,21649.39,14898.387,2017,March,Friday,10
1643,2017-03-10 11:00:00,13.953,85.183,0.09,648.517,65.898,33685.787,21560.366,15844.839,2017,March,Friday,11
1644,2017-03-10 12:00:00,17.377,67.28,0.081,733.167,52.565,33424.34,21359.146,16273.548,2017,March,Friday,12
1645,2017-03-10 13:00:00,19.673,51.847,0.078,759.0,45.468,33389.617,20793.293,16154.516,2017,March,Friday,13
1646,2017-03-10 14:00:00,20.982,45.455,0.077,724.65,41.853,33058.723,20651.829,15707.419,2017,March,Friday,14
1647,2017-03-10 15:00:00,21.588,42.695,0.076,632.85,48.098,32068.085,20444.512,15284.516,2017,March,Friday,15
1648,2017-03-10 16:00:00,21.43,41.842,0.074,490.317,443.433,31283.745,19883.537,14931.29,2017,March,Friday,16
1649,2017-03-10 17:00:00,20.548,48.587,0.076,304.083,340.917,30963.064,19086.585,15030.968,2017,March,Friday,17
1650,2017-03-10 18:00:00,19.693,53.777,0.074,117.288,135.085,37352.17,22692.073,21034.839,2017,March,Friday,18
1651,2017-03-10 19:00:00,18.19,56.855,0.074,7.695,8.238,42724.085,26018.293,25157.419,2017,March,Friday,19
1652,2017-03-10 20:00:00,17.293,58.727,0.084,0.05,0.104,42883.404,25601.829,25663.548,2017,March,Friday,20
1653,2017-03-10 21:00:00,16.973,55.743,0.084,0.062,0.105,41586.383,24273.171,25246.452,2017,March,Friday,21
1654,2017-03-10 22:00:00,15.575,64.033,0.084,0.041,0.109,38406.128,22293.902,23589.677,2017,March,Friday,22
1655,2017-03-10 23:00:00,14.273,69.438,0.082,0.044,0.12,33365.106,19593.293,20640.0,2017,March,Friday,23
1656,2017-03-11 00:00:00,13.298,72.25,0.082,0.036,0.117,28454.809,16425.61,17603.226,2017,March,Saturday,0
1657,2017-03-11 01:00:00,12.662,72.283,0.082,0.036,0.097,24784.34,14335.366,16063.548,2017,March,Saturday,1
1658,2017-03-11 02:00:00,12.15,72.983,4.428,0.029,0.119,23795.745,12993.902,15068.71,2017,March,Saturday,2
1659,2017-03-11 03:00:00,12.7,70.023,4.92,0.033,0.111,23054.298,12492.073,14469.677,2017,March,Saturday,3
1660,2017-03-11 04:00:00,11.42,73.5,4.92,0.04,0.132,22999.149,12473.171,14495.806,2017,March,Saturday,4
1661,2017-03-11 05:00:00,11.457,74.017,4.922,0.038,0.124,24098.043,13180.488,15115.161,2017,March,Saturday,5
1662,2017-03-11 06:00:00,11.773,71.667,4.919,0.035,0.149,21309.957,11627.439,12722.903,2017,March,Saturday,6
1663,2017-03-11 07:00:00,10.838,74.683,4.921,8.043,7.561,21816.511,12062.195,11216.129,2017,March,Saturday,7
1664,2017-03-11 08:00:00,10.338,78.1,4.92,141.715,126.59,24913.021,14059.756,12269.032,2017,March,Saturday,8
1665,2017-03-11 09:00:00,12.325,73.515,4.919,340.367,55.407,28471.149,17106.707,14500.645,2017,March,Saturday,9
1666,2017-03-11 10:00:00,16.488,61.933,4.922,527.467,44.067,31555.404,19486.585,16165.161,2017,March,Saturday,10
1667,2017-03-11 11:00:00,18.207,61.333,4.922,664.0,45.597,32511.319,20375.61,17077.742,2017,March,Saturday,11
1668,2017-03-11 12:00:00,20.357,53.258,4.92,738.5,48.602,32811.574,20768.293,17921.613,2017,March,Saturday,12
1669,2017-03-11 13:00:00,20.617,49.843,4.92,752.5,54.2,34735.66,20410.366,18186.774,2017,March,Saturday,13
1670,2017-03-11 14:00:00,21.21,46.875,4.921,715.5,56.898,34247.489,19790.244,18007.742,2017,March,Saturday,14
1671,2017-03-11 15:00:00,21.4,47.147,4.921,621.5,78.92,32603.234,19542.073,17612.903,2017,March,Saturday,15
1672,2017-03-11 16:00:00,20.483,56.11,4.921,457.383,214.917,31729.021,18663.415,17367.097,2017,March,Saturday,16
1673,2017-03-11 17:00:00,18.923,61.853,4.922,269.75,248.6,31232.681,17925.0,17220.968,2017,March,Saturday,17
1674,2017-03-11 18:00:00,18.023,64.632,4.92,109.932,121.467,37711.66,21479.268,22751.613,2017,March,Saturday,18
1675,2017-03-11 19:00:00,16.705,69.335,2.911,7.299,7.363,43271.489,24142.683,26288.71,2017,March,Saturday,19
1676,2017-03-11 20:00:00,15.272,74.933,0.081,0.032,0.123,42963.064,24239.634,26366.129,2017,March,Saturday,20
1677,2017-03-11 21:00:00,14.4,78.867,0.083,0.032,0.124,41251.404,23678.049,25422.581,2017,March,Saturday,21
1678,2017-03-11 22:00:00,13.993,79.967,0.083,0.033,0.134,38144.681,22412.805,23874.194,2017,March,Saturday,22
1679,2017-03-11 23:00:00,13.752,80.333,0.083,0.031,0.126,34082.043,20376.22,21811.935,2017,March,Saturday,23
1680,2017-03-12 00:00:00,13.295,81.35,0.086,0.035,0.133,29228.936,17521.341,18673.548,2017,March,Sunday,0
1681,2017-03-12 01:00:00,12.53,82.433,0.085,0.034,0.122,25768.851,15015.244,16816.452,2017,March,Sunday,1
1682,2017-03-12 02:00:00,12.26,82.267,0.084,0.037,0.126,23644.596,13704.878,15883.548,2017,March,Sunday,2
1683,2017-03-12 03:00:00,12.167,81.65,0.082,0.029,0.148,22549.787,13173.171,15375.484,2017,March,Sunday,3
1684,2017-03-12 04:00:00,11.808,81.15,0.085,0.034,0.14,22400.681,13012.195,15231.29,2017,March,Sunday,4
1685,2017-03-12 05:00:00,11.497,79.4,0.084,0.034,0.13,23113.532,13469.512,15469.355,2017,March,Sunday,5
1686,2017-03-12 06:00:00,11.562,76.5,0.085,0.044,0.124,20241.702,11439.024,12768.387,2017,March,Sunday,6
1687,2017-03-12 07:00:00,11.805,72.45,0.082,22.248,20.554,19925.106,10889.634,10824.194,2017,March,Sunday,7
1688,2017-03-12 08:00:00,11.932,71.365,0.084,157.283,125.167,22380.255,12148.171,11997.097,2017,March,Sunday,8
1689,2017-03-12 09:00:00,12.573,67.963,0.103,112.633,85.317,25911.83,14670.732,13978.065,2017,March,Sunday,9
1690,2017-03-12 10:00:00,14.528,62.035,0.103,419.45,81.8,29253.447,16665.244,15747.097,2017,March,Sunday,10
1691,2017-03-12 11:00:00,16.38,53.122,0.086,666.767,60.102,31643.234,17763.415,16759.355,2017,March,Sunday,11
1692,2017-03-12 12:00:00,17.955,47.27,0.086,746.0,60.648,32061.957,18179.878,17187.097,2017,March,Sunday,12
1693,2017-03-12 13:00:00,18.943,42.768,0.087,770.167,87.495,32580.766,18065.854,17526.774,2017,March,Sunday,13
1694,2017-03-12 14:00:00,19.423,41.807,0.087,727.267,133.4,30830.298,17653.659,17369.032,2017,March,Sunday,14
1695,2017-03-12 15:00:00,19.088,44.693,0.086,584.683,127.167,29523.064,17238.415,16948.065,2017,March,Sunday,15
1696,2017-03-12 16:00:00,19.283,44.4,0.085,475.8,99.0,28605.957,16850.61,16588.065,2017,March,Sunday,16
1697,2017-03-12 17:00:00,18.548,46.093,0.085,243.117,228.7,28242.383,16500.0,16503.871,2017,March,Sunday,17
1698,2017-03-12 18:00:00,17.327,53.07,0.085,84.672,80.177,34353.702,20138.415,21932.903,2017,March,Sunday,18
1699,2017-03-12 19:00:00,16.302,57.855,0.084,13.079,12.527,41435.234,23880.488,25992.581,2017,March,Sunday,19
1700,2017-03-12 20:00:00,15.407,63.328,0.082,0.045,0.108,42317.617,23956.098,26161.935,2017,March,Sunday,20
1701,2017-03-12 21:00:00,14.685,67.597,0.082,0.042,0.115,41016.511,23685.976,25322.903,2017,March,Sunday,21
1702,2017-03-12 22:00:00,13.603,74.767,0.088,0.034,0.126,37826.043,22550.0,22965.484,2017,March,Sunday,22
1703,2017-03-12 23:00:00,12.853,78.217,0.087,0.034,0.134,32270.298,19481.098,19962.581,2017,March,Sunday,23
1704,2017-03-13 00:00:00,11.712,81.083,0.085,0.036,0.137,27694.979,16306.098,17337.097,2017,March,Monday,0
1705,2017-03-13 01:00:00,10.727,83.567,0.085,0.032,0.134,24843.574,14503.659,15920.323,2017,March,Monday,1
1706,2017-03-13 02:00:00,10.367,84.833,0.09,0.039,0.152,23452.596,13524.39,14903.226,2017,March,Monday,2
1707,2017-03-13 03:00:00,9.712,85.733,0.09,0.032,0.143,22864.34,13238.415,14576.129,2017,March,Monday,3
1708,2017-03-13 04:00:00,9.273,86.583,0.093,0.034,0.131,22860.255,13434.146,14870.323,2017,March,Monday,4
1709,2017-03-13 05:00:00,9.192,87.55,0.087,0.032,0.14,23877.447,13961.585,15233.226,2017,March,Monday,5
1710,2017-03-13 06:00:00,9.142,87.283,0.089,0.035,0.152,22208.681,12954.268,12684.194,2017,March,Monday,6
1711,2017-03-13 07:00:00,8.658,87.717,0.086,6.456,5.799,23656.851,14411.585,11428.065,2017,March,Monday,7
1712,2017-03-13 08:00:00,8.872,87.55,0.084,124.482,87.592,26185.532,15632.927,12298.065,2017,March,Monday,8
1713,2017-03-13 09:00:00,10.223,85.833,0.086,322.083,90.567,29666.043,17821.341,13959.677,2017,March,Monday,9
1714,2017-03-13 10:00:00,12.538,80.65,0.088,507.683,98.3,32204.936,19246.341,15276.774,2017,March,Monday,10
1715,2017-03-13 11:00:00,15.325,70.283,0.086,642.95,105.05,34339.404,20584.756,16045.161,2017,March,Monday,11
1716,2017-03-13 12:00:00,17.568,61.665,0.083,718.65,112.983,35133.957,21496.341,16806.774,2017,March,Monday,12
1717,2017-03-13 13:00:00,19.255,54.323,0.08,735.333,120.15,34907.234,20849.39,17180.323,2017,March,Monday,13
1718,2017-03-13 14:00:00,18.715,58.573,0.074,691.65,127.783,34247.489,20745.122,16868.71,2017,March,Monday,14
1719,2017-03-13 15:00:00,18.023,61.222,0.075,594.667,124.233,33765.447,20946.951,16494.194,2017,March,Monday,15
1720,2017-03-13 16:00:00,18.292,60.878,0.075,457.967,133.133,33048.511,20149.39,16103.226,2017,March,Monday,16
1721,2017-03-13 17:00:00,17.51,61.165,0.075,283.983,291.75,32552.17,19889.634,16871.613,2017,March,Monday,17
1722,2017-03-13 18:00:00,16.657,63.697,0.074,110.188,116.853,39507.064,23554.268,22627.742,2017,March,Monday,18
1723,2017-03-13 19:00:00,16.187,67.347,0.074,8.1,8.017,44151.83,25949.39,25375.161,2017,March,Monday,19
1724,2017-03-13 20:00:00,15.053,76.783,0.072,0.052,0.109,43602.383,25685.976,25721.613,2017,March,Monday,20
1725,2017-03-13 21:00:00,13.092,81.4,0.074,0.059,0.095,41437.277,24732.317,24672.581,2017,March,Monday,21
1726,2017-03-13 22:00:00,12.587,83.55,0.073,0.042,0.11,37468.596,22406.098,22315.161,2017,March,Monday,22
1727,2017-03-13 23:00:00,12.695,85.033,0.072,0.032,0.101,31863.83,18965.854,19158.387,2017,March,Monday,23
1728,2017-03-14 00:00:00,14.265,84.833,0.074,0.034,0.102,27431.489,16370.122,16908.387,2017,March,Tuesday,0
1729,2017-03-14 01:00:00,14.258,83.633,0.073,0.02,0.146,24384.0,14757.927,15612.581,2017,March,Tuesday,1
1730,2017-03-14 02:00:00,14.498,82.633,0.072,0.024,0.127,23152.34,13785.366,14792.903,2017,March,Tuesday,2
1731,2017-03-14 03:00:00,14.617,81.55,0.07,0.037,0.125,22647.83,13587.805,14703.871,2017,March,Tuesday,3
1732,2017-03-14 04:00:00,14.52,81.35,0.074,0.035,0.147,22848.0,13886.585,15180.968,2017,March,Tuesday,4
1733,2017-03-14 05:00:00,13.912,82.467,0.072,0.047,0.143,23989.787,14680.488,15571.935,2017,March,Tuesday,5
1734,2017-03-14 06:00:00,12.96,83.783,0.074,0.032,0.132,21504.0,13393.293,12694.839,2017,March,Tuesday,6
1735,2017-03-14 07:00:00,11.678,84.417,0.085,6.492,5.773,23003.234,14710.976,11487.097,2017,March,Tuesday,7
1736,2017-03-14 08:00:00,11.372,84.783,0.084,75.907,68.12,25744.34,16362.195,12240.968,2017,March,Tuesday,8
1737,2017-03-14 09:00:00,12.628,84.267,0.084,221.217,164.35,28904.17,18318.902,13979.032,2017,March,Tuesday,9
1738,2017-03-14 10:00:00,14.73,81.583,0.077,264.933,207.25,31921.021,19801.22,15172.258,2017,March,Tuesday,10
1739,2017-03-14 11:00:00,15.855,72.515,0.073,373.317,273.95,33524.426,20671.951,16167.097,2017,March,Tuesday,11
1740,2017-03-14 12:00:00,16.702,68.778,0.074,564.9,242.617,33969.702,21175.0,16978.065,2017,March,Tuesday,12
1741,2017-03-14 13:00:00,17.015,67.345,0.073,670.117,192.467,33628.596,20465.854,17131.935,2017,March,Tuesday,13
1742,2017-03-14 14:00:00,17.162,66.85,0.073,567.55,193.467,33122.043,20105.488,16974.194,2017,March,Tuesday,14
1743,2017-03-14 15:00:00,16.483,68.317,0.073,322.067,236.717,32762.553,20369.512,16741.935,2017,March,Tuesday,15
1744,2017-03-14 16:00:00,16.608,67.773,0.073,352.567,244.333,31843.404,20017.073,17239.355,2017,March,Tuesday,16
1745,2017-03-14 17:00:00,16.795,67.017,0.073,268.25,271.883,31912.851,20859.146,18684.194,2017,March,Tuesday,17
1746,2017-03-14 18:00:00,16.097,69.663,0.072,101.01,102.812,40844.936,24905.488,23769.677,2017,March,Tuesday,18
1747,2017-03-14 19:00:00,15.42,73.033,0.071,6.958,6.445,44407.149,26590.244,25790.323,2017,March,Tuesday,19
1748,2017-03-14 20:00:00,14.767,75.333,0.075,0.059,0.114,43792.34,26240.244,25907.419,2017,March,Tuesday,20
1749,2017-03-14 21:00:00,13.273,78.017,0.072,0.045,0.102,41161.532,25021.341,24797.419,2017,March,Tuesday,21
1750,2017-03-14 22:00:00,12.332,80.883,0.072,0.05,0.102,37411.404,22444.512,22374.194,2017,March,Tuesday,22
1751,2017-03-14 23:00:00,11.992,82.417,0.083,0.036,0.11,31968.0,19216.463,19203.871,2017,March,Tuesday,23
1752,2017-03-15 00:00:00,11.65,84.083,0.085,0.038,0.123,27423.319,16234.756,16462.258,2017,March,Wednesday,0
1753,2017-03-15 01:00:00,10.987,85.833,0.083,0.035,0.141,24694.468,14393.293,14790.968,2017,March,Wednesday,1
1754,2017-03-15 02:00:00,10.212,87.267,0.081,0.04,0.146,23297.362,13507.317,13988.71,2017,March,Wednesday,2
1755,2017-03-15 03:00:00,9.88,87.7,0.082,0.025,0.129,22578.383,13228.049,13735.161,2017,March,Wednesday,3
1756,2017-03-15 04:00:00,8.947,88.467,0.082,0.035,0.133,22839.83,13526.829,13953.871,2017,March,Wednesday,4
1757,2017-03-15 05:00:00,8.735,89.783,0.087,0.035,0.12,23697.702,14332.927,14636.129,2017,March,Wednesday,5
1758,2017-03-15 06:00:00,9.178,90.067,0.09,0.034,0.111,21587.745,13285.976,12095.806,2017,March,Wednesday,6
1759,2017-03-15 07:00:00,8.437,90.95,0.095,13.947,12.732,23857.021,15203.049,10992.581,2017,March,Wednesday,7
1760,2017-03-15 08:00:00,8.632,88.183,0.089,166.167,146.05,26461.277,16596.341,11547.097,2017,March,Wednesday,8
1761,2017-03-15 09:00:00,10.697,82.967,0.091,365.367,58.042,30707.745,17927.439,13154.516,2017,March,Wednesday,9
1762,2017-03-15 10:00:00,14.297,66.155,0.088,535.733,57.165,34737.702,18438.415,14801.613,2017,March,Wednesday,10
1763,2017-03-15 11:00:00,16.952,50.378,0.09,667.083,62.308,36292.085,21100.0,16315.161,2017,March,Wednesday,11
1764,2017-03-15 12:00:00,18.223,43.998,0.089,752.0,69.047,38173.277,22099.39,17074.839,2017,March,Wednesday,12
1765,2017-03-15 13:00:00,18.68,43.782,0.081,587.783,138.967,37866.894,22455.488,17828.71,2017,March,Wednesday,13
1766,2017-03-15 14:00:00,18.352,48.587,0.077,677.867,122.1,36563.745,22391.463,17667.097,2017,March,Wednesday,14
1767,2017-03-15 15:00:00,18.497,47.713,0.076,648.75,116.5,36104.17,22354.268,17174.516,2017,March,Wednesday,15
1768,2017-03-15 16:00:00,18.022,48.798,0.076,479.7,219.617,35763.064,21609.756,16590.968,2017,March,Wednesday,16
1769,2017-03-15 17:00:00,17.53,51.34,0.077,285.45,301.617,36040.851,21262.195,16878.387,2017,March,Wednesday,17
1770,2017-03-15 18:00:00,16.962,51.675,0.076,107.787,113.088,41167.66,24215.854,22743.871,2017,March,Wednesday,18
1771,2017-03-15 19:00:00,16.227,53.82,0.076,7.144,6.551,44290.723,25963.415,25744.839,2017,March,Wednesday,19
1772,2017-03-15 20:00:00,13.877,60.86,0.075,0.054,0.126,43827.064,25910.976,25821.29,2017,March,Wednesday,20
1773,2017-03-15 21:00:00,12.45,63.167,0.074,0.06,0.106,41651.745,25062.195,24790.645,2017,March,Wednesday,21
1774,2017-03-15 22:00:00,11.895,63.878,0.074,0.068,0.101,37627.915,22628.659,22461.29,2017,March,Wednesday,22
1775,2017-03-15 23:00:00,11.288,65.743,0.082,0.06,0.108,32264.17,19384.146,19434.194,2017,March,Wednesday,23
1776,2017-03-16 00:00:00,11.15,72.025,0.087,0.046,0.103,27831.83,16547.561,16611.29,2017,March,Thursday,0
1777,2017-03-16 01:00:00,10.663,78.25,0.075,0.035,0.108,24953.872,14823.171,15199.355,2017,March,Thursday,1
1778,2017-03-16 02:00:00,10.17,81.117,0.079,0.038,0.108,23501.617,13798.171,14453.226,2017,March,Thursday,2
1779,2017-03-16 03:00:00,9.878,82.283,0.073,0.042,0.112,23011.404,13440.244,14061.29,2017,March,Thursday,3
1780,2017-03-16 04:00:00,9.685,82.417,0.075,0.047,0.118,23019.574,13487.195,14164.839,2017,March,Thursday,4
1781,2017-03-16 05:00:00,9.322,83.517,0.083,0.035,0.141,23857.021,14249.39,14407.742,2017,March,Thursday,5
1782,2017-03-16 06:00:00,9.545,84.533,0.086,0.049,0.121,21681.702,13056.707,11738.71,2017,March,Thursday,6
1783,2017-03-16 07:00:00,10.233,83.867,0.084,4.445,4.126,24253.277,14917.073,11209.355,2017,March,Thursday,7
1784,2017-03-16 08:00:00,11.115,81.75,0.086,53.48,48.382,26524.596,16509.756,11853.871,2017,March,Thursday,8
1785,2017-03-16 09:00:00,12.467,78.633,0.082,170.828,140.477,30097.021,17564.634,15071.613,2017,March,Thursday,9
1786,2017-03-16 10:00:00,14.553,74.2,0.084,224.717,194.35,33448.851,20179.268,15346.452,2017,March,Thursday,10
1787,2017-03-16 11:00:00,15.478,68.505,0.081,206.15,181.8,36645.447,21520.122,16489.355,2017,March,Thursday,11
1788,2017-03-16 12:00:00,15.953,69.868,0.075,530.25,258.2,38144.681,22826.22,17520.968,2017,March,Thursday,12
1789,2017-03-16 13:00:00,16.232,65.96,0.074,269.983,188.75,38195.745,22789.634,18043.548,2017,March,Thursday,13
1790,2017-03-16 14:00:00,16.278,65.26,0.074,353.033,249.6,37111.149,22495.122,17662.258,2017,March,Thursday,14
1791,2017-03-16 15:00:00,16.498,67.468,0.075,260.0,167.133,36306.383,22565.854,17418.387,2017,March,Thursday,15
1792,2017-03-16 16:00:00,14.335,74.333,0.082,77.448,71.577,35761.021,21955.488,17089.355,2017,March,Thursday,16
1793,2017-03-16 17:00:00,12.757,76.8,0.084,45.93,42.518,35885.617,21882.927,17425.161,2017,March,Thursday,17
1794,2017-03-16 18:00:00,12.035,76.933,0.08,49.992,46.12,41169.702,24485.366,22612.258,2017,March,Thursday,18
1795,2017-03-16 19:00:00,11.628,79.433,0.086,1.704,1.637,44223.319,26239.634,25247.419,2017,March,Thursday,19
1796,2017-03-16 20:00:00,11.795,78.933,0.08,0.073,0.137,43982.298,26114.024,25538.71,2017,March,Thursday,20
1797,2017-03-16 21:00:00,11.657,79.6,0.08,0.069,0.15,41986.723,25321.341,24887.419,2017,March,Thursday,21
1798,2017-03-16 22:00:00,11.432,81.033,0.078,0.067,0.158,37903.66,22621.341,22712.903,2017,March,Thursday,22
1799,2017-03-16 23:00:00,11.62,80.95,0.081,0.062,0.146,32911.66,19637.805,20066.129,2017,March,Thursday,23
1800,2017-03-17 00:00:00,11.085,80.45,0.078,0.068,0.147,28322.043,16785.976,16940.323,2017,March,Friday,0
1801,2017-03-17 01:00:00,10.923,82.783,0.075,0.078,0.161,25223.489,14814.024,15115.161,2017,March,Friday,1
1802,2017-03-17 02:00:00,10.932,84.3,0.08,0.078,0.163,23430.128,13753.049,14255.806,2017,March,Friday,2
1803,2017-03-17 03:00:00,10.545,85.633,0.084,0.09,0.155,22408.851,13380.488,13668.387,2017,March,Friday,3
1804,2017-03-17 04:00:00,10.195,86.35,0.083,0.075,0.149,22598.809,13367.073,13740.968,2017,March,Friday,4
1805,2017-03-17 05:00:00,9.778,87.333,0.071,0.071,0.178,23865.191,13940.244,14098.065,2017,March,Friday,5
1806,2017-03-17 06:00:00,9.673,88.233,0.073,0.078,0.168,21677.617,12845.122,11663.226,2017,March,Friday,6
1807,2017-03-17 07:00:00,9.675,88.75,0.072,11.388,10.25,23497.532,14645.732,10830.968,2017,March,Friday,7
1808,2017-03-17 08:00:00,10.28,89.35,0.068,149.297,135.407,26022.128,16396.951,11321.613,2017,March,Friday,8
1809,2017-03-17 09:00:00,11.772,88.9,0.072,331.65,175.133,30677.106,18040.244,13131.29,2017,March,Friday,9
1810,2017-03-17 10:00:00,12.713,83.1,0.074,267.5,224.133,33173.106,20843.902,14671.935,2017,March,Friday,10
1811,2017-03-17 11:00:00,13.567,74.767,0.075,288.167,259.1,35236.085,22360.366,16290.0,2017,March,Friday,11
1812,2017-03-17 12:00:00,13.955,72.6,0.074,291.633,260.183,34492.596,22622.561,16689.677,2017,March,Friday,12
1813,2017-03-17 13:00:00,13.957,74.567,0.072,249.133,230.033,34490.553,21685.366,16306.452,2017,March,Friday,13
1814,2017-03-17 14:00:00,14.022,73.967,0.075,242.95,225.283,33851.234,21360.366,15646.452,2017,March,Friday,14
1815,2017-03-17 15:00:00,13.83,74.7,0.072,127.2,119.1,33191.489,19515.854,16389.677,2017,March,Friday,15
1816,2017-03-17 16:00:00,13.825,75.217,0.074,150.683,139.633,32617.532,19046.341,16350.0,2017,March,Friday,16
1817,2017-03-17 17:00:00,14.207,73.467,0.072,137.883,126.583,32021.106,18251.829,16696.452,2017,March,Friday,17
1818,2017-03-17 18:00:00,14.247,66.85,0.075,40.928,37.738,37683.064,20779.878,22699.355,2017,March,Friday,18
1819,2017-03-17 19:00:00,13.095,75.95,0.074,1.353,1.358,43138.723,23671.341,26684.516,2017,March,Friday,19
1820,2017-03-17 20:00:00,12.98,80.083,0.074,0.062,0.139,43024.34,23445.732,27136.452,2017,March,Friday,20
1821,2017-03-17 21:00:00,12.348,83.033,0.072,0.071,0.121,41661.957,22390.244,26779.355,2017,March,Friday,21
1822,2017-03-17 22:00:00,11.647,85.433,0.07,0.066,0.142,38618.553,20391.463,25236.774,2017,March,Friday,22
1823,2017-03-17 23:00:00,11.283,86.883,0.071,0.084,0.131,33693.957,17954.268,22014.194,2017,March,Friday,23
1824,2017-03-18 00:00:00,11.903,88.117,0.071,0.073,0.145,28716.255,15642.073,18083.226,2017,March,Saturday,0
1825,2017-03-18 01:00:00,11.07,87.667,0.069,0.084,0.132,25025.362,14086.585,15224.516,2017,March,Saturday,1
1826,2017-03-18 02:00:00,10.487,88.15,0.082,0.068,0.142,23334.128,12906.707,14198.71,2017,March,Saturday,2
1827,2017-03-18 03:00:00,10.04,88.15,0.083,0.062,0.123,22829.617,12510.366,13803.871,2017,March,Saturday,3
1828,2017-03-18 04:00:00,9.942,88.083,0.084,0.064,0.136,23301.447,12547.561,13879.355,2017,March,Saturday,4
1829,2017-03-18 05:00:00,9.8,87.883,0.081,0.052,0.13,23914.213,13010.366,14097.097,2017,March,Saturday,5
1830,2017-03-18 06:00:00,9.92,87.483,0.08,0.067,0.119,20832.0,11118.902,11237.419,2017,March,Saturday,6
1831,2017-03-18 07:00:00,10.317,86.117,0.082,2.948,2.779,21669.447,11994.512,10514.516,2017,March,Saturday,7
1832,2017-03-18 08:00:00,10.402,84.567,0.086,35.22,32.343,24962.043,14147.561,11496.774,2017,March,Saturday,8
1833,2017-03-18 09:00:00,10.838,83.9,0.083,112.633,104.2,29116.596,17042.683,13439.032,2017,March,Saturday,9
1834,2017-03-18 10:00:00,11.917,81.9,0.085,235.3,211.483,32264.17,18989.634,15349.355,2017,March,Saturday,10
1835,2017-03-18 11:00:00,12.993,79.417,0.086,143.6,132.017,34384.34,20294.512,16662.581,2017,March,Saturday,11
1836,2017-03-18 12:00:00,13.683,76.967,0.086,108.6,100.738,34660.085,20586.585,17229.677,2017,March,Saturday,12
1837,2017-03-18 13:00:00,12.457,83.2,0.085,62.442,57.162,35393.362,20375.61,17501.613,2017,March,Saturday,13
1838,2017-03-18 14:00:00,11.577,87.033,0.084,77.713,70.602,34188.255,19798.78,17160.0,2017,March,Saturday,14
1839,2017-03-18 15:00:00,11.638,88.467,0.083,147.7,136.117,32891.234,19356.707,16805.806,2017,March,Saturday,15
1840,2017-03-18 16:00:00,11.533,88.35,0.082,65.22,60.515,31508.426,18601.829,16224.194,2017,March,Saturday,16
1841,2017-03-18 17:00:00,12.108,87.417,0.082,112.942,103.165,31226.553,17848.171,16414.839,2017,March,Saturday,17
1842,2017-03-18 18:00:00,12.817,82.9,0.082,49.612,45.675,36614.809,20484.146,21371.613,2017,March,Saturday,18
1843,2017-03-18 19:00:00,12.957,80.483,0.085,3.172,3.004,42950.809,23871.951,25441.935,2017,March,Saturday,19
1844,2017-03-18 20:00:00,12.58,81.683,0.075,0.054,0.172,42609.702,23826.829,25658.71,2017,March,Saturday,20
1845,2017-03-18 21:00:00,12.118,84.467,0.071,0.067,0.151,41149.277,23509.146,24875.806,2017,March,Saturday,21
1846,2017-03-18 22:00:00,11.815,85.95,0.073,0.063,0.167,38675.745,22391.463,23651.613,2017,March,Saturday,22
1847,2017-03-18 23:00:00,11.587,86.717,0.073,0.064,0.158,34276.085,19867.073,21101.613,2017,March,Saturday,23
1848,2017-03-19 00:00:00,11.443,87.05,0.081,0.057,0.154,29122.723,16860.976,17747.419,2017,March,Sunday,0
1849,2017-03-19 01:00:00,10.73,87.817,0.079,0.065,0.152,25589.106,14711.585,15879.677,2017,March,Sunday,1
1850,2017-03-19 02:00:00,10.692,88.833,0.079,0.07,0.147,23677.277,13408.537,14842.258,2017,March,Sunday,2
1851,2017-03-19 03:00:00,10.362,89.5,0.081,0.075,0.15,22760.17,12871.341,14489.032,2017,March,Sunday,3
1852,2017-03-19 04:00:00,10.093,89.983,0.083,0.064,0.148,22721.362,12505.488,14335.161,2017,March,Sunday,4
1853,2017-03-19 05:00:00,9.852,90.55,0.081,0.067,0.139,23207.489,12721.341,14333.226,2017,March,Sunday,5
1854,2017-03-19 06:00:00,9.98,89.683,0.08,0.072,0.116,19653.447,10387.805,11198.71,2017,March,Sunday,6
1855,2017-03-19 07:00:00,10.533,84.667,0.081,1.5,1.473,19598.298,10363.415,9847.742,2017,March,Sunday,7
1856,2017-03-19 08:00:00,10.997,80.183,0.083,12.872,11.968,21941.106,11626.22,11040.968,2017,March,Sunday,8
1857,2017-03-19 09:00:00,11.982,75.7,0.08,29.853,27.627,26344.851,13087.195,12887.419,2017,March,Sunday,9
1858,2017-03-19 10:00:00,12.883,70.437,0.08,63.428,58.723,30687.319,14494.512,15030.968,2017,March,Sunday,10
1859,2017-03-19 11:00:00,13.183,68.977,0.078,69.128,63.548,32443.915,16003.049,16044.194,2017,March,Sunday,11
1860,2017-03-19 12:00:00,12.888,73.055,0.081,94.748,87.415,32625.702,17557.927,16608.387,2017,March,Sunday,12
1861,2017-03-19 13:00:00,12.977,74.433,0.079,141.933,130.783,32923.915,18055.488,16802.903,2017,March,Sunday,13
1862,2017-03-19 14:00:00,13.323,71.675,0.077,170.267,156.467,32070.128,17659.146,16771.935,2017,March,Sunday,14
1863,2017-03-19 15:00:00,13.477,68.437,0.08,168.733,153.8,30734.298,17284.146,16300.645,2017,March,Sunday,15
1864,2017-03-19 16:00:00,13.907,63.245,0.08,130.917,120.45,29757.957,16548.171,16007.419,2017,March,Sunday,16
1865,2017-03-19 17:00:00,14.3,57.35,0.084,67.382,62.555,29241.191,16230.488,15376.452,2017,March,Sunday,17
1866,2017-03-19 18:00:00,13.643,64.43,0.086,22.033,20.288,33979.915,18917.683,20052.581,2017,March,Sunday,18
1867,2017-03-19 19:00:00,13.14,67.447,0.083,2.71,2.621,41586.383,23293.293,24705.484,2017,March,Sunday,19
1868,2017-03-19 20:00:00,12.427,72.65,0.081,0.064,0.148,42427.915,23764.024,25122.581,2017,March,Sunday,20
1869,2017-03-19 21:00:00,12.262,76.433,0.085,0.061,0.16,41508.766,23724.39,24704.516,2017,March,Sunday,21
1870,2017-03-19 22:00:00,11.568,79.583,0.078,0.047,0.169,38477.617,22522.561,23040.968,2017,March,Sunday,22
1871,2017-03-19 23:00:00,11.212,81.633,0.073,0.055,0.153,32872.851,19409.756,19885.161,2017,March,Sunday,23
1872,2017-03-20 00:00:00,11.447,83.183,0.083,0.058,0.146,27889.021,16344.512,16742.903,2017,March,Monday,0
1873,2017-03-20 01:00:00,11.125,84.95,0.082,0.054,0.136,24606.638,14394.512,15034.839,2017,March,Monday,1
1874,2017-03-20 02:00:00,10.982,85.717,0.08,0.068,0.141,23182.979,13375.0,14324.516,2017,March,Monday,2
1875,2017-03-20 03:00:00,10.83,86.167,0.083,0.058,0.148,22392.511,13077.439,13911.29,2017,March,Monday,3
1876,2017-03-20 04:00:00,10.592,87.1,0.082,0.051,0.166,22629.447,13280.488,13975.161,2017,March,Monday,4
1877,2017-03-20 05:00:00,10.653,87.8,0.081,0.074,0.126,23330.043,13640.244,14140.645,2017,March,Monday,5
1878,2017-03-20 06:00:00,10.473,88.433,0.085,0.053,0.167,20470.468,12492.683,11188.065,2017,March,Monday,6
1879,2017-03-20 07:00:00,10.18,89.133,0.082,10.697,9.925,22494.638,14417.683,10694.516,2017,March,Monday,7
1880,2017-03-20 08:00:00,10.367,89.783,0.081,33.868,31.712,25276.596,16267.073,11483.226,2017,March,Monday,8
1881,2017-03-20 09:00:00,11.268,89.8,0.083,66.565,58.11,28732.596,18671.341,13093.548,2017,March,Monday,9
1882,2017-03-20 10:00:00,12.472,88.617,0.079,151.267,133.2,31389.957,19999.39,14579.032,2017,March,Monday,10
1883,2017-03-20 11:00:00,13.775,84.483,0.072,262.733,226.0,33926.809,21018.293,15927.097,2017,March,Monday,11
1884,2017-03-20 12:00:00,14.815,75.33,0.077,330.983,251.267,34823.489,21602.439,16592.903,2017,March,Monday,12
1885,2017-03-20 13:00:00,15.39,63.847,0.081,514.833,323.717,34519.149,21258.537,16823.226,2017,March,Monday,13
1886,2017-03-20 14:00:00,16.163,58.417,0.082,539.433,325.067,33816.511,21162.805,16378.065,2017,March,Monday,14
1887,2017-03-20 15:00:00,16.367,58.208,0.081,398.783,300.483,33710.298,21071.951,15987.097,2017,March,Monday,15
1888,2017-03-20 16:00:00,15.365,63.128,0.081,288.867,266.167,32576.681,20417.683,15576.774,2017,March,Monday,16
1889,2017-03-20 17:00:00,15.75,59.05,0.081,122.938,115.8,32019.064,19746.341,15657.097,2017,March,Monday,17
1890,2017-03-20 18:00:00,14.565,69.138,0.083,62.952,58.35,37503.319,22819.512,20829.677,2017,March,Monday,18
1891,2017-03-20 19:00:00,14.613,66.97,0.082,6.909,6.313,44223.319,26439.634,25100.323,2017,March,Monday,19
1892,2017-03-20 20:00:00,14.085,70.8,0.082,0.064,0.132,44188.596,26572.561,25275.484,2017,March,Monday,20
1893,2017-03-20 21:00:00,13.708,72.983,0.084,0.071,0.112,42429.957,25607.927,24771.29,2017,March,Monday,21
1894,2017-03-20 22:00:00,13.018,76.95,0.083,0.062,0.128,38412.255,23237.195,22427.419,2017,March,Monday,22
1895,2017-03-20 23:00:00,12.438,79.517,0.078,0.074,0.118,32664.511,19992.683,19474.839,2017,March,Monday,23
1896,2017-03-21 00:00:00,11.983,81.167,0.084,0.073,0.126,27746.043,17043.902,16423.548,2017,March,Tuesday,0
1897,2017-03-21 01:00:00,11.583,83.067,0.076,0.073,0.135,24751.66,15214.634,14897.419,2017,March,Tuesday,1
1898,2017-03-21 02:00:00,11.488,84.083,0.078,0.062,0.133,23350.468,14006.098,14052.581,2017,March,Tuesday,2
1899,2017-03-21 03:00:00,11.482,84.933,0.076,0.061,0.116,22719.319,13780.488,13803.871,2017,March,Tuesday,3
1900,2017-03-21 04:00:00,11.495,85.867,0.072,0.074,0.128,23101.277,14086.585,14070.0,2017,March,Tuesday,4
1901,2017-03-21 05:00:00,11.892,86.483,0.076,0.077,0.115,23697.702,14243.902,14167.742,2017,March,Tuesday,5
1902,2017-03-21 06:00:00,12.05,86.733,0.073,0.07,0.14,21077.106,12915.244,10924.839,2017,March,Tuesday,6
1903,2017-03-21 07:00:00,12.05,87.083,0.08,2.462,2.274,23477.106,14542.683,10446.774,2017,March,Tuesday,7
1904,2017-03-21 08:00:00,12.235,85.9,0.08,18.143,16.718,25828.085,16168.902,11301.29,2017,March,Tuesday,8
1905,2017-03-21 09:00:00,12.647,84.667,0.08,71.728,66.36,26937.191,17135.366,12905.806,2017,March,Tuesday,9
1906,2017-03-21 10:00:00,14.1,78.933,0.077,180.783,154.533,28802.043,18130.488,15490.645,2017,March,Tuesday,10
1907,2017-03-21 11:00:00,16.628,57.713,0.081,590.033,172.783,30299.234,19998.78,16870.645,2017,March,Tuesday,11
1908,2017-03-21 12:00:00,17.748,55.78,0.078,718.3,267.933,32468.426,20498.171,17303.226,2017,March,Tuesday,12
1909,2017-03-21 13:00:00,17.582,62.072,0.082,615.167,302.6,33324.255,20050.61,17488.065,2017,March,Tuesday,13
1910,2017-03-21 14:00:00,17.573,57.533,0.082,377.567,279.25,33818.553,20292.073,17042.903,2017,March,Tuesday,14
1911,2017-03-21 15:00:00,16.703,65.478,0.082,177.317,160.033,33681.702,20482.317,16450.645,2017,March,Tuesday,15
1912,2017-03-21 16:00:00,15.748,71.17,0.082,170.683,158.167,32621.617,20659.756,15158.71,2017,March,Tuesday,16
1913,2017-03-21 17:00:00,16.752,64.74,0.085,129.117,120.055,31733.106,19771.341,15270.968,2017,March,Tuesday,17
1914,2017-03-21 18:00:00,16.45,67.31,0.08,38.435,36.053,37444.085,22857.927,20497.742,2017,March,Tuesday,18
1915,2017-03-21 19:00:00,14.938,77.983,0.079,4.04,3.936,44135.489,27120.122,24756.774,2017,March,Tuesday,19
1916,2017-03-21 20:00:00,14.08,79.567,0.083,0.069,0.172,43749.447,26504.268,24999.677,2017,March,Tuesday,20
1917,2017-03-21 21:00:00,13.887,79.783,0.081,0.068,0.154,41898.894,25509.146,23975.806,2017,March,Tuesday,21
1918,2017-03-21 22:00:00,13.263,81.367,0.08,0.063,0.16,37946.553,23218.902,22191.29,2017,March,Tuesday,22
1919,2017-03-21 23:00:00,12.42,83.983,0.074,0.066,0.152,32913.702,20255.488,19744.839,2017,March,Tuesday,23
1920,2017-03-22 00:00:00,11.427,86.233,0.071,0.065,0.154,28105.532,17370.732,16606.452,2017,March,Wednesday,0
1921,2017-03-22 01:00:00,11.083,87.567,0.074,0.074,0.151,24690.383,15204.268,14863.548,2017,March,Wednesday,1
1922,2017-03-22 02:00:00,10.54,88.3,0.082,0.06,0.156,23405.617,14130.488,13862.903,2017,March,Wednesday,2
1923,2017-03-22 03:00:00,10.105,89.183,0.08,0.076,0.163,22758.128,13746.951,13476.774,2017,March,Wednesday,3
1924,2017-03-22 04:00:00,9.712,89.867,0.08,0.066,0.145,23009.362,14062.805,13653.871,2017,March,Wednesday,4
1925,2017-03-22 05:00:00,9.465,90.317,0.083,0.072,0.148,23446.468,14231.098,13677.097,2017,March,Wednesday,5
1926,2017-03-22 06:00:00,9.618,90.45,0.081,0.063,0.148,20936.17,12871.951,10659.677,2017,March,Wednesday,6
1927,2017-03-22 07:00:00,9.773,90.583,0.083,10.948,9.946,23701.787,14637.195,10439.032,2017,March,Wednesday,7
1928,2017-03-22 08:00:00,9.822,90.517,0.082,71.202,63.36,26520.511,16673.78,11257.742,2017,March,Wednesday,8
1929,2017-03-22 09:00:00,10.447,90.433,0.085,311.133,265.083,30971.234,17534.146,12779.032,2017,March,Wednesday,9
1930,2017-03-22 10:00:00,12.8,89.217,0.084,530.867,189.633,32693.106,19756.098,14488.065,2017,March,Wednesday,10
1931,2017-03-22 11:00:00,15.083,82.9,0.077,391.2,246.9,33675.574,21835.366,15902.903,2017,March,Wednesday,11
1932,2017-03-22 12:00:00,16.823,69.647,0.074,654.333,268.067,35117.617,22196.341,16416.774,2017,March,Wednesday,12
1933,2017-03-22 13:00:00,17.428,70.8,0.074,697.983,299.35,35109.447,21395.732,16440.0,2017,March,Wednesday,13
1934,2017-03-22 14:00:00,16.342,76.917,0.078,126.653,116.537,34245.447,21372.561,16057.742,2017,March,Wednesday,14
1935,2017-03-22 15:00:00,15.202,83.733,0.071,142.9,128.067,33448.851,21522.561,15805.161,2017,March,Wednesday,15
1936,2017-03-22 16:00:00,15.31,82.6,0.078,135.583,121.783,32321.362,21195.122,15477.097,2017,March,Wednesday,16
1937,2017-03-22 17:00:00,16.567,69.643,0.081,188.917,183.35,32178.383,20767.073,15938.71,2017,March,Wednesday,17
1938,2017-03-22 18:00:00,16.482,67.685,0.081,82.735,88.087,37779.064,23269.512,20877.097,2017,March,Wednesday,18
1939,2017-03-22 19:00:00,15.627,71.7,0.082,6.199,5.866,43998.638,26505.488,25013.226,2017,March,Wednesday,19
1940,2017-03-22 20:00:00,15.235,71.08,0.082,0.055,0.11,43649.362,26366.463,25212.581,2017,March,Wednesday,20
1941,2017-03-22 21:00:00,14.697,74.733,0.08,0.078,0.168,41956.085,25394.512,24374.516,2017,March,Wednesday,21
1942,2017-03-22 22:00:00,14.27,79.45,0.078,0.08,0.208,38050.723,22826.22,22521.29,2017,March,Wednesday,22
1943,2017-03-22 23:00:00,13.267,84.7,0.077,0.1,0.19,32466.383,19377.439,19411.935,2017,March,Wednesday,23
1944,2017-03-23 00:00:00,12.758,79.417,0.077,0.076,0.18,27854.298,16776.829,16830.968,2017,March,Thursday,0
1945,2017-03-23 01:00:00,12.533,66.547,0.078,0.063,0.131,24792.511,14990.244,15330.0,2017,March,Thursday,1
1946,2017-03-23 02:00:00,12.382,64.805,0.08,0.053,0.134,23368.851,13941.463,14050.645,2017,March,Thursday,2
1947,2017-03-23 03:00:00,11.062,71.713,0.082,0.069,0.13,22960.34,13253.659,13921.935,2017,March,Thursday,3
1948,2017-03-23 04:00:00,10.993,66.983,0.081,0.065,0.127,23358.638,13521.951,13914.194,2017,March,Thursday,4
1949,2017-03-23 05:00:00,10.942,60.787,0.08,0.051,0.12,23744.681,13518.902,13721.613,2017,March,Thursday,5
1950,2017-03-23 06:00:00,11.105,57.773,0.08,0.054,0.128,20858.553,12293.293,10524.194,2017,March,Thursday,6
1951,2017-03-23 07:00:00,11.408,56.507,0.081,33.873,30.971,23162.553,14132.317,10389.677,2017,March,Thursday,7
1952,2017-03-23 08:00:00,10.513,64.832,0.08,109.585,103.558,25423.66,16363.415,11126.129,2017,March,Thursday,8
1953,2017-03-23 09:00:00,11.432,60.212,0.082,244.183,227.217,28791.83,18307.927,12619.355,2017,March,Thursday,9
1954,2017-03-23 10:00:00,12.858,55.573,0.082,560.833,266.567,30781.277,19689.634,14350.645,2017,March,Thursday,10
1955,2017-03-23 11:00:00,12.963,54.838,0.082,417.933,277.35,33820.596,19685.366,16504.839,2017,March,Thursday,11
1956,2017-03-23 12:00:00,11.415,62.938,0.081,193.167,170.117,35232.0,20179.268,17802.581,2017,March,Thursday,12
1957,2017-03-23 13:00:00,11.203,64.16,0.082,273.683,223.067,34643.745,20530.488,17429.032,2017,March,Thursday,13
1958,2017-03-23 14:00:00,11.29,62.158,0.081,519.867,337.6,33814.468,20980.488,16737.097,2017,March,Thursday,14
1959,2017-03-23 15:00:00,11.445,62.187,0.082,489.333,423.783,33301.787,21749.39,16004.516,2017,March,Thursday,15
1960,2017-03-23 16:00:00,12.913,56.648,0.083,609.75,651.8,32768.681,21028.659,15965.806,2017,March,Thursday,16
1961,2017-03-23 17:00:00,12.725,59.427,0.085,327.917,350.7,32435.745,20194.512,15887.419,2017,March,Thursday,17
1962,2017-03-23 18:00:00,11.618,64.663,0.084,105.128,107.603,37695.319,22727.439,20738.71,2017,March,Thursday,18
1963,2017-03-23 19:00:00,11.14,63.558,0.086,12.11,11.103,43970.043,26762.195,25451.613,2017,March,Thursday,19
1964,2017-03-23 20:00:00,10.79,65.505,0.083,0.051,0.13,43537.021,26667.683,25787.419,2017,March,Thursday,20
1965,2017-03-23 21:00:00,10.335,67.818,0.086,0.059,0.11,41964.255,25525.0,24371.613,2017,March,Thursday,21
1966,2017-03-23 22:00:00,10.033,69.97,0.085,0.064,0.118,37842.383,22931.707,22316.129,2017,March,Thursday,22
1967,2017-03-23 23:00:00,10.028,68.67,0.086,0.059,0.102,32251.915,19743.293,19827.097,2017,March,Thursday,23
1968,2017-03-24 00:00:00,9.713,68.96,0.083,0.055,0.13,27858.383,16603.659,16846.452,2017,March,Friday,0
1969,2017-03-24 01:00:00,9.377,68.885,0.084,0.064,0.107,24772.085,14643.902,15209.032,2017,March,Friday,1
1970,2017-03-24 02:00:00,9.19,68.743,0.082,0.063,0.126,22984.851,13333.537,14367.097,2017,March,Friday,2
1971,2017-03-24 03:00:00,9.555,68.565,0.082,0.061,0.106,22220.936,12790.854,13710.968,2017,March,Friday,3
1972,2017-03-24 04:00:00,10.625,67.157,0.083,0.062,0.116,22660.085,13064.024,13650.0,2017,March,Friday,4
1973,2017-03-24 05:00:00,10.667,70.145,0.082,0.062,0.119,23193.191,13413.415,13949.032,2017,March,Friday,5
1974,2017-03-24 06:00:00,10.81,77.183,0.083,0.073,0.12,20509.277,12367.073,10771.935,2017,March,Friday,6
1975,2017-03-24 07:00:00,11.55,74.717,0.082,25.82,24.611,22756.085,14278.659,10563.871,2017,March,Friday,7
1976,2017-03-24 08:00:00,13.085,69.737,0.082,235.172,227.977,24904.851,15616.463,11044.839,2017,March,Friday,8
1977,2017-03-24 09:00:00,13.928,68.167,0.083,454.417,435.617,28360.851,17685.976,12966.774,2017,March,Friday,9
1978,2017-03-24 10:00:00,13.335,70.042,0.084,179.35,159.75,31359.319,19906.707,14452.258,2017,March,Friday,10
1979,2017-03-24 11:00:00,13.98,69.782,0.086,417.133,210.333,33146.553,21554.878,15785.806,2017,March,Friday,11
1980,2017-03-24 12:00:00,14.627,66.053,0.084,503.267,204.183,32682.894,22016.463,16295.806,2017,March,Friday,12
1981,2017-03-24 13:00:00,15.463,60.717,0.084,758.2,198.283,32507.234,21758.537,16077.097,2017,March,Friday,13
1982,2017-03-24 14:00:00,15.858,50.38,0.085,475.967,134.5,33465.191,21800.61,15266.129,2017,March,Friday,14
1983,2017-03-24 15:00:00,16.313,44.932,0.085,690.75,549.0,32115.064,21040.244,14569.355,2017,March,Friday,15
1984,2017-03-24 16:00:00,16.23,42.43,0.086,465.383,480.95,31179.574,20612.195,14518.065,2017,March,Friday,16
1985,2017-03-24 17:00:00,16.437,32.64,0.087,336.567,369.583,30899.745,19821.951,14938.065,2017,March,Friday,17
1986,2017-03-24 18:00:00,15.867,39.105,0.085,138.317,155.5,36408.511,22312.805,20020.645,2017,March,Friday,18
1987,2017-03-24 19:00:00,14.313,49.738,0.087,17.387,18.73,43134.638,25837.805,24771.29,2017,March,Friday,19
1988,2017-03-24 20:00:00,13.472,52.02,0.086,0.06,0.112,43085.617,25742.683,24992.903,2017,March,Friday,20
1989,2017-03-24 21:00:00,13.602,49.55,0.087,0.056,0.118,41410.723,24832.317,24532.258,2017,March,Friday,21
1990,2017-03-24 22:00:00,13.5,51.877,0.087,0.063,0.119,38528.681,22520.732,22885.161,2017,March,Friday,22
1991,2017-03-24 23:00:00,12.987,54.817,0.088,0.054,0.111,33209.872,19553.049,20028.387,2017,March,Friday,23
1992,2017-03-25 00:00:00,11.853,59.862,0.087,0.047,0.127,27989.106,16310.366,16752.581,2017,March,Saturday,0
1993,2017-03-25 01:00:00,10.697,63.992,0.084,0.05,0.124,24772.085,14196.341,14990.323,2017,March,Saturday,1
1994,2017-03-25 02:00:00,9.848,66.802,0.086,0.048,0.11,22837.787,13073.78,14042.903,2017,March,Saturday,2
1995,2017-03-25 03:00:00,9.605,65.305,0.084,0.047,0.126,21706.213,12511.585,13723.548,2017,March,Saturday,3
1996,2017-03-25 04:00:00,9.667,63.392,0.084,0.05,0.125,22545.702,12726.829,13923.871,2017,March,Saturday,4
1997,2017-03-25 05:00:00,9.737,62.08,0.085,0.04,0.132,22778.553,12639.634,13683.871,2017,March,Saturday,5
1998,2017-03-25 06:00:00,9.772,61.022,0.086,0.058,0.108,20057.872,10634.756,10232.903,2017,March,Saturday,6
1999,2017-03-25 07:00:00,10.593,60.445,0.086,9.47,8.677,21166.979,11592.073,9953.226,2017,March,Saturday,7
2000,2017-03-25 08:00:00,10.93,62.473,0.084,89.96,82.458,24185.872,13968.902,11188.065,2017,March,Saturday,8
2001,2017-03-25 09:00:00,12.457,58.642,0.085,209.2,189.45,27872.681,17016.463,13109.032,2017,March,Saturday,9
2002,2017-03-25 10:00:00,14.325,53.997,0.084,318.633,283.267,31506.383,18996.341,14913.871,2017,March,Saturday,10
2003,2017-03-25 11:00:00,15.22,56.125,0.085,365.7,308.333,33620.426,19890.244,16162.258,2017,March,Saturday,11
2004,2017-03-25 12:00:00,15.323,57.383,0.085,441.783,349.667,34341.447,20173.78,16782.581,2017,March,Saturday,12
2005,2017-03-25 13:00:00,15.998,57.367,0.084,742.617,285.283,34282.213,20242.073,16979.032,2017,March,Saturday,13
2006,2017-03-25 14:00:00,17.075,47.57,0.083,759.683,331.85,33085.277,19935.976,16531.935,2017,March,Saturday,14
2007,2017-03-25 15:00:00,17.483,43.982,0.084,735.85,692.817,31874.043,19307.317,16155.484,2017,March,Saturday,15
2008,2017-03-25 16:00:00,17.497,42.755,0.086,531.95,510.5,31163.234,18370.122,15690.0,2017,March,Saturday,16
2009,2017-03-25 17:00:00,16.922,47.81,0.085,385.45,399.083,30119.489,17454.878,15604.839,2017,March,Saturday,17
2010,2017-03-25 18:00:00,15.84,56.893,0.082,177.1,195.183,34457.872,19532.317,19838.71,2017,March,Saturday,18
2011,2017-03-25 19:00:00,14.348,63.68,0.084,22.288,24.373,42021.447,23686.585,24782.903,2017,March,Saturday,19
2012,2017-03-25 20:00:00,13.832,64.708,0.083,0.064,0.123,42027.574,23752.439,25027.742,2017,March,Saturday,20
2013,2017-03-25 21:00:00,13.712,62.503,0.085,0.059,0.101,40567.149,23467.073,24423.871,2017,March,Saturday,21
2014,2017-03-25 22:00:00,13.68,61.348,0.083,0.054,0.114,38020.085,22095.122,23131.935,2017,March,Saturday,22
2015,2017-03-25 23:00:00,13.015,61.733,0.084,0.059,0.089,33499.915,19769.512,20530.645,2017,March,Saturday,23
2016,2017-03-26 00:00:00,12.985,62.327,0.084,0.054,0.122,28624.34,16695.122,17388.387,2017,March,Sunday,0
2017,2017-03-26 01:00:00,13.143,59.89,0.083,0.07,0.117,25480.851,14380.488,15338.71,2017,March,Sunday,1
2018,2017-03-26 02:00:00,13.428,60.132,0.083,0.064,0.101,23336.17,13194.512,14501.613,2017,March,Sunday,2
2019,2017-03-26 03:00:00,15.325,58.807,0.081,0.049,0.134,22529.362,12612.805,14094.194,2017,March,Sunday,3
2020,2017-03-26 04:00:00,15.708,59.025,0.08,0.059,0.136,22572.255,12706.707,14118.387,2017,March,Sunday,4
2021,2017-03-26 05:00:00,16.072,58.215,0.08,0.047,0.153,21853.277,12357.317,13739.032,2017,March,Sunday,5
2022,2017-03-26 06:00:00,15.39,59.885,0.082,0.081,0.161,18380.936,10040.854,10457.419,2017,March,Sunday,6
2023,2017-03-26 07:00:00,15.328,59.842,0.083,39.859,38.377,18995.745,10245.732,9523.548,2017,March,Sunday,7
2024,2017-03-26 08:00:00,16.545,56.505,0.082,213.867,212.633,21838.979,11992.073,10790.323,2017,March,Sunday,8
2025,2017-03-26 09:00:00,17.008,55.9,0.082,412.9,420.633,25166.298,14387.195,12980.323,2017,March,Sunday,9
2026,2017-03-26 10:00:00,17.73,55.952,0.083,584.033,515.633,29047.149,15803.659,14860.645,2017,March,Sunday,10
2027,2017-03-26 11:00:00,18.458,55.285,0.083,711.117,143.285,32276.426,15570.732,15987.097,2017,March,Sunday,11
2028,2017-03-26 12:00:00,18.987,54.23,0.083,785.5,44.633,32533.787,16152.439,16387.742,2017,March,Sunday,12
2029,2017-03-26 13:00:00,19.522,53.47,0.083,801.833,43.887,32396.936,16235.366,16545.484,2017,March,Sunday,13
2030,2017-03-26 14:00:00,20.103,53.203,0.082,762.167,240.73,31845.447,15759.146,16542.581,2017,March,Sunday,14
2031,2017-03-26 15:00:00,20.008,55.842,0.082,667.183,697.05,30007.149,15297.561,15881.613,2017,March,Sunday,15
2032,2017-03-26 16:00:00,19.828,57.605,0.083,521.45,569.367,28642.723,14555.488,15433.548,2017,March,Sunday,16
2033,2017-03-26 17:00:00,19.167,59.673,0.082,338.533,376.033,28411.915,14082.317,15422.903,2017,March,Sunday,17
2034,2017-03-26 18:00:00,18.263,63.435,0.082,139.967,158.017,34233.191,16551.829,20151.29,2017,March,Sunday,18
2035,2017-03-26 19:00:00,16.98,67.742,0.081,20.239,22.706,43888.34,21145.122,25382.903,2017,March,Sunday,19
2036,2017-03-26 20:00:00,15.673,73.55,0.08,0.044,0.111,44697.191,22181.098,25601.613,2017,March,Sunday,20
2037,2017-03-26 21:00:00,14.992,76.617,0.081,0.029,0.135,42956.936,22018.902,24526.452,2017,March,Sunday,21
2038,2017-03-26 22:00:00,14.188,80.317,0.082,0.038,0.146,37625.872,19439.024,21737.419,2017,March,Sunday,22
2039,2017-03-26 23:00:00,13.642,82.633,0.083,0.029,0.159,31579.915,16750.0,18521.613,2017,March,Sunday,23
2040,2017-03-27 00:00:00,13.133,84.133,0.083,0.033,0.174,27439.66,14211.585,16195.161,2017,March,Monday,0
2041,2017-03-27 01:00:00,12.758,85.017,0.084,0.042,0.174,24886.468,12792.073,14790.968,2017,March,Monday,1
2042,2017-03-27 02:00:00,12.41,85.633,0.083,0.036,0.159,23560.851,12260.976,14145.484,2017,March,Monday,2
2043,2017-03-27 03:00:00,11.882,85.933,0.086,0.032,0.17,23119.66,12097.561,13545.484,2017,March,Monday,3
2044,2017-03-27 04:00:00,11.463,87.05,0.083,0.038,0.159,24124.596,12567.073,13848.387,2017,March,Monday,4
2045,2017-03-27 05:00:00,11.41,87.283,0.084,0.036,0.177,25207.149,13338.415,13732.258,2017,March,Monday,5
2046,2017-03-27 06:00:00,11.303,87.183,0.086,0.079,0.225,24412.596,13700.61,11058.387,2017,March,Monday,6
2047,2017-03-27 07:00:00,11.202,87.067,0.087,42.059,40.514,24373.787,15721.951,10555.161,2017,March,Monday,7
2048,2017-03-27 08:00:00,12.213,85.367,0.089,217.9,216.967,27423.319,17663.415,11923.548,2017,March,Monday,8
2049,2017-03-27 09:00:00,14.198,80.75,0.087,419.583,428.567,30368.681,19290.854,13579.355,2017,March,Monday,9
2050,2017-03-27 10:00:00,17.65,69.945,0.086,594.317,587.8,33430.468,20681.098,14582.903,2017,March,Monday,10
2051,2017-03-27 11:00:00,19.893,61.515,0.084,724.05,305.667,37037.617,19679.878,15455.806,2017,March,Monday,11
2052,2017-03-27 12:00:00,22.052,57.493,0.084,798.167,55.232,37115.234,19493.293,16312.258,2017,March,Monday,12
2053,2017-03-27 13:00:00,23.985,49.332,0.083,815.167,60.313,35597.617,20384.756,16564.839,2017,March,Monday,13
2054,2017-03-27 14:00:00,25.29,44.067,0.083,775.333,447.033,33618.383,21414.634,16070.323,2017,March,Monday,14
2055,2017-03-27 15:00:00,25.655,49.103,0.083,673.833,724.233,32731.915,20779.268,15580.645,2017,March,Monday,15
2056,2017-03-27 16:00:00,25.023,53.958,0.081,523.967,570.683,32002.723,19816.463,15376.452,2017,March,Monday,16
2057,2017-03-27 17:00:00,24.343,51.808,0.082,346.167,384.4,32182.468,18500.0,16609.355,2017,March,Monday,17
2058,2017-03-27 18:00:00,23.957,49.28,0.082,141.867,164.717,36837.447,19455.488,22341.29,2017,March,Monday,18
2059,2017-03-27 19:00:00,22.573,55.205,0.084,19.278,21.508,44494.979,23274.39,27490.645,2017,March,Monday,19
2060,2017-03-27 20:00:00,20.872,62.988,0.082,0.058,0.102,43710.638,22968.902,27590.323,2017,March,Monday,20
2061,2017-03-27 21:00:00,19.578,68.005,0.08,0.021,0.119,40998.128,21376.22,26227.742,2017,March,Monday,21
2062,2017-03-27 22:00:00,18.59,72.817,0.082,0.024,0.108,36044.936,19240.854,23718.387,2017,March,Monday,22
2063,2017-03-27 23:00:00,17.793,73.15,0.082,0.026,0.151,30315.574,16491.463,19907.419,2017,March,Monday,23
2064,2017-03-28 00:00:00,16.46,80.0,0.082,0.04,0.153,26240.681,14307.927,17433.871,2017,March,Tuesday,0
2065,2017-03-28 01:00:00,16.168,79.717,0.082,0.037,0.161,23881.532,12962.195,15896.129,2017,March,Tuesday,1
2066,2017-03-28 02:00:00,15.522,79.567,0.082,0.03,0.184,22960.34,12132.317,14589.677,2017,March,Tuesday,2
2067,2017-03-28 03:00:00,14.713,82.783,0.082,0.038,0.167,22580.426,12177.439,14118.387,2017,March,Tuesday,3
2068,2017-03-28 04:00:00,14.43,82.933,0.086,0.043,0.164,23281.021,13496.341,13708.065,2017,March,Tuesday,4
2069,2017-03-28 05:00:00,14.035,83.333,0.085,0.036,0.163,24167.489,14265.244,13694.516,2017,March,Tuesday,5
2070,2017-03-28 06:00:00,14.05,81.45,0.084,0.121,0.2,23446.468,14676.829,11544.194,2017,March,Tuesday,6
2071,2017-03-28 07:00:00,13.752,81.7,0.086,52.899,51.1,25188.766,15737.195,10900.645,2017,March,Tuesday,7
2072,2017-03-28 08:00:00,14.598,81.433,0.092,238.633,237.817,27558.128,17465.854,12301.935,2017,March,Tuesday,8
2073,2017-03-28 09:00:00,17.435,72.417,0.085,438.633,448.983,30184.851,19068.902,13669.355,2017,March,Tuesday,9
2074,2017-03-28 10:00:00,20.962,61.308,0.086,610.933,627.683,32292.766,20753.049,14947.742,2017,March,Tuesday,10
2075,2017-03-28 11:00:00,23.325,50.548,0.083,738.967,506.9,29925.447,20723.78,15787.742,2017,March,Tuesday,11
2076,2017-03-28 12:00:00,24.707,41.992,0.082,812.333,110.9,33769.532,20965.244,16328.71,2017,March,Tuesday,12
2077,2017-03-28 13:00:00,25.123,41.493,0.082,830.833,119.083,34811.234,20748.171,16394.516,2017,March,Tuesday,13
2078,2017-03-28 14:00:00,25.48,43.82,0.082,786.833,628.583,34155.574,19654.878,17407.742,2017,March,Tuesday,14
2079,2017-03-28 15:00:00,26.062,39.035,0.084,699.783,758.333,32198.809,18953.659,17362.258,2017,March,Tuesday,15
2080,2017-03-28 16:00:00,26.297,35.39,0.082,512.267,545.767,31114.213,18281.098,16874.516,2017,March,Tuesday,16
2081,2017-03-28 17:00:00,25.202,46.163,0.083,318.85,334.9,31128.511,18313.415,16362.581,2017,March,Tuesday,17
2082,2017-03-28 18:00:00,23.387,50.373,2.661,137.073,147.653,36040.851,21746.341,19702.258,2017,March,Tuesday,18
2083,2017-03-28 19:00:00,21.192,47.783,4.92,26.774,30.252,44507.234,26797.561,25297.742,2017,March,Tuesday,19
2084,2017-03-28 20:00:00,19.978,52.43,4.92,0.06,0.128,44448.0,26537.195,25344.194,2017,March,Tuesday,20
2085,2017-03-28 21:00:00,19.168,54.432,4.92,0.049,0.115,41647.66,24814.634,24318.387,2017,March,Tuesday,21
2086,2017-03-28 22:00:00,18.988,50.01,4.922,0.055,0.104,36588.255,22564.024,21942.581,2017,March,Tuesday,22
2087,2017-03-28 23:00:00,18.172,52.62,4.92,0.04,0.124,27982.979,18988.415,18314.516,2017,March,Tuesday,23
2088,2017-03-29 00:00:00,17.955,51.073,4.922,0.051,0.103,24418.723,16296.341,15872.903,2017,March,Wednesday,0
2089,2017-03-29 01:00:00,17.16,53.17,4.922,0.042,0.117,23830.468,14767.683,14758.065,2017,March,Wednesday,1
2090,2017-03-29 02:00:00,16.062,58.292,4.923,0.036,0.114,23313.702,13801.829,14125.161,2017,March,Wednesday,2
2091,2017-03-29 03:00:00,15.133,61.15,4.921,0.034,0.123,23542.468,13024.39,13834.839,2017,March,Wednesday,3
2092,2017-03-29 04:00:00,14.912,61.805,4.922,0.041,0.106,24772.085,13027.439,14213.226,2017,March,Wednesday,4
2093,2017-03-29 05:00:00,14.852,62.628,4.92,0.03,0.096,25525.787,13664.634,13975.161,2017,March,Wednesday,5
2094,2017-03-29 06:00:00,14.407,65.718,4.919,0.067,0.126,25205.106,13990.244,11320.645,2017,March,Wednesday,6
2095,2017-03-29 07:00:00,14.232,65.355,4.919,52.166,50.545,26383.66,15309.756,10858.065,2017,March,Wednesday,7
2096,2017-03-29 08:00:00,14.523,65.788,4.92,241.417,240.883,29527.149,16925.61,12331.935,2017,March,Wednesday,8
2097,2017-03-29 09:00:00,17.227,61.032,4.921,444.333,453.917,32535.83,18150.0,14019.677,2017,March,Wednesday,9
2098,2017-03-29 10:00:00,19.992,53.758,4.919,619.967,641.467,35270.809,19513.415,15312.581,2017,March,Wednesday,10
2099,2017-03-29 11:00:00,22.398,47.918,4.92,740.167,663.483,36702.638,19617.073,16083.871,2017,March,Wednesday,11
2100,2017-03-29 12:00:00,24.035,39.737,4.923,797.833,167.505,37736.17,19646.341,16228.065,2017,March,Wednesday,12
2101,2017-03-29 13:00:00,24.223,39.248,4.921,743.667,131.5,37062.128,19892.073,16503.871,2017,March,Wednesday,13
2102,2017-03-29 14:00:00,24.457,42.215,4.918,718.7,137.7,36206.298,19617.073,15898.065,2017,March,Wednesday,14
2103,2017-03-29 15:00:00,24.525,44.298,4.918,651.417,134.983,34917.447,19232.317,15510.968,2017,March,Wednesday,15
2104,2017-03-29 16:00:00,24.467,47.253,4.918,517.467,528.25,34100.426,18454.268,15557.419,2017,March,Wednesday,16
2105,2017-03-29 17:00:00,23.887,46.578,4.92,351.4,383.9,34069.787,17740.244,16023.871,2017,March,Wednesday,17
2106,2017-03-29 18:00:00,22.497,53.203,4.918,133.637,145.467,39018.894,19947.561,20103.871,2017,March,Wednesday,18
2107,2017-03-29 19:00:00,20.585,61.03,4.919,20.36,21.636,47172.766,24031.707,25171.935,2017,March,Wednesday,19
2108,2017-03-29 20:00:00,19.423,65.022,4.92,0.064,0.112,46547.745,23803.659,25288.065,2017,March,Wednesday,20
2109,2017-03-29 21:00:00,18.397,69.245,4.914,0.029,0.123,44392.851,22284.756,24146.129,2017,March,Wednesday,21
2110,2017-03-29 22:00:00,17.792,71.857,4.913,0.031,0.136,38551.149,19808.537,21987.097,2017,March,Wednesday,22
2111,2017-03-29 23:00:00,17.348,74.533,4.912,0.027,0.148,32276.426,17020.122,18703.548,2017,March,Wednesday,23
2112,2017-03-30 00:00:00,16.25,78.083,4.912,0.034,0.163,27987.064,14839.024,16159.355,2017,March,Thursday,0
2113,2017-03-30 01:00:00,15.828,78.3,4.911,0.039,0.146,25674.894,13420.122,14658.387,2017,March,Thursday,1
2114,2017-03-30 02:00:00,15.112,79.067,4.911,0.042,0.134,24467.745,12650.0,14297.419,2017,March,Thursday,2
2115,2017-03-30 03:00:00,14.93,77.35,4.911,0.032,0.172,24002.043,11833.537,14723.226,2017,March,Thursday,3
2116,2017-03-30 04:00:00,14.892,76.417,4.913,0.042,0.151,25033.532,12313.415,15292.258,2017,March,Thursday,4
2117,2017-03-30 05:00:00,14.39,76.983,4.912,0.04,0.156,25378.723,12616.463,15090.968,2017,March,Thursday,5
2118,2017-03-30 06:00:00,14.423,77.167,4.914,0.266,0.345,25011.064,12651.829,12189.677,2017,March,Thursday,6
2119,2017-03-30 07:00:00,13.787,78.567,4.915,42.839,40.143,25987.404,15026.829,12072.581,2017,March,Thursday,7
2120,2017-03-30 08:00:00,14.762,76.4,4.915,222.217,213.533,28761.191,16806.098,13560.968,2017,March,Thursday,8
2121,2017-03-30 09:00:00,17.082,68.642,4.918,427.55,103.898,31353.191,18443.293,15047.419,2017,March,Thursday,9
2122,2017-03-30 10:00:00,20.087,59.83,4.918,602.3,38.112,33634.723,19906.098,16503.871,2017,March,Thursday,10
2123,2017-03-30 11:00:00,23.605,47.287,4.916,726.4,39.435,36257.362,20055.488,17415.484,2017,March,Thursday,11
2124,2017-03-30 12:00:00,25.042,47.418,4.916,792.833,42.533,36392.17,20067.683,18384.194,2017,March,Thursday,12
2125,2017-03-30 13:00:00,26.265,42.612,4.919,803.667,44.962,34372.085,20130.488,18487.742,2017,March,Thursday,13
2126,2017-03-30 14:00:00,26.353,39.202,4.919,760.5,46.168,33459.064,20417.073,17349.677,2017,March,Thursday,14
2127,2017-03-30 15:00:00,25.922,36.763,4.917,669.583,87.275,32499.064,20692.683,15790.645,2017,March,Thursday,15
2128,2017-03-30 16:00:00,25.437,36.125,4.918,530.233,540.433,31949.617,19441.463,15709.355,2017,March,Thursday,16
2129,2017-03-30 17:00:00,25.32,33.862,4.921,351.867,389.1,32147.745,19158.537,15936.774,2017,March,Thursday,17
2130,2017-03-30 18:00:00,23.872,42.57,4.919,147.567,164.0,37419.574,21729.878,20177.419,2017,March,Thursday,18
2131,2017-03-30 19:00:00,21.99,51.465,4.918,26.977,29.578,44417.362,26591.463,25388.71,2017,March,Thursday,19
2132,2017-03-30 20:00:00,19.932,60.422,4.025,0.06,0.105,43929.191,26267.683,25411.935,2017,March,Thursday,20
2133,2017-03-30 21:00:00,18.828,62.852,0.077,0.058,0.108,41545.532,24462.195,24431.613,2017,March,Thursday,21
2134,2017-03-30 22:00:00,18.478,68.303,0.08,0.056,0.108,36576.0,21735.366,22095.484,2017,March,Thursday,22
2135,2017-03-30 23:00:00,18.062,74.1,0.079,0.026,0.114,30977.362,18635.366,19035.484,2017,March,Thursday,23
2136,2017-03-31 00:00:00,17.348,79.683,0.078,0.037,0.162,27149.617,15959.756,16681.935,2017,March,Friday,0
2137,2017-03-31 01:00:00,16.893,81.583,0.08,0.049,0.152,24780.255,14550.0,15120.0,2017,March,Friday,1
2138,2017-03-31 02:00:00,16.555,82.45,0.081,0.039,0.165,23705.872,13818.902,14335.161,2017,March,Friday,2
2139,2017-03-31 03:00:00,16.043,83.233,0.081,0.053,0.167,23397.447,13550.61,14073.871,2017,March,Friday,3
2140,2017-03-31 04:00:00,15.497,83.633,0.081,0.029,0.181,24055.149,14243.902,14537.419,2017,March,Friday,4
2141,2017-03-31 05:00:00,15.163,83.967,0.081,0.039,0.167,24363.574,14651.22,14266.452,2017,March,Friday,5
2142,2017-03-31 06:00:00,14.908,84.783,0.082,0.165,0.275,24181.787,14910.976,11138.71,2017,March,Friday,6
2143,2017-03-31 07:00:00,14.452,84.217,0.08,43.75,41.382,25098.894,15963.415,10767.097,2017,March,Friday,7
2144,2017-03-31 08:00:00,15.407,81.65,0.084,229.433,224.05,28256.681,17793.902,12142.258,2017,March,Friday,8
2145,2017-03-31 09:00:00,18.495,73.862,0.076,427.567,150.677,31571.745,19387.805,13556.129,2017,March,Friday,9
2146,2017-03-31 10:00:00,21.167,60.077,0.074,596.85,50.468,33969.702,20566.463,15008.71,2017,March,Friday,10
2147,2017-03-31 11:00:00,22.588,54.022,0.072,727.467,49.71,35289.191,21500.61,15791.613,2017,March,Friday,11
2148,2017-03-31 12:00:00,22.598,52.585,0.073,800.333,48.328,34276.085,21389.634,16478.71,2017,March,Friday,12
2149,2017-03-31 13:00:00,22.652,48.388,0.073,817.833,45.055,33220.085,20722.561,15872.903,2017,March,Friday,13
2150,2017-03-31 14:00:00,22.02,52.037,0.072,781.333,41.887,32854.468,20435.366,15167.419,2017,March,Friday,14
2151,2017-03-31 15:00:00,21.752,55.125,0.072,684.867,172.753,31943.489,19793.902,14669.032,2017,March,Friday,15
2152,2017-03-31 16:00:00,20.57,63.852,0.072,537.4,573.933,31436.936,19141.463,14729.032,2017,March,Friday,16
2153,2017-03-31 17:00:00,20.288,61.422,0.073,356.933,391.833,30754.723,18775.0,14662.258,2017,March,Friday,17
2154,2017-03-31 18:00:00,19.505,66.987,0.072,151.6,167.983,34292.426,20550.0,18642.581,2017,March,Friday,18
2155,2017-03-31 19:00:00,18.28,79.667,0.071,24.726,27.011,43089.702,25474.39,24740.323,2017,March,Friday,19
2156,2017-03-31 20:00:00,17.673,84.083,0.07,0.05,0.103,43038.638,25011.585,24862.258,2017,March,Friday,20
2157,2017-03-31 21:00:00,17.365,86.117,0.069,0.031,0.119,41617.021,23643.902,24595.161,2017,March,Friday,21
2158,2017-03-31 22:00:00,17.12,87.0,0.066,0.026,0.13,37333.787,21490.854,22383.871,2017,March,Friday,22
2159,2017-03-31 23:00:00,16.853,86.667,0.072,0.037,0.117,31602.383,18602.439,19289.032,2017,March,Friday,23
2160,2017-04-01 00:00:00,16.77,86.367,0.073,0.032,0.11,27336.749,15979.43,16856.242,2017,April,Saturday,0
2161,2017-04-01 01:00:00,16.597,86.683,0.07,0.035,0.138,25013.735,14094.501,15438.545,2017,April,Saturday,1
2162,2017-04-01 02:00:00,16.473,83.683,0.07,0.028,0.155,23978.299,13346.64,14540.606,2017,April,Saturday,2
2163,2017-04-01 03:00:00,16.58,80.367,0.069,0.03,0.138,23641.421,12970.265,14222.545,2017,April,Saturday,3
2164,2017-04-01 04:00:00,16.478,83.533,0.069,0.04,0.124,25193.541,12903.055,14741.333,2017,April,Saturday,4
2165,2017-04-01 05:00:00,16.08,84.583,0.073,0.034,0.136,25245.21,12269.45,14294.303,2017,April,Saturday,5
2166,2017-04-01 06:00:00,15.993,84.583,0.073,0.083,0.206,23703.423,11542.974,10840.242,2017,April,Saturday,6
2167,2017-04-01 07:00:00,16.01,84.517,0.072,9.836,9.032,25017.869,12136.253,11398.788,2017,April,Saturday,7
2168,2017-04-01 08:00:00,16.062,84.05,0.072,52.258,47.312,28783.466,13777.393,13760.0,2017,April,Saturday,8
2169,2017-04-01 09:00:00,16.125,84.033,0.07,46.945,42.417,32367.191,15691.039,15791.515,2017,April,Saturday,9
2170,2017-04-01 10:00:00,16.227,84.15,0.072,84.775,77.333,34874.144,16796.945,17253.818,2017,April,Saturday,10
2171,2017-04-01 11:00:00,16.37,82.517,0.07,173.617,155.9,36128.654,16995.519,18157.576,2017,April,Saturday,11
2172,2017-04-01 12:00:00,16.462,80.933,0.072,210.783,189.317,36471.733,16971.69,19044.848,2017,April,Saturday,12
2173,2017-04-01 13:00:00,16.438,79.883,0.071,178.95,162.417,35485.899,16710.794,19214.545,2017,April,Saturday,13
2174,2017-04-01 14:00:00,16.385,79.2,0.074,170.75,155.25,34254.123,16587.373,18624.0,2017,April,Saturday,14
2175,2017-04-01 15:00:00,16.407,78.367,0.07,169.783,153.517,33257.955,15797.352,18057.697,2017,April,Saturday,15
2176,2017-04-01 16:00:00,16.427,77.85,0.07,165.083,149.833,32766.071,14930.346,17856.0,2017,April,Saturday,16
2177,2017-04-01 17:00:00,16.402,78.467,0.069,136.167,122.233,32321.722,14239.919,17728.0,2017,April,Saturday,17
2178,2017-04-01 18:00:00,16.317,79.867,0.069,84.715,77.798,36300.194,15512.627,21406.061,2017,April,Saturday,18
2179,2017-04-01 19:00:00,15.967,82.033,0.071,15.828,14.98,45015.63,19523.218,27655.758,2017,April,Saturday,19
2180,2017-04-01 20:00:00,15.745,83.283,0.07,0.037,0.124,45439.311,19496.334,27756.606,2017,April,Saturday,20
2181,2017-04-01 21:00:00,15.778,83.75,0.069,0.035,0.124,43207.234,18917.719,27097.212,2017,April,Saturday,21
2182,2017-04-01 22:00:00,15.723,84.533,0.073,0.036,0.135,39057.223,17674.949,25178.182,2017,April,Saturday,22
2183,2017-04-01 23:00:00,15.645,85.5,0.07,0.04,0.136,33233.154,15347.047,21773.576,2017,April,Saturday,23
2184,2017-04-02 00:00:00,15.628,85.383,0.068,0.033,0.151,28314.316,13067.413,18373.818,2017,April,Sunday,0
2185,2017-04-02 01:00:00,15.523,84.033,0.073,0.034,0.123,24974.467,11776.375,16823.273,2017,April,Sunday,1
2186,2017-04-02 02:00:00,15.545,83.417,0.073,0.035,0.148,23478.149,11052.953,15504.485,2017,April,Sunday,2
2187,2017-04-02 03:00:00,15.122,86.583,0.071,0.034,0.126,22938.73,10807.943,15090.424,2017,April,Sunday,3
2188,2017-04-02 04:00:00,14.912,87.933,0.071,0.037,0.124,23699.29,11052.953,15569.455,2017,April,Sunday,4
2189,2017-04-02 05:00:00,14.662,89.1,0.07,0.036,0.112,22539.849,10510.387,14774.303,2017,April,Sunday,5
2190,2017-04-02 06:00:00,14.458,90.55,0.071,0.066,0.148,19607.147,8685.947,11165.091,2017,April,Sunday,6
2191,2017-04-02 07:00:00,14.485,91.067,0.069,7.316,6.551,20985.662,9539.511,11474.424,2017,April,Sunday,7
2192,2017-04-02 08:00:00,14.595,90.883,0.073,42.435,37.933,23715.823,11288.798,13291.636,2017,April,Sunday,8
2193,2017-04-02 09:00:00,14.558,90.517,0.074,79.34,70.583,28012.573,13028.921,15848.727,2017,April,Sunday,9
2194,2017-04-02 10:00:00,14.743,89.683,0.071,147.883,132.25,29079.01,15980.041,17454.545,2017,April,Sunday,10
2195,2017-04-02 11:00:00,15.287,88.383,0.073,185.617,166.733,29880.904,17162.933,18157.576,2017,April,Sunday,11
2196,2017-04-02 12:00:00,15.335,87.217,0.072,196.567,176.683,30542.26,16822.607,18748.121,2017,April,Sunday,12
2197,2017-04-02 13:00:00,15.472,86.333,0.072,183.383,164.883,30965.942,16160.285,18939.152,2017,April,Sunday,13
2198,2017-04-02 14:00:00,15.677,84.5,0.072,243.45,220.367,29723.832,15900.0,18612.364,2017,April,Sunday,14
2199,2017-04-02 15:00:00,15.892,82.5,0.073,247.817,223.75,28911.604,15455.193,18087.758,2017,April,Sunday,15
2200,2017-04-02 16:00:00,15.868,81.833,0.072,210.35,189.733,28072.508,15177.189,17571.879,2017,April,Sunday,16
2201,2017-04-02 17:00:00,15.785,81.767,0.074,129.267,116.6,27336.749,14397.556,17061.818,2017,April,Sunday,17
2202,2017-04-02 18:00:00,15.588,82.783,0.075,48.567,43.83,30593.929,15962.933,20209.455,2017,April,Sunday,18
2203,2017-04-02 19:00:00,15.347,84.067,0.072,5.657,5.154,40704.413,20913.849,27176.727,2017,April,Sunday,19
2204,2017-04-02 20:00:00,15.217,86.217,0.073,0.036,0.113,42130.463,21620.163,27883.636,2017,April,Sunday,20
2205,2017-04-02 21:00:00,14.997,88.233,0.074,0.032,0.105,41334.769,21553.564,27171.879,2017,April,Sunday,21
2206,2017-04-02 22:00:00,14.87,88.417,0.076,0.033,0.1,37238.493,19766.395,24731.152,2017,April,Sunday,22
2207,2017-04-02 23:00:00,14.913,87.417,0.072,0.036,0.134,31530.161,17014.46,21180.121,2017,April,Sunday,23
2208,2017-04-03 00:00:00,14.907,87.083,0.074,0.029,0.123,26923.402,14517.923,17557.333,2017,April,Monday,0
2209,2017-04-03 01:00:00,14.827,87.3,0.077,0.036,0.114,24201.507,13125.458,16044.606,2017,April,Monday,1
2210,2017-04-03 02:00:00,14.73,87.45,0.076,0.044,0.103,23217.74,12406.925,15200.97,2017,April,Monday,2
2211,2017-04-03 03:00:00,14.585,88.1,0.077,0.038,0.106,23116.469,12256.008,14891.636,2017,April,Monday,3
2212,2017-04-03 04:00:00,14.433,89.0,0.079,0.034,0.125,24100.237,12906.11,15443.394,2017,April,Monday,4
2213,2017-04-03 05:00:00,14.342,89.367,0.168,0.02,0.129,23744.758,13231.772,14884.848,2017,April,Monday,5
2214,2017-04-03 06:00:00,14.232,89.5,0.442,0.067,0.142,23478.149,13523.218,12138.667,2017,April,Monday,6
2215,2017-04-03 07:00:00,14.06,89.683,0.111,5.739,5.154,25414.682,14760.489,12183.273,2017,April,Monday,7
2216,2017-04-03 08:00:00,14.068,89.7,0.28,37.423,33.347,28541.658,16537.271,14006.303,2017,April,Monday,8
2217,2017-04-03 09:00:00,14.297,89.55,0.086,73.272,68.965,31844.306,17841.141,15769.212,2017,April,Monday,9
2218,2017-04-03 10:00:00,14.613,89.25,0.074,148.1,132.35,34733.606,18858.452,16990.061,2017,April,Monday,10
2219,2017-04-03 11:00:00,15.025,87.7,0.071,237.15,212.317,35969.516,19421.792,18328.242,2017,April,Monday,11
2220,2017-04-03 12:00:00,15.598,85.433,0.072,319.967,288.8,36048.052,19420.57,19331.879,2017,April,Monday,12
2221,2017-04-03 13:00:00,16.093,83.267,0.071,398.3,356.9,35051.884,19192.668,18911.03,2017,April,Monday,13
2222,2017-04-03 14:00:00,16.305,82.317,0.069,353.833,315.567,34080.517,19254.379,18491.152,2017,April,Monday,14
2223,2017-04-03 15:00:00,16.022,83.083,0.07,181.783,163.35,32914.876,19313.035,17775.515,2017,April,Monday,15
2224,2017-04-03 16:00:00,15.87,83.467,0.069,146.717,132.833,32046.846,18406.925,17812.364,2017,April,Monday,16
2225,2017-04-03 17:00:00,15.667,83.417,0.072,88.065,80.707,32166.717,17871.079,18208.97,2017,April,Monday,17
2226,2017-04-03 18:00:00,15.413,83.05,0.075,32.09,28.902,35785.576,19399.185,21738.667,2017,April,Monday,18
2227,2017-04-03 19:00:00,15.082,84.417,0.072,2.732,2.492,44395.608,24014.053,28229.818,2017,April,Monday,19
2228,2017-04-03 20:00:00,15.01,86.7,0.071,0.041,0.128,44205.468,23997.556,28436.364,2017,April,Monday,20
2229,2017-04-03 21:00:00,14.955,87.05,0.07,0.042,0.109,41299.634,22427.291,27159.273,2017,April,Monday,21
2230,2017-04-03 22:00:00,14.86,85.433,0.073,0.037,0.124,36246.459,20129.939,24234.667,2017,April,Monday,22
2231,2017-04-03 23:00:00,14.912,84.45,0.072,0.023,0.142,30707.6,17051.731,20544.97,2017,April,Monday,23
2232,2017-04-04 00:00:00,14.985,84.133,0.07,0.029,0.142,26731.195,14981.67,17715.394,2017,April,Tuesday,0
2233,2017-04-04 01:00:00,14.783,85.483,0.07,0.035,0.169,24616.921,13725.458,16319.03,2017,April,Tuesday,1
2234,2017-04-04 02:00:00,14.867,84.617,0.07,0.04,0.14,23600.086,13019.756,15562.667,2017,April,Tuesday,2
2235,2017-04-04 03:00:00,15.02,83.583,0.069,0.035,0.143,23486.416,12891.446,15229.091,2017,April,Tuesday,3
2236,2017-04-04 04:00:00,14.877,84.483,0.071,0.032,0.14,24131.238,13496.334,15770.182,2017,April,Tuesday,4
2237,2017-04-04 05:00:00,14.373,86.783,0.07,0.036,0.127,23877.029,13599.593,15016.727,2017,April,Tuesday,5
2238,2017-04-04 06:00:00,14.112,88.917,0.068,0.068,0.12,23484.349,14074.338,12276.364,2017,April,Tuesday,6
2239,2017-04-04 07:00:00,14.08,90.233,0.069,5.22,4.793,25391.948,15679.43,12543.03,2017,April,Tuesday,7
2240,2017-04-04 08:00:00,14.143,91.117,0.069,43.702,39.358,28628.461,17214.257,14636.606,2017,April,Tuesday,8
2241,2017-04-04 09:00:00,14.342,91.533,0.068,93.633,85.163,31145.748,18681.874,16177.455,2017,April,Tuesday,9
2242,2017-04-04 10:00:00,14.582,91.367,0.067,136.8,126.317,33782.906,19807.332,17399.273,2017,April,Tuesday,10
2243,2017-04-04 11:00:00,15.228,90.4,0.07,183.883,168.733,35500.366,20379.226,18379.636,2017,April,Tuesday,11
2244,2017-04-04 12:00:00,15.927,88.183,0.07,181.05,166.217,35299.892,20398.167,18749.091,2017,April,Tuesday,12
2245,2017-04-04 13:00:00,16.772,83.617,0.071,321.517,249.133,33979.247,20506.314,18606.545,2017,April,Tuesday,13
2246,2017-04-04 14:00:00,17.832,76.267,0.073,560.867,341.017,33472.896,20682.892,18010.182,2017,April,Tuesday,14
2247,2017-04-04 15:00:00,18.717,71.767,0.073,670.367,578.917,32515.996,19670.468,17394.424,2017,April,Tuesday,15
2248,2017-04-04 16:00:00,19.232,68.772,0.073,524.433,535.317,31728.568,18524.236,17924.848,2017,April,Tuesday,16
2249,2017-04-04 17:00:00,19.065,67.823,0.074,365.233,368.433,32305.188,17820.367,18267.152,2017,April,Tuesday,17
2250,2017-04-04 18:00:00,18.57,69.412,0.074,136.442,135.358,35611.97,18994.094,21823.03,2017,April,Tuesday,18
2251,2017-04-04 19:00:00,18.065,72.5,0.078,17.972,16.957,44546.48,23755.601,28445.091,2017,April,Tuesday,19
2252,2017-04-04 20:00:00,17.437,74.85,0.074,0.049,0.109,44364.607,23659.674,28589.576,2017,April,Tuesday,20
2253,2017-04-04 21:00:00,17.133,73.333,0.071,0.049,0.133,41624.112,22281.263,27511.273,2017,April,Tuesday,21
2254,2017-04-04 22:00:00,16.822,79.067,0.071,0.041,0.164,37240.56,20254.582,25482.667,2017,April,Tuesday,22
2255,2017-04-04 23:00:00,16.483,82.85,0.07,0.045,0.173,30955.608,16876.375,21673.697,2017,April,Tuesday,23
2256,2017-04-05 00:00:00,16.378,83.25,0.072,0.044,0.169,26950.269,14687.78,18532.848,2017,April,Wednesday,0
2257,2017-04-05 01:00:00,16.267,84.167,0.075,0.036,0.172,24610.721,13628.31,16565.333,2017,April,Wednesday,1
2258,2017-04-05 02:00:00,16.167,85.367,0.068,0.029,0.174,23688.956,12880.448,15780.848,2017,April,Wednesday,2
2259,2017-04-05 03:00:00,16.018,86.933,0.068,0.039,0.176,23511.216,12546.843,15503.515,2017,April,Wednesday,3
2260,2017-04-05 04:00:00,15.787,88.017,0.069,0.036,0.182,24662.39,13243.992,16053.333,2017,April,Wednesday,4
2261,2017-04-05 05:00:00,15.727,89.283,0.067,0.038,0.167,23899.763,13281.263,15136.0,2017,April,Wednesday,5
2262,2017-04-05 06:00:00,15.055,88.117,0.069,0.051,0.18,23403.746,13685.132,12507.152,2017,April,Wednesday,6
2263,2017-04-05 07:00:00,15.195,86.383,0.07,8.954,8.139,25208.009,15129.532,12876.606,2017,April,Wednesday,7
2264,2017-04-05 08:00:00,15.575,86.0,0.07,64.202,58.812,28049.774,16891.65,14612.364,2017,April,Wednesday,8
2265,2017-04-05 09:00:00,15.922,84.1,0.071,100.167,91.738,31125.081,17502.037,16197.818,2017,April,Wednesday,9
2266,2017-04-05 10:00:00,15.885,82.65,0.072,92.458,86.16,33634.101,18282.892,17763.879,2017,April,Wednesday,10
2267,2017-04-05 11:00:00,16.018,79.383,0.071,87.13,81.533,35167.621,18799.185,18834.424,2017,April,Wednesday,11
2268,2017-04-05 12:00:00,15.947,79.817,0.069,73.815,69.138,35134.553,19435.234,19591.758,2017,April,Wednesday,12
2269,2017-04-05 13:00:00,16.303,75.783,0.071,180.883,166.35,34876.211,20350.509,19200.97,2017,April,Wednesday,13
2270,2017-04-05 14:00:00,16.317,74.217,0.072,131.083,122.333,33787.04,20344.399,18766.545,2017,April,Wednesday,14
2271,2017-04-05 15:00:00,16.245,73.2,0.071,120.465,113.12,33009.946,19278.819,18344.727,2017,April,Wednesday,15
2272,2017-04-05 16:00:00,16.407,69.472,0.073,169.333,159.55,32334.123,18376.375,18211.879,2017,April,Wednesday,16
2273,2017-04-05 17:00:00,16.493,66.445,0.074,173.383,162.333,32484.995,17947.454,18621.091,2017,April,Wednesday,17
2274,2017-04-05 18:00:00,16.322,67.31,0.073,74.515,68.752,35413.563,19102.851,21808.485,2017,April,Wednesday,18
2275,2017-04-05 19:00:00,15.905,71.333,0.071,8.024,7.322,44414.209,23855.804,29029.818,2017,April,Wednesday,19
2276,2017-04-05 20:00:00,15.733,71.633,0.071,0.036,0.125,44399.742,23593.686,28850.424,2017,April,Wednesday,20
2277,2017-04-05 21:00:00,15.6,72.4,0.071,0.036,0.135,42029.193,22352.749,27870.061,2017,April,Wednesday,21
2278,2017-04-05 22:00:00,15.577,72.267,0.072,0.042,0.112,37011.152,20122.607,25417.697,2017,April,Wednesday,22
2279,2017-04-05 23:00:00,15.56,71.175,0.072,0.038,0.119,31034.144,17115.886,21762.909,2017,April,Wednesday,23
2280,2017-04-06 00:00:00,15.535,70.632,0.072,0.033,0.124,27130.075,14852.138,18772.364,2017,April,Thursday,0
2281,2017-04-06 01:00:00,15.462,68.055,0.074,0.035,0.124,24716.125,13418.737,16957.091,2017,April,Thursday,1
2282,2017-04-06 02:00:00,15.397,67.662,0.073,0.04,0.135,23581.485,12829.124,16298.667,2017,April,Thursday,2
2283,2017-04-06 03:00:00,15.263,72.483,0.073,0.054,0.144,23432.68,12796.741,16131.879,2017,April,Thursday,3
2284,2017-04-06 04:00:00,15.157,71.443,0.074,0.037,0.175,24401.981,13550.102,16556.606,2017,April,Thursday,4
2285,2017-04-06 05:00:00,15.108,70.28,0.074,0.036,0.148,23631.087,13382.688,15379.394,2017,April,Thursday,5
2286,2017-04-06 06:00:00,15.113,67.178,0.073,0.123,0.162,23401.679,13851.324,12780.606,2017,April,Thursday,6
2287,2017-04-06 07:00:00,14.845,70.963,0.072,5.397,4.866,25458.084,15102.648,13269.333,2017,April,Thursday,7
2288,2017-04-06 08:00:00,14.412,74.583,0.072,16.493,14.867,28200.646,16931.976,14822.788,2017,April,Thursday,8
2289,2017-04-06 09:00:00,14.012,77.25,0.073,65.662,59.802,32170.85,18703.259,16522.667,2017,April,Thursday,9
2290,2017-04-06 10:00:00,14.027,77.983,0.072,55.69,50.588,34020.581,19955.193,17826.909,2017,April,Thursday,10
2291,2017-04-06 11:00:00,14.41,74.417,0.074,97.773,87.643,35636.771,20482.485,18671.515,2017,April,Thursday,11
2292,2017-04-06 12:00:00,14.675,70.742,0.074,115.617,106.23,36083.186,20202.037,19571.394,2017,April,Thursday,12
2293,2017-04-06 13:00:00,14.887,68.84,0.074,88.067,80.56,35041.55,20469.043,19425.939,2017,April,Thursday,13
2294,2017-04-06 14:00:00,14.785,74.45,0.071,61.145,55.252,33935.845,20281.466,18824.727,2017,April,Thursday,14
2295,2017-04-06 15:00:00,14.473,78.233,0.073,52.893,47.42,33276.555,19543.381,18331.152,2017,April,Thursday,15
2296,2017-04-06 16:00:00,13.94,82.167,0.072,65.973,59.183,32313.455,18442.363,18337.939,2017,April,Thursday,16
2297,2017-04-06 17:00:00,13.69,84.367,0.071,70.618,63.98,32745.404,18021.385,18844.121,2017,April,Thursday,17
2298,2017-04-06 18:00:00,13.565,85.733,0.072,21.333,19.322,35967.449,19167.617,22606.545,2017,April,Thursday,18
2299,2017-04-06 19:00:00,13.563,85.95,0.071,5.187,4.777,44775.888,23570.468,29266.424,2017,April,Thursday,19
2300,2017-04-06 20:00:00,13.667,84.317,0.072,0.064,0.138,44591.948,23504.481,29502.061,2017,April,Thursday,20
2301,2017-04-06 21:00:00,13.49,82.533,0.071,0.076,0.129,42070.527,22366.802,28150.303,2017,April,Thursday,21
2302,2017-04-06 22:00:00,13.455,82.8,0.072,0.065,0.128,37589.839,20290.631,25737.697,2017,April,Thursday,22
2303,2017-04-06 23:00:00,13.375,83.15,0.071,0.066,0.134,31761.636,17613.849,22188.606,2017,April,Thursday,23
2304,2017-04-07 00:00:00,13.275,82.167,0.071,0.068,0.122,27485.554,15231.568,18799.515,2017,April,Friday,0
2305,2017-04-07 01:00:00,13.16,83.3,0.07,0.067,0.15,24912.465,13858.045,17295.515,2017,April,Friday,1
2306,2017-04-07 02:00:00,13.238,83.333,0.068,0.059,0.14,23728.224,12877.393,16168.727,2017,April,Friday,2
2307,2017-04-07 03:00:00,13.48,83.967,4.543,0.078,0.137,23682.756,12710.591,15799.273,2017,April,Friday,3
2308,2017-04-07 04:00:00,13.597,84.783,4.922,0.066,0.163,24523.918,13426.069,16243.394,2017,April,Friday,4
2309,2017-04-07 05:00:00,13.5,86.333,4.923,0.072,0.176,23779.892,13548.269,15142.788,2017,April,Friday,5
2310,2017-04-07 06:00:00,13.298,88.233,4.921,0.147,0.222,23459.548,13866.599,12414.061,2017,April,Friday,6
2311,2017-04-07 07:00:00,13.345,89.067,4.922,4.878,4.491,24799.828,15160.081,12603.152,2017,April,Friday,7
2312,2017-04-07 08:00:00,13.21,89.617,4.923,21.053,19.025,29502.691,15850.509,14469.818,2017,April,Friday,8
2313,2017-04-07 09:00:00,13.14,89.533,4.921,39.707,35.548,32971.712,16586.762,16384.0,2017,April,Friday,9
2314,2017-04-07 10:00:00,13.245,89.133,2.188,62.512,56.495,35831.044,17888.187,17610.667,2017,April,Friday,10
2315,2017-04-07 11:00:00,13.408,87.683,0.07,72.155,65.065,36960.517,18645.825,18491.152,2017,April,Friday,11
2316,2017-04-07 12:00:00,13.643,87.017,0.069,95.367,85.803,33955.479,20084.725,18627.879,2017,April,Friday,12
2317,2017-04-07 13:00:00,13.692,86.6,0.07,73.543,65.552,33145.318,19617.312,18215.758,2017,April,Friday,13
2318,2017-04-07 14:00:00,13.675,86.867,0.07,72.125,64.683,32391.991,19463.951,17584.485,2017,April,Friday,14
2319,2017-04-07 15:00:00,13.723,86.933,0.07,63.823,57.468,31787.47,19002.037,16966.788,2017,April,Friday,15
2320,2017-04-07 16:00:00,13.793,86.967,0.07,50.277,45.468,31711.001,18428.31,17162.667,2017,April,Friday,16
2321,2017-04-07 17:00:00,13.768,86.95,0.07,32.308,29.025,31759.569,17338.9,17562.182,2017,April,Friday,17
2322,2017-04-07 18:00:00,13.753,86.7,0.071,39.61,36.528,34189.02,18704.481,21139.394,2017,April,Friday,18
2323,2017-04-07 19:00:00,14.052,84.65,0.07,11.24,10.227,43012.96,23079.837,28288.97,2017,April,Friday,19
2324,2017-04-07 20:00:00,14.197,83.017,0.07,0.081,0.183,43526.545,22810.998,28983.273,2017,April,Friday,20
2325,2017-04-07 21:00:00,14.323,82.55,0.071,0.059,0.171,41425.705,21080.652,28037.818,2017,April,Friday,21
2326,2017-04-07 22:00:00,14.298,82.7,0.071,0.074,0.164,37979.419,19609.369,26305.939,2017,April,Friday,22
2327,2017-04-07 23:00:00,14.133,85.05,0.071,0.072,0.176,31822.605,16684.521,22411.636,2017,April,Friday,23
2328,2017-04-08 00:00:00,13.96,87.05,0.07,0.082,0.176,27682.928,14217.923,19240.727,2017,April,Saturday,0
2329,2017-04-08 01:00:00,13.788,88.25,0.068,0.084,0.185,25202.842,12725.255,17441.939,2017,April,Saturday,1
2330,2017-04-08 02:00:00,13.633,89.05,0.07,0.078,0.18,23978.299,12067.21,15170.909,2017,April,Saturday,2
2331,2017-04-08 03:00:00,13.507,89.683,0.07,0.068,0.194,23923.531,11814.868,15705.212,2017,April,Saturday,3
2332,2017-04-08 04:00:00,13.445,90.4,0.067,0.068,0.197,24754.36,12280.448,16340.364,2017,April,Saturday,4
2333,2017-04-08 05:00:00,13.567,90.25,0.069,0.08,0.195,23395.479,11662.729,14914.909,2017,April,Saturday,5
2334,2017-04-08 06:00:00,13.722,89.85,0.068,0.145,0.252,22026.265,11389.613,11997.091,2017,April,Saturday,6
2335,2017-04-08 07:00:00,13.828,89.7,0.068,6.132,5.716,24136.405,12984.318,12586.667,2017,April,Saturday,7
2336,2017-04-08 08:00:00,14.027,89.817,0.067,47.413,43.135,27954.704,15191.242,14634.667,2017,April,Saturday,8
2337,2017-04-08 09:00:00,14.183,89.75,0.063,38.622,34.79,31262.519,17188.595,16678.788,2017,April,Saturday,9
2338,2017-04-08 10:00:00,14.2,89.933,0.062,68.083,61.588,33574.166,18601.222,18022.788,2017,April,Saturday,10
2339,2017-04-08 11:00:00,14.093,89.983,0.068,99.617,90.183,34668.504,19101.018,19093.333,2017,April,Saturday,11
2340,2017-04-08 12:00:00,13.99,89.917,0.068,123.533,111.5,34482.497,19069.857,19588.848,2017,April,Saturday,12
2341,2017-04-08 13:00:00,13.94,90.0,0.068,123.933,112.95,34130.118,18512.627,19540.364,2017,April,Saturday,13
2342,2017-04-08 14:00:00,14.203,89.117,0.07,101.083,92.133,33154.618,17997.556,18863.515,2017,April,Saturday,14
2343,2017-04-08 15:00:00,14.293,88.65,0.07,66.905,60.935,31808.138,17106.11,18522.182,2017,April,Saturday,15
2344,2017-04-08 16:00:00,14.302,89.233,0.07,65.782,59.728,31185.016,16276.375,18467.879,2017,April,Saturday,16
2345,2017-04-08 17:00:00,14.248,90.0,0.069,49.858,45.385,31247.018,15716.701,18371.879,2017,April,Saturday,17
2346,2017-04-08 18:00:00,14.317,90.233,0.069,30.022,27.558,34103.251,16949.695,21720.242,2017,April,Saturday,18
2347,2017-04-08 19:00:00,14.408,89.883,0.07,5.633,5.21,42593.412,21497.352,28443.152,2017,April,Saturday,19
2348,2017-04-08 20:00:00,14.345,90.083,0.069,0.093,0.187,43088.396,21486.354,28789.333,2017,April,Saturday,20
2349,2017-04-08 21:00:00,14.433,90.033,0.068,0.077,0.139,41359.569,21170.468,28073.697,2017,April,Saturday,21
2350,2017-04-08 22:00:00,14.427,89.633,0.072,0.087,0.165,37939.117,20183.707,26217.697,2017,April,Saturday,22
2351,2017-04-08 23:00:00,14.512,89.55,0.069,0.083,0.176,32737.137,17779.43,22695.758,2017,April,Saturday,23
2352,2017-04-09 00:00:00,14.468,90.2,0.068,0.09,0.149,27784.198,15180.855,19143.758,2017,April,Sunday,0
2353,2017-04-09 01:00:00,14.44,90.533,0.07,0.075,0.166,25155.307,13561.1,17225.697,2017,April,Sunday,1
2354,2017-04-09 02:00:00,14.375,90.333,0.07,0.088,0.155,23827.427,12549.898,16128.0,2017,April,Sunday,2
2355,2017-04-09 03:00:00,14.372,89.3,0.068,0.078,0.148,23237.374,12063.544,15596.606,2017,April,Sunday,3
2356,2017-04-09 04:00:00,14.365,89.267,0.069,0.087,0.14,23998.967,12402.648,15994.182,2017,April,Sunday,4
2357,2017-04-09 05:00:00,14.455,89.517,0.068,0.073,0.145,22117.201,11205.703,14407.758,2017,April,Sunday,5
2358,2017-04-09 06:00:00,14.458,90.1,0.069,0.13,0.184,20083.531,10051.527,11440.485,2017,April,Sunday,6
2359,2017-04-09 07:00:00,14.265,90.433,0.068,5.107,5.072,21642.885,10600.815,11978.667,2017,April,Sunday,7
2360,2017-04-09 08:00:00,14.363,90.083,0.068,23.813,21.892,25860.065,11389.002,13715.394,2017,April,Sunday,8
2361,2017-04-09 09:00:00,14.615,88.867,0.07,87.22,80.988,28791.733,13372.912,15796.364,2017,April,Sunday,9
2362,2017-04-09 10:00:00,15.262,84.75,0.072,184.383,170.817,30427.557,15607.332,17529.212,2017,April,Sunday,10
2363,2017-04-09 11:00:00,15.533,82.433,0.071,227.75,212.817,31302.82,16186.558,18524.121,2017,April,Sunday,11
2364,2017-04-09 12:00:00,15.823,82.483,0.071,278.983,259.35,31779.203,16419.348,19075.879,2017,April,Sunday,12
2365,2017-04-09 13:00:00,15.82,82.033,0.07,305.817,284.75,31972.443,16388.798,18923.636,2017,April,Sunday,13
2366,2017-04-09 14:00:00,15.812,82.533,0.074,315.05,292.0,30839.871,15397.76,18627.879,2017,April,Sunday,14
2367,2017-04-09 15:00:00,16.002,82.35,0.072,328.183,303.383,29514.058,15111.202,18417.455,2017,April,Sunday,15
2368,2017-04-09 16:00:00,16.027,80.983,0.074,284.817,266.017,28973.606,15141.752,18280.727,2017,April,Sunday,16
2369,2017-04-09 17:00:00,16.135,79.7,0.072,181.683,169.767,30562.928,15299.389,18285.576,2017,April,Sunday,17
2370,2017-04-09 18:00:00,15.912,80.833,0.072,132.583,128.833,33976.146,16559.267,21401.212,2017,April,Sunday,18
2371,2017-04-09 19:00:00,15.328,82.183,0.07,18.286,17.848,40709.58,20459.267,27477.333,2017,April,Sunday,19
2372,2017-04-09 20:00:00,14.96,83.55,0.071,0.127,0.167,41995.091,20933.401,27823.515,2017,April,Sunday,20
2373,2017-04-09 21:00:00,14.62,86.45,0.071,0.059,0.112,40729.214,21136.253,27187.394,2017,April,Sunday,21
2374,2017-04-09 22:00:00,14.575,87.567,0.072,0.081,0.119,36861.313,19806.11,24959.03,2017,April,Sunday,22
2375,2017-04-09 23:00:00,14.345,88.883,0.074,0.084,0.121,31049.645,17180.652,21211.152,2017,April,Sunday,23
2376,2017-04-10 00:00:00,14.662,89.55,0.068,0.089,0.162,27308.848,15067.821,18491.152,2017,April,Monday,0
2377,2017-04-10 01:00:00,14.322,90.133,0.07,0.082,0.16,25146.006,13691.242,16573.091,2017,April,Monday,1
2378,2017-04-10 02:00:00,14.187,89.333,0.071,0.072,0.158,23947.298,12980.041,15695.515,2017,April,Monday,2
2379,2017-04-10 03:00:00,14.362,87.017,0.071,0.072,0.17,23552.551,12913.442,15275.636,2017,April,Monday,3
2380,2017-04-10 04:00:00,14.673,84.75,0.073,0.079,0.163,24409.214,13599.593,15716.848,2017,April,Monday,4
2381,2017-04-10 05:00:00,14.602,85.683,0.072,0.062,0.194,22623.552,12602.444,14197.333,2017,April,Monday,5
2382,2017-04-10 06:00:00,14.318,85.3,0.071,0.204,0.314,21435.178,12446.029,11299.879,2017,April,Monday,6
2383,2017-04-10 07:00:00,14.285,85.483,0.071,12.124,11.034,23879.096,14830.754,11947.636,2017,April,Monday,7
2384,2017-04-10 08:00:00,14.585,85.45,0.072,64.293,59.555,27439.053,16884.929,13637.818,2017,April,Monday,8
2385,2017-04-10 09:00:00,15.095,84.167,0.07,173.167,159.767,31454.726,18782.077,15702.303,2017,April,Monday,9
2386,2017-04-10 10:00:00,15.405,83.4,0.071,203.3,191.417,32333.089,20013.238,17152.0,2017,April,Monday,10
2387,2017-04-10 11:00:00,15.542,82.967,0.072,142.25,132.617,31670.7,21381.263,18327.273,2017,April,Monday,11
2388,2017-04-10 12:00:00,15.775,82.933,0.072,222.483,206.667,34458.73,21216.904,19554.909,2017,April,Monday,12
2389,2017-04-10 13:00:00,15.972,82.883,0.073,232.433,209.733,35082.885,21176.578,19144.727,2017,April,Monday,13
2390,2017-04-10 14:00:00,15.712,84.767,0.072,101.195,92.893,33791.173,21249.287,18398.061,2017,April,Monday,14
2391,2017-04-10 15:00:00,15.863,86.383,0.071,588.367,575.6,33554.532,19869.654,17736.727,2017,April,Monday,15
2392,2017-04-10 16:00:00,16.587,76.767,0.072,524.883,542.567,33670.269,18731.976,18150.788,2017,April,Monday,16
2393,2017-04-10 17:00:00,16.412,75.1,0.071,266.683,262.033,32770.205,17721.996,18772.364,2017,April,Monday,17
2394,2017-04-10 18:00:00,16.182,78.667,0.07,100.895,95.338,36045.985,19291.65,22179.879,2017,April,Monday,18
2395,2017-04-10 19:00:00,15.732,82.75,0.071,23.198,22.12,43055.328,23184.929,28251.152,2017,April,Monday,19
2396,2017-04-10 20:00:00,15.497,85.05,0.073,0.088,0.158,42950.958,23019.959,28384.97,2017,April,Monday,20
2397,2017-04-10 21:00:00,14.963,86.217,0.07,0.055,0.133,40755.048,22360.692,27067.152,2017,April,Monday,21
2398,2017-04-10 22:00:00,14.923,87.633,0.069,0.056,0.125,37036.986,20558.248,24814.545,2017,April,Monday,22
2399,2017-04-10 23:00:00,15.012,87.283,0.07,0.044,0.118,31409.257,17595.519,21249.939,2017,April,Monday,23
2400,2017-04-11 00:00:00,15.148,87.2,0.071,0.054,0.116,27368.784,15439.919,18224.485,2017,April,Tuesday,0
2401,2017-04-11 01:00:00,15.03,88.083,0.07,0.057,0.103,25053.003,14030.957,16666.182,2017,April,Tuesday,1
2402,2017-04-11 02:00:00,14.875,87.833,0.071,0.055,0.117,23772.659,13335.642,15861.333,2017,April,Tuesday,2
2403,2017-04-11 03:00:00,14.918,86.583,0.072,0.054,0.11,23513.283,13305.092,15515.152,2017,April,Tuesday,3
2404,2017-04-11 04:00:00,14.778,86.567,0.071,0.059,0.119,24500.151,13732.179,15910.788,2017,April,Tuesday,4
2405,2017-04-11 05:00:00,14.745,84.733,0.072,0.042,0.116,22793.025,12781.466,14494.061,2017,April,Tuesday,5
2406,2017-04-11 06:00:00,14.718,81.467,0.072,0.517,0.522,21328.741,12265.784,11438.545,2017,April,Tuesday,6
2407,2017-04-11 07:00:00,15.05,79.717,0.074,37.373,34.718,24389.58,14617.515,12033.939,2017,April,Tuesday,7
2408,2017-04-11 08:00:00,15.363,78.15,0.073,123.667,113.55,27380.151,16906.314,14104.242,2017,April,Tuesday,8
2409,2017-04-11 09:00:00,15.475,78.133,0.072,187.55,174.617,31018.644,18670.876,16160.97,2017,April,Tuesday,9
2410,2017-04-11 10:00:00,16.355,74.5,0.073,444.75,420.167,34155.953,19814.053,17179.152,2017,April,Tuesday,10
2411,2017-04-11 11:00:00,16.297,77.35,0.073,296.6,271.3,35041.55,20110.998,18138.182,2017,April,Tuesday,11
2412,2017-04-11 12:00:00,15.867,83.35,0.071,168.6,152.3,35000.215,20240.53,19033.212,2017,April,Tuesday,12
2413,2017-04-11 13:00:00,15.582,85.367,0.071,121.6,111.497,34473.197,20227.699,18943.03,2017,April,Tuesday,13
2414,2017-04-11 14:00:00,15.442,85.733,0.068,99.137,91.99,34205.554,20117.719,18833.455,2017,April,Tuesday,14
2415,2017-04-11 15:00:00,15.862,84.067,0.074,207.117,191.3,33370.592,19375.967,17757.091,2017,April,Tuesday,15
2416,2017-04-11 16:00:00,15.75,85.45,0.068,161.883,149.7,32727.836,18401.426,17596.121,2017,April,Tuesday,16
2417,2017-04-11 17:00:00,16.043,83.65,0.074,236.55,222.433,32021.012,17013.238,17653.333,2017,April,Tuesday,17
2418,2017-04-11 18:00:00,16.157,80.917,0.072,180.533,181.1,34353.326,17894.297,20460.606,2017,April,Tuesday,18
2419,2017-04-11 19:00:00,16.045,79.117,0.074,37.267,37.85,43233.068,22431.568,27431.758,2017,April,Tuesday,19
2420,2017-04-11 20:00:00,15.785,79.417,0.072,0.132,0.174,43362.239,22531.772,27717.818,2017,April,Tuesday,20
2421,2017-04-11 21:00:00,15.49,81.917,0.071,0.046,0.106,41873.154,22275.764,27501.576,2017,April,Tuesday,21
2422,2017-04-11 22:00:00,15.392,85.75,0.07,0.056,0.104,38445.468,20726.273,25390.545,2017,April,Tuesday,22
2423,2017-04-11 23:00:00,15.28,87.667,0.068,0.051,0.108,32890.075,17804.481,21780.364,2017,April,Tuesday,23
2424,2017-04-12 00:00:00,15.1,88.2,0.069,0.06,0.113,28340.151,15535.234,18868.364,2017,April,Wednesday,0
2425,2017-04-12 01:00:00,15.095,87.817,0.069,0.052,0.124,25666.825,14223.422,17051.152,2017,April,Wednesday,1
2426,2017-04-12 02:00:00,15.275,87.367,0.069,0.057,0.112,24472.25,13353.971,16079.515,2017,April,Wednesday,2
2427,2017-04-12 03:00:00,15.217,88.45,0.071,0.055,0.109,24165.339,13162.118,15926.303,2017,April,Wednesday,3
2428,2017-04-12 04:00:00,15.153,89.2,0.068,0.066,0.101,25142.906,13679.022,16166.788,2017,April,Wednesday,4
2429,2017-04-12 05:00:00,15.087,88.917,0.071,0.068,0.113,22784.758,12965.988,14347.636,2017,April,Wednesday,5
2430,2017-04-12 06:00:00,15.273,86.567,0.071,0.307,0.327,21704.887,12519.348,11170.909,2017,April,Wednesday,6
2431,2017-04-12 07:00:00,15.39,87.5,0.07,19.843,18.278,24174.639,14674.949,11738.182,2017,April,Wednesday,7
2432,2017-04-12 08:00:00,15.648,88.517,0.075,108.2,97.805,27576.491,16795.723,13575.758,2017,April,Wednesday,8
2433,2017-04-12 09:00:00,16.068,87.8,0.071,210.35,190.083,30821.27,18598.778,15572.364,2017,April,Wednesday,9
2434,2017-04-12 10:00:00,16.378,86.117,0.072,247.067,231.933,34023.681,20144.603,17074.424,2017,April,Wednesday,10
2435,2017-04-12 11:00:00,16.543,85.0,0.073,315.65,290.35,35102.519,20596.13,18131.394,2017,April,Wednesday,11
2436,2017-04-12 12:00:00,16.845,82.667,0.075,318.85,287.517,35414.596,20378.004,18944.0,2017,April,Wednesday,12
2437,2017-04-12 13:00:00,17.528,80.317,0.074,687.55,556.217,34648.87,20505.092,19230.061,2017,April,Wednesday,13
2438,2017-04-12 14:00:00,17.993,78.217,0.075,790.667,275.0,34065.016,20381.67,18830.545,2017,April,Wednesday,14
2439,2017-04-12 15:00:00,17.918,78.533,0.072,564.133,276.917,33204.22,19600.815,18072.242,2017,April,Wednesday,15
2440,2017-04-12 16:00:00,17.283,80.417,0.073,227.033,197.1,32642.067,18505.295,17789.091,2017,April,Wednesday,16
2441,2017-04-12 17:00:00,16.865,81.617,0.074,160.833,143.1,31901.141,17263.747,17903.515,2017,April,Wednesday,17
2442,2017-04-12 18:00:00,16.668,83.683,0.074,107.408,98.943,33696.103,18202.24,20532.364,2017,April,Wednesday,18
2443,2017-04-12 19:00:00,16.367,86.367,0.071,21.8,21.818,42568.611,22765.784,27492.848,2017,April,Wednesday,19
2444,2017-04-12 20:00:00,16.067,86.383,0.072,0.089,0.212,42908.59,22816.497,27883.636,2017,April,Wednesday,20
2445,2017-04-12 21:00:00,15.99,83.817,0.072,0.033,0.189,41506.308,22554.99,27164.121,2017,April,Wednesday,21
2446,2017-04-12 22:00:00,15.928,86.4,0.072,0.036,0.176,37926.717,20835.642,25251.879,2017,April,Wednesday,22
2447,2017-04-12 23:00:00,15.46,89.233,0.07,0.036,0.16,32409.559,18377.597,21723.152,2017,April,Wednesday,23
2448,2017-04-13 00:00:00,15.38,89.05,0.071,0.031,0.148,28040.474,15954.379,18683.152,2017,April,Thursday,0
2449,2017-04-13 01:00:00,15.843,83.95,0.074,0.029,0.17,25501.485,14397.556,16804.848,2017,April,Thursday,1
2450,2017-04-13 02:00:00,15.98,82.183,0.073,0.035,0.162,24345.145,13550.102,15996.121,2017,April,Thursday,2
2451,2017-04-13 03:00:00,15.758,85.283,0.072,0.036,0.158,24096.103,13531.772,15808.97,2017,April,Thursday,3
2452,2017-04-13 04:00:00,15.495,87.333,0.071,0.038,0.156,24882.497,13876.375,16057.212,2017,April,Thursday,4
2453,2017-04-13 05:00:00,15.527,86.4,0.074,0.037,0.174,22937.696,12769.857,14322.424,2017,April,Thursday,5
2454,2017-04-13 06:00:00,15.615,85.317,0.074,0.247,0.342,21484.779,12447.862,11354.182,2017,April,Thursday,6
2455,2017-04-13 07:00:00,15.802,84.683,0.072,9.462,8.256,24150.872,14648.065,12030.061,2017,April,Thursday,7
2456,2017-04-13 08:00:00,15.7,86.683,0.075,25.34,22.093,27405.985,15982.485,15018.667,2017,April,Thursday,8
2457,2017-04-13 09:00:00,15.703,87.2,0.07,52.177,45.222,30332.487,17375.56,17245.091,2017,April,Thursday,9
2458,2017-04-13 10:00:00,15.873,86.383,0.075,88.233,77.445,33304.456,18318.941,18840.242,2017,April,Thursday,10
2459,2017-04-13 11:00:00,16.16,85.767,0.072,156.933,138.45,34933.046,19094.297,19968.97,2017,April,Thursday,11
2460,2017-04-13 12:00:00,16.712,84.0,0.076,400.733,300.3,35385.662,19085.132,20671.03,2017,April,Thursday,12
2461,2017-04-13 13:00:00,17.272,79.217,0.076,287.133,254.583,35202.756,19038.086,21062.788,2017,April,Thursday,13
2462,2017-04-13 14:00:00,17.43,77.333,0.077,306.783,268.65,33979.247,18959.878,20684.606,2017,April,Thursday,14
2463,2017-04-13 15:00:00,17.55,77.7,0.076,284.183,249.1,33737.438,20163.544,18526.061,2017,April,Thursday,15
2464,2017-04-13 16:00:00,17.173,80.033,0.076,125.367,110.85,32594.532,18939.104,18172.121,2017,April,Thursday,16
2465,2017-04-13 17:00:00,16.978,81.15,0.079,126.767,111.35,32029.279,18011.609,18240.97,2017,April,Thursday,17
2466,2017-04-13 18:00:00,17.23,80.8,0.082,50.817,44.27,34267.557,18910.998,21015.273,2017,April,Thursday,18
2467,2017-04-13 19:00:00,17.248,80.817,0.085,6.106,5.359,43240.301,23680.448,28486.788,2017,April,Thursday,19
2468,2017-04-13 20:00:00,17.718,78.6,0.083,0.082,0.131,43636.082,23652.953,28713.697,2017,April,Thursday,20
2469,2017-04-13 21:00:00,17.738,78.45,0.086,0.031,0.111,41918.622,22884.929,27810.909,2017,April,Thursday,21
2470,2017-04-13 22:00:00,17.188,81.35,0.083,0.033,0.1,38071.389,21270.672,26048.0,2017,April,Thursday,22
2471,2017-04-13 23:00:00,16.47,83.417,0.072,0.024,0.122,33019.246,18738.086,22542.545,2017,April,Thursday,23
2472,2017-04-14 00:00:00,16.035,84.883,0.079,0.039,0.11,28796.9,16168.839,19486.061,2017,April,Friday,0
2473,2017-04-14 01:00:00,16.012,85.567,0.082,0.031,0.101,26018.17,14555.804,17216.97,2017,April,Friday,1
2474,2017-04-14 02:00:00,15.947,86.45,0.082,0.03,0.114,24689.257,13366.802,16162.909,2017,April,Friday,2
2475,2017-04-14 03:00:00,15.763,86.733,0.082,0.044,0.106,24336.878,13315.479,15882.667,2017,April,Friday,3
2476,2017-04-14 04:00:00,15.653,86.083,0.082,0.042,0.115,25167.707,13770.672,16181.333,2017,April,Friday,4
2477,2017-04-14 05:00:00,15.482,85.067,0.082,0.036,0.116,23080.301,12889.002,14442.667,2017,April,Friday,5
2478,2017-04-14 06:00:00,15.843,84.133,0.082,0.366,0.384,21915.694,12619.552,11173.818,2017,April,Friday,6
2479,2017-04-14 07:00:00,15.645,84.183,0.084,28.157,24.574,23941.098,14557.637,11538.424,2017,April,Friday,7
2480,2017-04-14 08:00:00,16.117,84.283,0.087,146.783,125.433,26689.86,17026.68,13501.091,2017,April,Friday,8
2481,2017-04-14 09:00:00,16.915,83.117,0.086,334.333,193.333,30454.424,18939.715,15528.727,2017,April,Friday,9
2482,2017-04-14 10:00:00,18.203,76.133,0.079,302.667,236.6,33521.464,20241.752,17295.515,2017,April,Friday,10
2483,2017-04-14 11:00:00,18.697,69.627,0.076,321.05,241.333,34782.174,20981.059,18135.273,2017,April,Friday,11
2484,2017-04-14 12:00:00,19.595,65.895,0.074,753.75,314.3,33677.503,20319.348,18493.091,2017,April,Friday,12
2485,2017-04-14 13:00:00,19.602,65.777,0.074,616.417,284.5,33603.1,20089.002,18764.606,2017,April,Friday,13
2486,2017-04-14 14:00:00,19.287,66.877,0.074,372.083,247.45,33188.719,19968.024,18022.788,2017,April,Friday,14
2487,2017-04-14 15:00:00,18.6,70.197,0.072,359.2,253.45,32495.328,19611.202,17337.212,2017,April,Friday,15
2488,2017-04-14 16:00:00,18.213,70.387,0.072,122.45,108.597,32487.061,18758.248,17222.788,2017,April,Friday,16
2489,2017-04-14 17:00:00,18.255,69.155,0.074,202.183,190.45,31273.886,17524.644,17350.788,2017,April,Friday,17
2490,2017-04-14 18:00:00,17.813,72.483,0.072,170.283,170.933,32730.936,17874.134,19844.848,2017,April,Friday,18
2491,2017-04-14 19:00:00,17.067,77.467,0.071,25.721,22.774,42078.794,22791.446,27426.909,2017,April,Friday,19
2492,2017-04-14 20:00:00,16.588,79.933,0.069,0.147,0.201,42696.749,23063.34,27951.515,2017,April,Friday,20
2493,2017-04-14 21:00:00,16.367,81.383,0.072,0.028,0.124,41803.918,22501.222,27512.242,2017,April,Friday,21
2494,2017-04-14 22:00:00,15.618,83.6,0.076,0.033,0.112,38385.533,21185.743,25402.182,2017,April,Friday,22
2495,2017-04-14 23:00:00,14.858,85.533,0.082,0.028,0.108,33001.679,18618.941,21885.091,2017,April,Friday,23
2496,2017-04-15 00:00:00,14.142,86.683,0.083,0.032,0.111,28324.65,15915.275,19041.939,2017,April,Saturday,0
2497,2017-04-15 01:00:00,13.535,87.567,0.073,0.033,0.122,25890.032,14421.385,17048.242,2017,April,Saturday,1
2498,2017-04-15 02:00:00,13.478,87.8,0.076,0.028,0.125,24337.912,13573.931,16021.333,2017,April,Saturday,2
2499,2017-04-15 03:00:00,13.673,85.933,0.073,0.033,0.091,24075.436,13420.57,15597.576,2017,April,Saturday,3
2500,2017-04-15 04:00:00,13.79,84.85,0.077,0.031,0.112,24654.123,13729.124,15964.121,2017,April,Saturday,4
2501,2017-04-15 05:00:00,15.617,78.267,0.084,0.026,0.122,22426.179,12402.037,14209.939,2017,April,Saturday,5
2502,2017-04-15 06:00:00,16.13,72.7,0.085,1.891,1.726,21049.731,11819.145,11254.303,2017,April,Saturday,6
2503,2017-04-15 07:00:00,16.463,73.017,0.087,52.835,46.268,23310.743,13857.434,12095.03,2017,April,Saturday,7
2504,2017-04-15 08:00:00,16.757,68.61,0.087,169.467,148.95,26280.646,16251.324,14009.212,2017,April,Saturday,8
2505,2017-04-15 09:00:00,17.888,62.485,0.086,338.183,152.917,29678.364,18253.564,16254.061,2017,April,Saturday,9
2506,2017-04-15 10:00:00,19.572,54.238,0.088,693.2,107.767,32245.253,19563.544,17829.818,2017,April,Saturday,10
2507,2017-04-15 11:00:00,20.58,47.185,0.087,627.817,217.583,34235.522,19793.279,18944.97,2017,April,Saturday,11
2508,2017-04-15 12:00:00,20.552,51.407,0.088,396.35,253.15,34103.251,19701.629,19785.697,2017,April,Saturday,12
2509,2017-04-15 13:00:00,20.762,52.17,0.089,385.717,241.85,33673.369,19653.36,20132.848,2017,April,Saturday,13
2510,2017-04-15 14:00:00,21.095,53.577,0.085,468.35,221.367,32960.344,19131.568,19457.939,2017,April,Saturday,14
2511,2017-04-15 15:00:00,19.045,63.725,0.074,230.483,199.217,32497.395,18416.701,19110.788,2017,April,Saturday,15
2512,2017-04-15 16:00:00,18.782,65.077,0.073,197.917,174.85,31418.558,17655.397,18787.879,2017,April,Saturday,16
2513,2017-04-15 17:00:00,18.55,65.603,0.073,116.65,103.083,31201.55,16832.383,18641.455,2017,April,Saturday,17
2514,2017-04-15 18:00:00,18.57,66.302,0.078,58.727,58.48,33305.49,17607.739,21096.727,2017,April,Saturday,18
2515,2017-04-15 19:00:00,18.602,64.543,0.087,24.618,22.937,42413.606,21987.984,28041.697,2017,April,Saturday,19
2516,2017-04-15 20:00:00,17.602,67.318,0.086,0.13,0.205,43167.966,22032.587,28544.97,2017,April,Saturday,20
2517,2017-04-15 21:00:00,16.472,72.503,0.083,0.028,0.13,41675.78,21551.12,28083.394,2017,April,Saturday,21
2518,2017-04-15 22:00:00,15.803,76.35,0.082,0.024,0.132,38501.27,20540.53,26604.606,2017,April,Saturday,22
2519,2017-04-15 23:00:00,15.377,78.217,0.083,0.032,0.129,33935.845,18323.218,23770.182,2017,April,Saturday,23
2520,2017-04-16 00:00:00,14.32,82.2,0.083,0.019,0.136,28669.795,15505.906,19869.091,2017,April,Sunday,0
2521,2017-04-16 01:00:00,13.682,84.033,0.083,0.027,0.135,25598.622,13782.892,17742.545,2017,April,Sunday,1
2522,2017-04-16 02:00:00,12.91,85.333,0.082,0.029,0.132,24056.835,12615.886,16624.485,2017,April,Sunday,2
2523,2017-04-16 03:00:00,12.685,86.133,0.083,0.027,0.13,23660.022,12205.906,16182.303,2017,April,Sunday,3
2524,2017-04-16 04:00:00,12.277,86.167,0.081,0.027,0.14,23934.898,12556.619,16233.697,2017,April,Sunday,4
2525,2017-04-16 05:00:00,11.728,87.583,0.081,0.027,0.126,21411.41,10835.438,14170.182,2017,April,Sunday,5
2526,2017-04-16 06:00:00,11.638,87.733,0.08,2.078,1.863,19532.745,9932.994,11226.182,2017,April,Sunday,6
2527,2017-04-16 07:00:00,10.942,88.383,0.084,88.872,79.378,20650.85,10833.605,11683.879,2017,April,Sunday,7
2528,2017-04-16 08:00:00,11.85,88.683,0.086,282.25,259.983,23122.67,12359.267,13495.273,2017,April,Sunday,8
2529,2017-04-16 09:00:00,14.148,84.4,0.086,464.967,181.333,26429.451,14171.487,15664.485,2017,April,Sunday,9
2530,2017-04-16 10:00:00,17.273,71.417,0.088,633.6,101.55,28882.67,15466.802,17531.152,2017,April,Sunday,10
2531,2017-04-16 11:00:00,20.057,55.925,0.081,730.683,115.0,31048.611,15925.051,18747.152,2017,April,Sunday,11
2532,2017-04-16 12:00:00,20.838,51.775,0.074,811.333,131.967,31092.013,16323.422,19416.242,2017,April,Sunday,12
2533,2017-04-16 13:00:00,20.478,54.478,0.076,829.333,134.517,30885.339,16115.682,19584.0,2017,April,Sunday,13
2534,2017-04-16 14:00:00,20.168,58.802,0.075,798.333,124.933,30124.779,15798.574,18869.333,2017,April,Sunday,14
2535,2017-04-16 15:00:00,20.375,59.897,0.074,685.083,493.617,28812.4,15212.627,18403.879,2017,April,Sunday,15
2536,2017-04-16 16:00:00,20.018,61.763,0.074,564.983,591.333,28694.596,15250.509,18319.515,2017,April,Sunday,16
2537,2017-04-16 17:00:00,19.99,61.637,0.074,368.4,397.883,28595.393,14824.033,18246.788,2017,April,Sunday,17
2538,2017-04-16 18:00:00,19.398,63.39,0.075,197.75,216.333,31379.29,16024.033,20917.333,2017,April,Sunday,18
2539,2017-04-16 19:00:00,18.707,66.21,0.075,46.967,50.634,40956.555,20929.735,27916.606,2017,April,Sunday,19
2540,2017-04-16 20:00:00,17.41,74.673,0.078,0.332,0.369,42494.209,21786.965,28414.061,2017,April,Sunday,20
2541,2017-04-16 21:00:00,15.65,81.983,0.074,0.023,0.105,42221.399,21937.271,27745.939,2017,April,Sunday,21
2542,2017-04-16 22:00:00,14.733,84.133,0.072,0.024,0.111,37649.774,20136.049,25165.576,2017,April,Sunday,22
2543,2017-04-16 23:00:00,14.843,83.683,0.083,0.025,0.12,31840.172,17104.277,21084.121,2017,April,Sunday,23
2544,2017-04-17 00:00:00,14.3,79.983,0.083,0.031,0.112,27504.155,14921.792,18532.848,2017,April,Monday,0
2545,2017-04-17 01:00:00,13.205,81.1,0.084,0.03,0.122,25009.602,13490.224,16952.242,2017,April,Monday,1
2546,2017-04-17 02:00:00,12.633,82.717,0.082,0.025,0.13,24040.301,12698.371,16103.758,2017,April,Monday,2
2547,2017-04-17 03:00:00,12.203,83.7,0.08,0.023,0.148,24087.836,12750.916,15947.636,2017,April,Monday,3
2548,2017-04-17 04:00:00,11.772,83.717,0.082,0.026,0.13,24862.863,13391.853,16205.576,2017,April,Monday,4
2549,2017-04-17 05:00:00,11.388,83.783,0.081,0.025,0.135,22822.992,12805.295,14287.515,2017,April,Monday,5
2550,2017-04-17 06:00:00,10.865,85.767,0.082,2.365,2.073,23748.891,14172.098,12209.455,2017,April,Monday,6
2551,2017-04-17 07:00:00,11.118,86.033,0.083,90.852,81.847,25797.029,15863.34,12549.818,2017,April,Monday,7
2552,2017-04-17 08:00:00,12.157,85.067,0.084,204.117,183.933,28368.052,17552.138,13912.242,2017,April,Monday,8
2553,2017-04-17 09:00:00,15.122,79.867,0.085,471.8,213.117,31069.279,18639.715,15643.152,2017,April,Monday,9
2554,2017-04-17 10:00:00,17.902,71.405,0.088,672.05,91.567,33904.844,19609.369,17162.667,2017,April,Monday,10
2555,2017-04-17 11:00:00,19.76,64.175,0.088,795.333,77.483,35580.969,20501.426,18450.424,2017,April,Monday,11
2556,2017-04-17 12:00:00,21.537,56.188,0.087,875.833,103.017,35603.703,20601.629,19132.121,2017,April,Monday,12
2557,2017-04-17 13:00:00,22.625,47.23,0.088,750.967,243.1,34944.413,20575.967,18828.606,2017,April,Monday,13
2558,2017-04-17 14:00:00,22.272,49.623,0.088,402.017,216.517,34588.934,20463.544,18454.303,2017,April,Monday,14
2559,2017-04-17 15:00:00,22.097,48.728,0.088,403.733,349.583,33927.578,19832.994,18333.091,2017,April,Monday,15
2560,2017-04-17 16:00:00,22.295,44.6,0.088,554.35,579.033,33222.82,18399.593,17952.0,2017,April,Monday,16
2561,2017-04-17 17:00:00,21.972,42.68,0.087,386.617,413.033,33119.483,17752.546,18090.667,2017,April,Monday,17
2562,2017-04-17 18:00:00,20.743,47.26,0.086,210.367,227.567,35076.685,18556.008,20485.818,2017,April,Monday,18
2563,2017-04-17 19:00:00,18.663,52.578,0.086,50.372,53.494,44852.357,23511.202,28206.545,2017,April,Monday,19
2564,2017-04-17 20:00:00,17.188,50.768,0.086,0.243,0.278,45331.841,23634.623,28690.424,2017,April,Monday,20
2565,2017-04-17 21:00:00,16.515,50.483,0.085,0.049,0.104,42924.09,22770.061,27423.03,2017,April,Monday,21
2566,2017-04-17 22:00:00,15.232,58.62,0.084,0.047,0.103,37883.315,20409.165,24522.667,2017,April,Monday,22
2567,2017-04-17 23:00:00,14.247,65.422,0.083,0.035,0.094,31933.175,17469.654,21119.03,2017,April,Monday,23
2568,2017-04-18 00:00:00,13.29,68.957,0.082,0.022,0.124,27787.298,15136.253,18552.242,2017,April,Tuesday,0
2569,2017-04-18 01:00:00,12.983,71.128,0.083,0.033,0.126,25528.353,13976.578,16558.545,2017,April,Tuesday,1
2570,2017-04-18 02:00:00,12.445,72.817,0.086,0.033,0.121,24488.784,13202.444,15604.364,2017,April,Tuesday,2
2571,2017-04-18 03:00:00,11.945,75.567,0.082,0.028,0.137,24205.64,12944.603,15535.515,2017,April,Tuesday,3
2572,2017-04-18 04:00:00,11.488,77.633,0.082,0.041,0.125,25005.468,13364.969,15936.97,2017,April,Tuesday,4
2573,2017-04-18 05:00:00,11.575,75.867,0.083,0.021,0.156,23389.279,12535.234,13741.576,2017,April,Tuesday,5
2574,2017-04-18 06:00:00,10.793,78.283,0.082,2.419,2.174,23922.497,13847.658,11973.818,2017,April,Tuesday,6
2575,2017-04-18 07:00:00,11.37,76.633,0.082,100.977,94.18,25737.094,16180.448,12672.0,2017,April,Tuesday,7
2576,2017-04-18 08:00:00,13.415,67.372,0.085,317.767,308.617,28944.672,17799.593,14176.97,2017,April,Tuesday,8
2577,2017-04-18 09:00:00,15.987,59.94,0.086,522.617,264.163,31519.828,19161.507,16000.0,2017,April,Tuesday,9
2578,2017-04-18 10:00:00,18.783,53.633,0.088,683.25,55.668,33944.112,20330.346,17415.758,2017,April,Tuesday,10
2579,2017-04-18 11:00:00,20.273,47.678,0.088,807.667,51.428,35694.639,20943.788,18679.273,2017,April,Tuesday,11
2580,2017-04-18 12:00:00,21.377,43.155,0.088,872.333,48.828,35936.448,21409.369,19361.939,2017,April,Tuesday,12
2581,2017-04-18 13:00:00,22.355,40.942,0.087,867.333,67.868,35502.433,20937.678,18907.152,2017,April,Tuesday,13
2582,2017-04-18 14:00:00,22.932,38.305,0.087,765.417,171.233,34247.922,20461.1,18094.545,2017,April,Tuesday,14
2583,2017-04-18 15:00:00,22.947,32.263,0.087,724.2,665.483,33530.764,20004.073,17905.455,2017,April,Tuesday,15
2584,2017-04-18 16:00:00,22.815,28.172,0.086,601.15,649.433,32933.477,19263.544,17711.515,2017,April,Tuesday,16
2585,2017-04-18 17:00:00,22.32,27.838,0.086,394.35,425.767,32945.877,18084.929,17982.061,2017,April,Tuesday,17
2586,2017-04-18 18:00:00,20.725,38.5,0.086,177.183,184.467,34952.68,19152.342,20437.333,2017,April,Tuesday,18
2587,2017-04-18 19:00:00,18.342,48.833,0.086,43.891,44.095,44188.934,23697.556,27562.667,2017,April,Tuesday,19
2588,2017-04-18 20:00:00,16.552,53.78,0.085,0.394,0.394,44637.417,23841.141,27902.061,2017,April,Tuesday,20
2589,2017-04-18 21:00:00,15.58,56.467,0.085,0.058,0.112,42496.276,22803.666,26937.212,2017,April,Tuesday,21
2590,2017-04-18 22:00:00,14.892,59.888,0.084,0.058,0.101,38176.792,21029.328,25063.758,2017,April,Tuesday,22
2591,2017-04-18 23:00:00,13.693,66.185,0.083,0.04,0.103,31949.709,18111.813,21118.061,2017,April,Tuesday,23
2592,2017-04-19 00:00:00,12.842,71.223,0.083,0.03,0.112,27572.357,15464.969,18239.03,2017,April,Wednesday,0
2593,2017-04-19 01:00:00,12.697,70.79,0.082,0.03,0.124,25241.076,14148.88,16525.576,2017,April,Wednesday,1
2594,2017-04-19 02:00:00,12.493,70.08,0.082,0.03,0.124,24267.643,13503.666,15739.152,2017,April,Wednesday,2
2595,2017-04-19 03:00:00,12.24,70.783,0.081,0.03,0.114,24073.369,13639.308,15627.636,2017,April,Wednesday,3
2596,2017-04-19 04:00:00,11.56,73.95,0.084,0.036,0.122,24964.133,14126.273,16093.091,2017,April,Wednesday,4
2597,2017-04-19 05:00:00,10.7,79.433,0.084,0.035,0.14,23052.4,13077.189,13885.091,2017,April,Wednesday,5
2598,2017-04-19 06:00:00,10.425,80.4,0.082,3.514,3.04,23614.553,13838.493,11971.879,2017,April,Wednesday,6
2599,2017-04-19 07:00:00,10.47,80.15,0.081,120.825,115.147,26067.772,15724.644,12434.424,2017,April,Wednesday,7
2600,2017-04-19 08:00:00,12.015,76.917,0.088,321.3,316.7,29944.973,17031.568,14068.364,2017,April,Wednesday,8
2601,2017-04-19 09:00:00,14.778,67.537,0.09,514.1,305.217,31792.637,19266.599,15984.485,2017,April,Wednesday,9
2602,2017-04-19 10:00:00,18.418,57.297,0.077,675.1,53.787,34338.859,20458.656,17333.333,2017,April,Wednesday,10
2603,2017-04-19 11:00:00,18.713,61.312,0.075,795.5,55.498,35919.914,21364.155,18603.636,2017,April,Wednesday,11
2604,2017-04-19 12:00:00,19.117,58.948,0.075,861.333,52.015,36203.057,21484.521,19300.848,2017,April,Wednesday,12
2605,2017-04-19 13:00:00,19.338,60.948,0.074,870.0,53.832,35959.182,21445.418,19346.424,2017,April,Wednesday,13
2606,2017-04-19 14:00:00,19.34,64.412,0.074,819.5,138.125,35008.482,21373.32,18724.848,2017,April,Wednesday,14
2607,2017-04-19 15:00:00,19.662,58.578,0.074,763.0,138.183,33867.643,20651.731,18004.364,2017,April,Wednesday,15
2608,2017-04-19 16:00:00,19.41,61.038,0.074,591.083,153.467,32962.411,19595.927,18085.818,2017,April,Wednesday,16
2609,2017-04-19 17:00:00,19.112,63.222,0.074,359.117,267.967,33470.829,18711.202,18704.485,2017,April,Wednesday,17
2610,2017-04-19 18:00:00,17.938,73.295,0.071,136.433,133.483,36211.324,20197.76,21226.667,2017,April,Wednesday,18
2611,2017-04-19 19:00:00,17.267,77.283,0.072,38.925,42.707,43963.66,23550.916,27405.576,2017,April,Wednesday,19
2612,2017-04-19 20:00:00,16.605,81.417,0.07,0.334,0.344,44184.801,23344.399,27847.758,2017,April,Wednesday,20
2613,2017-04-19 21:00:00,16.302,83.433,0.068,0.03,0.112,41979.591,22620.367,26984.727,2017,April,Wednesday,21
2614,2017-04-19 22:00:00,16.133,86.3,0.071,0.025,0.113,36876.814,20411.609,24325.818,2017,April,Wednesday,22
2615,2017-04-19 23:00:00,15.923,86.717,0.07,0.02,0.121,31042.411,17460.489,20849.455,2017,April,Wednesday,23
2616,2017-04-20 00:00:00,16.138,86.6,0.073,0.027,0.112,27045.339,15354.99,17919.03,2017,April,Thursday,0
2617,2017-04-20 01:00:00,16.188,87.317,0.066,0.026,0.119,24926.932,13935.642,16041.697,2017,April,Thursday,1
2618,2017-04-20 02:00:00,15.928,87.5,0.067,0.022,0.106,24067.169,13185.336,15509.333,2017,April,Thursday,2
2619,2017-04-20 03:00:00,15.95,83.883,0.07,0.027,0.139,24058.902,13209.776,15523.879,2017,April,Thursday,3
2620,2017-04-20 04:00:00,16.188,81.333,0.071,0.036,0.144,24767.793,13644.196,15701.333,2017,April,Thursday,4
2621,2017-04-20 05:00:00,16.153,81.717,0.072,0.035,0.144,22467.513,12684.318,13579.636,2017,April,Thursday,5
2622,2017-04-20 06:00:00,16.28,80.517,0.07,1.928,1.682,23513.283,14222.811,11943.758,2017,April,Thursday,6
2623,2017-04-20 07:00:00,16.428,78.1,0.07,49.945,41.715,25708.159,15800.407,12297.697,2017,April,Thursday,7
2624,2017-04-20 08:00:00,16.628,78.583,0.071,50.473,40.648,28723.531,17401.222,13815.273,2017,April,Thursday,8
2625,2017-04-20 09:00:00,16.488,81.517,0.071,63.443,51.925,31340.022,19307.536,15666.424,2017,April,Thursday,9
2626,2017-04-20 10:00:00,16.318,82.333,0.071,78.487,64.957,33793.24,20553.36,17731.879,2017,April,Thursday,10
2627,2017-04-20 11:00:00,15.942,86.25,0.07,104.783,85.925,35944.715,21217.515,18759.758,2017,April,Thursday,11
2628,2017-04-20 12:00:00,15.933,84.983,0.07,121.85,101.35,25135.673,23686.558,19595.636,2017,April,Thursday,12
2629,2017-04-20 13:00:00,16.275,84.883,0.071,78.035,62.692,26646.459,30071.487,19618.909,2017,April,Thursday,13
2630,2017-04-20 14:00:00,16.252,86.65,0.073,72.62,60.248,26328.181,29640.122,19438.545,2017,April,Thursday,14
2631,2017-04-20 15:00:00,16.315,86.25,0.07,64.918,54.753,26119.44,28919.756,19130.182,2017,April,Thursday,15
2632,2017-04-20 16:00:00,16.392,84.933,0.071,62.032,52.108,25538.687,28583.707,19127.273,2017,April,Thursday,16
2633,2017-04-20 17:00:00,16.375,85.133,0.068,53.893,45.185,25485.985,28444.399,19974.788,2017,April,Thursday,17
2634,2017-04-20 18:00:00,16.263,85.6,0.068,36.103,29.73,28221.313,29649.898,22184.727,2017,April,Thursday,18
2635,2017-04-20 19:00:00,16.068,86.833,0.069,7.596,6.344,38414.467,29342.566,28602.182,2017,April,Thursday,19
2636,2017-04-20 20:00:00,16.072,86.55,0.071,0.317,0.346,38565.339,28832.994,28821.333,2017,April,Thursday,20
2637,2017-04-20 21:00:00,16.053,87.233,0.066,0.04,0.124,35907.513,27028.717,26930.424,2017,April,Thursday,21
2638,2017-04-20 22:00:00,16.005,87.7,0.069,0.038,0.136,32022.045,24135.642,24214.303,2017,April,Thursday,22
2639,2017-04-20 23:00:00,15.967,87.833,0.068,0.038,0.112,27656.06,20302.851,21023.03,2017,April,Thursday,23
2640,2017-04-21 00:00:00,15.888,88.933,0.066,0.036,0.118,24332.745,17535.642,18311.758,2017,April,Friday,0
2641,2017-04-21 01:00:00,15.843,89.583,0.066,0.036,0.111,22202.971,15947.047,16634.182,2017,April,Friday,1
2642,2017-04-21 02:00:00,15.765,90.4,0.071,0.048,0.117,21494.08,15180.855,15961.212,2017,April,Friday,2
2643,2017-04-21 03:00:00,15.775,91.017,0.066,0.043,0.121,21688.353,15103.87,15803.152,2017,April,Friday,3
2644,2017-04-21 04:00:00,15.783,91.45,0.067,0.049,0.124,22303.208,15683.096,15882.667,2017,April,Friday,4
2645,2017-04-21 05:00:00,15.808,91.85,0.069,0.038,0.128,20524.779,14464.155,13301.333,2017,April,Friday,5
2646,2017-04-21 06:00:00,15.785,92.267,0.073,0.607,0.538,21882.626,15827.902,11681.939,2017,April,Friday,6
2647,2017-04-21 07:00:00,15.798,92.667,0.07,32.71,27.594,24565.253,16473.727,12131.879,2017,April,Friday,7
2648,2017-04-21 08:00:00,16.122,93.0,0.073,104.965,90.03,28110.743,17373.727,13556.364,2017,April,Friday,8
2649,2017-04-21 09:00:00,16.468,92.833,0.075,173.517,144.983,35671.905,15285.336,15431.758,2017,April,Friday,9
2650,2017-04-21 10:00:00,16.808,92.133,0.076,186.267,158.083,39382.734,16097.352,17319.758,2017,April,Friday,10
2651,2017-04-21 11:00:00,17.433,88.65,0.073,151.483,128.7,41506.308,16729.124,18534.788,2017,April,Friday,11
2652,2017-04-21 12:00:00,17.252,86.9,0.072,143.35,120.047,40157.761,16098.574,18955.636,2017,April,Friday,12
2653,2017-04-21 13:00:00,17.18,87.117,0.072,255.1,216.483,38984.887,15430.754,18232.242,2017,April,Friday,13
2654,2017-04-21 14:00:00,18.068,84.0,0.078,340.683,271.65,38564.306,15383.096,17643.636,2017,April,Friday,14
2655,2017-04-21 15:00:00,18.043,80.333,0.073,262.15,224.817,38298.73,15234.623,17210.182,2017,April,Friday,15
2656,2017-04-21 16:00:00,18.297,78.267,0.077,314.417,260.15,36286.76,16831.772,17462.303,2017,April,Friday,16
2657,2017-04-21 17:00:00,19.08,72.8,0.08,381.017,362.617,34153.886,18442.974,18123.636,2017,April,Friday,17
2658,2017-04-21 18:00:00,19.35,69.467,0.076,199.767,215.933,36346.695,19672.912,20593.455,2017,April,Friday,18
2659,2017-04-21 19:00:00,18.99,70.457,0.072,43.39,46.093,43050.161,23089.613,27140.848,2017,April,Friday,19
2660,2017-04-21 20:00:00,17.0,78.533,0.077,0.63,0.684,43357.072,23096.334,27433.697,2017,April,Friday,20
2661,2017-04-21 21:00:00,15.115,84.033,0.071,0.031,0.13,40780.883,22328.31,26796.606,2017,April,Friday,21
2662,2017-04-21 22:00:00,14.483,84.483,0.075,0.031,0.1,36385.963,20613.238,24639.03,2017,April,Friday,22
2663,2017-04-21 23:00:00,13.817,85.233,0.085,0.034,0.103,30705.533,17726.273,21215.03,2017,April,Friday,23
2664,2017-04-22 00:00:00,13.307,86.267,0.081,0.032,0.119,27180.71,15447.251,18222.545,2017,April,Saturday,0
2665,2017-04-22 01:00:00,12.872,87.633,0.072,0.03,0.112,24797.761,13806.721,16094.061,2017,April,Saturday,1
2666,2017-04-22 02:00:00,13.657,89.1,0.072,0.026,0.126,23670.355,13193.89,15173.818,2017,April,Saturday,2
2667,2017-04-22 03:00:00,14.493,89.317,0.074,0.033,0.119,23677.589,13007.536,15154.424,2017,April,Saturday,3
2668,2017-04-22 04:00:00,15.08,90.167,0.073,0.026,0.112,24142.605,13239.104,15239.758,2017,April,Saturday,4
2669,2017-04-22 05:00:00,14.643,90.083,0.075,0.032,0.126,21430.011,11524.033,12928.97,2017,April,Saturday,5
2670,2017-04-22 06:00:00,14.465,89.5,0.076,0.845,0.757,21657.352,11924.847,11278.545,2017,April,Saturday,6
2671,2017-04-22 07:00:00,14.597,88.367,0.073,17.074,14.63,23359.311,13657.637,11784.727,2017,April,Saturday,7
2672,2017-04-22 08:00:00,15.475,87.283,0.073,67.123,56.058,27172.443,16074.134,13487.515,2017,April,Saturday,8
2673,2017-04-22 09:00:00,15.97,86.817,0.071,127.833,107.967,30775.802,18433.198,15728.485,2017,April,Saturday,9
2674,2017-04-22 10:00:00,16.578,84.317,0.071,257.767,213.633,34441.163,19924.644,17666.909,2017,April,Saturday,10
2675,2017-04-22 11:00:00,17.16,79.033,0.071,339.3,286.133,36243.358,20563.136,19329.939,2017,April,Saturday,11
2676,2017-04-22 12:00:00,17.457,76.217,0.073,298.517,253.467,36861.313,20930.957,20069.818,2017,April,Saturday,12
2677,2017-04-22 13:00:00,17.775,75.867,0.072,423.6,353.9,35487.966,20415.275,20065.939,2017,April,Saturday,13
2678,2017-04-22 14:00:00,18.095,74.0,0.075,380.283,317.267,34125.985,19945.418,19527.758,2017,April,Saturday,14
2679,2017-04-22 15:00:00,18.475,72.7,0.072,605.833,320.667,32849.774,19303.259,18980.848,2017,April,Saturday,15
2680,2017-04-22 16:00:00,19.013,70.867,0.073,569.733,191.483,32481.895,18766.191,18749.091,2017,April,Saturday,16
2681,2017-04-22 17:00:00,19.2,70.433,0.074,367.55,368.567,31901.141,18414.257,18841.212,2017,April,Saturday,17
2682,2017-04-22 18:00:00,18.747,72.417,0.072,203.117,224.417,36359.096,19349.084,21242.182,2017,April,Saturday,18
2683,2017-04-22 19:00:00,18.112,74.167,0.073,34.932,36.463,42554.144,22592.872,27717.818,2017,April,Saturday,19
2684,2017-04-22 20:00:00,17.112,77.467,0.077,0.306,0.325,42743.251,22548.88,28081.455,2017,April,Saturday,20
2685,2017-04-22 21:00:00,15.635,82.75,0.074,0.038,0.116,40426.437,21881.67,27526.788,2017,April,Saturday,21
2686,2017-04-22 22:00:00,14.862,85.267,0.072,0.031,0.114,37170.291,20666.395,25973.333,2017,April,Saturday,22
2687,2017-04-22 23:00:00,14.933,86.633,0.076,0.027,0.12,32756.771,18476.578,22883.879,2017,April,Saturday,23
2688,2017-04-23 00:00:00,15.397,86.383,0.079,0.031,0.104,27211.712,15302.444,19021.576,2017,April,Sunday,0
2689,2017-04-23 01:00:00,14.917,86.617,0.082,0.029,0.104,24235.608,13588.595,16765.091,2017,April,Sunday,1
2690,2017-04-23 02:00:00,14.792,86.417,0.083,0.03,0.12,22387.944,12300.0,14980.848,2017,April,Sunday,2
2691,2017-04-23 03:00:00,14.59,85.733,0.082,0.026,0.132,21601.55,11925.458,14717.091,2017,April,Sunday,3
2692,2017-04-23 04:00:00,14.14,86.517,0.082,0.026,0.103,22148.202,11972.505,14871.273,2017,April,Sunday,4
2693,2017-04-23 05:00:00,14.45,85.867,0.081,0.03,0.111,19217.567,10184.114,12619.636,2017,April,Sunday,5
2694,2017-04-23 06:00:00,13.34,87.217,0.081,8.23,6.912,18402.239,9479.022,10538.667,2017,April,Sunday,6
2695,2017-04-23 07:00:00,13.485,88.2,0.082,113.385,99.36,19785.92,10218.941,10981.818,2017,April,Sunday,7
2696,2017-04-23 08:00:00,14.577,87.767,0.086,309.5,278.433,22642.153,11905.906,13090.909,2017,April,Sunday,8
2697,2017-04-23 09:00:00,16.665,82.35,0.085,418.45,169.083,26067.772,13972.912,15421.091,2017,April,Sunday,9
2698,2017-04-23 10:00:00,19.133,68.437,0.088,622.683,126.233,29833.369,15648.88,17137.455,2017,April,Sunday,10
2699,2017-04-23 11:00:00,21.433,56.33,0.086,723.25,184.7,32070.614,16593.483,18445.576,2017,April,Sunday,11
2700,2017-04-23 12:00:00,23.163,48.377,0.086,698.867,283.333,33168.052,17175.764,19169.939,2017,April,Sunday,12
2701,2017-04-23 13:00:00,20.67,63.165,0.074,639.667,345.717,33083.315,17382.281,19294.061,2017,April,Sunday,13
2702,2017-04-23 14:00:00,20.783,63.872,0.074,437.783,305.967,32298.988,17075.56,19055.515,2017,April,Sunday,14
2703,2017-04-23 15:00:00,21.563,57.502,0.087,400.85,271.717,31653.132,16694.908,18896.485,2017,April,Sunday,15
2704,2017-04-23 16:00:00,21.48,53.257,0.087,194.333,161.7,30761.335,16019.756,18367.03,2017,April,Sunday,16
2705,2017-04-23 17:00:00,21.133,52.042,0.087,207.583,175.95,30946.308,15873.116,18062.545,2017,April,Sunday,17
2706,2017-04-23 18:00:00,20.182,58.023,0.086,100.487,85.535,33151.518,16768.839,19701.333,2017,April,Sunday,18
2707,2017-04-23 19:00:00,18.51,64.287,0.083,25.534,21.7,41097.094,20772.709,26622.061,2017,April,Sunday,19
2708,2017-04-23 20:00:00,17.607,68.657,0.085,0.237,0.266,42215.199,21586.558,27254.303,2017,April,Sunday,20
2709,2017-04-23 21:00:00,17.015,69.83,0.084,0.037,0.113,41856.62,22287.373,27245.576,2017,April,Sunday,21
2710,2017-04-23 22:00:00,16.722,71.183,0.082,0.029,0.114,37875.048,20640.122,24901.818,2017,April,Sunday,22
2711,2017-04-23 23:00:00,16.277,74.333,0.081,0.029,0.115,31509.494,17340.122,20787.394,2017,April,Sunday,23
2712,2017-04-24 00:00:00,15.978,73.383,0.081,0.03,0.149,27295.414,14723.829,18039.273,2017,April,Monday,0
2713,2017-04-24 01:00:00,15.415,76.35,0.081,0.028,0.143,24612.788,13357.026,16270.545,2017,April,Monday,1
2714,2017-04-24 02:00:00,15.247,78.15,0.082,0.029,0.126,23649.688,12681.874,15464.727,2017,April,Monday,2
2715,2017-04-24 03:00:00,15.12,79.117,0.082,0.031,0.136,23711.69,12724.033,15509.333,2017,April,Monday,3
2716,2017-04-24 04:00:00,14.713,80.517,0.081,0.026,0.152,24111.604,12973.32,15431.758,2017,April,Monday,4
2717,2017-04-24 05:00:00,14.84,79.55,0.082,0.026,0.134,21503.38,11737.882,13275.152,2017,April,Monday,5
2718,2017-04-24 06:00:00,14.517,80.85,0.084,4.725,4.031,23196.039,13363.136,11666.424,2017,April,Monday,6
2719,2017-04-24 07:00:00,14.538,80.767,0.08,62.732,53.127,25868.332,15186.965,12213.333,2017,April,Monday,7
2720,2017-04-24 08:00:00,15.732,77.7,0.082,346.083,306.3,26693.994,18502.24,13486.545,2017,April,Monday,8
2721,2017-04-24 09:00:00,17.617,68.357,0.084,470.15,163.917,28792.766,20492.872,15007.03,2017,April,Monday,9
2722,2017-04-24 10:00:00,18.735,63.448,0.086,498.45,207.333,31442.325,22534.827,16383.03,2017,April,Monday,10
2723,2017-04-24 11:00:00,19.662,59.88,0.087,500.6,295.55,35657.438,21055.601,17740.606,2017,April,Monday,11
2724,2017-04-24 12:00:00,21.512,54.338,0.087,756.55,301.9,36051.152,20888.798,18418.424,2017,April,Monday,12
2725,2017-04-24 13:00:00,21.908,49.068,0.087,490.833,339.467,34824.543,20857.026,18560.0,2017,April,Monday,13
2726,2017-04-24 14:00:00,22.43,45.955,0.087,552.55,330.983,33956.512,21062.933,17950.061,2017,April,Monday,14
2727,2017-04-24 15:00:00,22.605,45.357,0.087,488.817,218.217,33257.955,20464.766,17685.333,2017,April,Monday,15
2728,2017-04-24 16:00:00,22.563,46.708,0.087,359.95,207.95,32777.438,19423.625,17754.182,2017,April,Monday,16
2729,2017-04-24 17:00:00,21.295,51.925,0.086,212.917,180.317,33346.825,18882.281,18231.273,2017,April,Monday,17
2730,2017-04-24 18:00:00,19.815,60.505,0.085,84.425,70.915,35563.402,19701.018,20171.636,2017,April,Monday,18
2731,2017-04-24 19:00:00,18.99,64.408,0.086,23.612,19.917,43435.608,23932.179,27198.061,2017,April,Monday,19
2732,2017-04-24 20:00:00,18.183,69.225,0.082,0.627,0.597,44193.068,24075.153,27690.667,2017,April,Monday,20
2733,2017-04-24 21:00:00,17.727,69.897,0.084,0.028,0.104,41840.086,23174.542,26912.97,2017,April,Monday,21
2734,2017-04-24 22:00:00,17.233,73.35,0.082,0.026,0.138,37229.193,21119.145,24559.515,2017,April,Monday,22
2735,2017-04-24 23:00:00,16.523,78.383,0.082,0.028,0.146,31598.364,18100.204,20790.303,2017,April,Monday,23
2736,2017-04-25 00:00:00,16.298,77.25,0.082,0.023,0.158,27288.181,15672.098,17892.848,2017,April,Tuesday,0
2737,2017-04-25 01:00:00,16.33,76.067,0.082,0.027,0.134,24890.764,14096.945,16196.848,2017,April,Tuesday,1
2738,2017-04-25 02:00:00,16.722,71.017,0.081,0.024,0.141,24052.702,13297.76,15422.061,2017,April,Tuesday,2
2739,2017-04-25 03:00:00,16.832,71.15,0.081,0.031,0.14,23689.989,13352.138,15346.424,2017,April,Tuesday,3
2740,2017-04-25 04:00:00,16.682,73.05,0.081,0.024,0.141,24133.305,13623.422,15392.0,2017,April,Tuesday,4
2741,2017-04-25 05:00:00,16.757,72.433,0.081,0.026,0.13,21443.445,12488.187,13144.242,2017,April,Tuesday,5
2742,2017-04-25 06:00:00,17.153,68.853,0.082,5.248,4.424,22631.819,14175.153,12132.848,2017,April,Tuesday,6
2743,2017-04-25 07:00:00,18.003,63.707,0.082,57.347,46.285,25109.839,16099.796,12409.212,2017,April,Tuesday,7
2744,2017-04-25 08:00:00,19.54,56.557,0.084,289.683,261.833,27956.771,17800.204,13724.121,2017,April,Tuesday,8
2745,2017-04-25 09:00:00,21.057,50.988,0.084,578.567,203.017,30966.975,18912.831,15281.455,2017,April,Tuesday,9
2746,2017-04-25 10:00:00,21.058,52.688,0.082,740.767,165.633,33778.773,20263.747,16816.485,2017,April,Tuesday,10
2747,2017-04-25 11:00:00,21.445,53.675,0.082,873.0,231.983,35018.816,21263.951,17841.455,2017,April,Tuesday,11
2748,2017-04-25 12:00:00,20.762,58.287,0.083,458.267,279.717,35166.588,21248.676,18673.455,2017,April,Tuesday,12
2749,2017-04-25 13:00:00,20.822,58.508,0.083,473.9,256.95,35097.352,21190.02,18647.273,2017,April,Tuesday,13
2750,2017-04-25 14:00:00,20.215,63.803,0.081,333.467,208.5,34388.461,20657.23,18400.97,2017,April,Tuesday,14
2751,2017-04-25 15:00:00,19.51,68.578,0.08,233.737,120.223,33439.828,19887.373,17735.758,2017,April,Tuesday,15
2752,2017-04-25 16:00:00,16.428,82.317,0.074,72.427,56.212,32801.206,19492.668,17750.303,2017,April,Tuesday,16
2753,2017-04-25 17:00:00,17.132,75.233,0.075,46.515,36.31,33077.115,18920.163,18346.667,2017,April,Tuesday,17
2754,2017-04-25 18:00:00,17.875,68.223,0.079,196.483,186.933,35738.041,18130.754,20294.788,2017,April,Tuesday,18
2755,2017-04-25 19:00:00,17.932,66.843,0.081,82.012,79.382,45226.437,22689.409,27770.182,2017,April,Tuesday,19
2756,2017-04-25 20:00:00,16.99,64.838,0.082,0.81,0.767,45090.032,24609.776,28451.879,2017,April,Tuesday,20
2757,2017-04-25 21:00:00,17.193,62.733,0.079,0.036,0.127,42516.943,23566.802,27240.727,2017,April,Tuesday,21
2758,2017-04-25 22:00:00,17.523,62.473,0.079,0.032,0.114,38286.329,21540.733,24864.0,2017,April,Tuesday,22
2759,2017-04-25 23:00:00,16.932,67.317,0.079,0.047,0.116,32160.517,18430.143,20963.879,2017,April,Tuesday,23
2760,2017-04-26 00:00:00,16.732,65.125,0.078,0.037,0.118,27644.693,15863.34,18201.212,2017,April,Wednesday,0
2761,2017-04-26 01:00:00,17.045,63.092,0.079,0.031,0.113,25497.352,14151.324,16567.273,2017,April,Wednesday,1
2762,2017-04-26 02:00:00,17.095,63.402,0.078,0.034,0.127,24492.917,13564.155,15704.242,2017,April,Wednesday,2
2763,2017-04-26 03:00:00,16.772,66.615,0.079,0.047,0.114,24205.64,13693.075,15487.03,2017,April,Wednesday,3
2764,2017-04-26 04:00:00,16.357,70.697,0.079,0.038,0.116,24286.243,13999.796,15780.848,2017,April,Wednesday,4
2765,2017-04-26 05:00:00,15.92,73.45,0.078,0.04,0.114,21837.158,12867.617,13632.0,2017,April,Wednesday,5
2766,2017-04-26 06:00:00,16.107,67.858,0.081,7.73,6.531,22990.398,14307.739,11968.97,2017,April,Wednesday,6
2767,2017-04-26 07:00:00,16.44,66.265,0.082,149.63,130.828,25458.084,16339.919,12402.424,2017,April,Wednesday,7
2768,2017-04-26 08:00:00,17.277,64.145,0.082,343.267,312.933,27776.964,18140.53,13955.879,2017,April,Wednesday,8
2769,2017-04-26 09:00:00,18.222,59.338,0.082,527.9,229.55,31021.744,19687.576,15601.455,2017,April,Wednesday,9
2770,2017-04-26 10:00:00,18.533,53.387,0.082,398.017,124.0,33751.905,20896.13,16965.818,2017,April,Wednesday,10
2771,2017-04-26 11:00:00,19.265,53.95,0.085,680.7,206.4,35366.028,21384.318,17762.909,2017,April,Wednesday,11
2772,2017-04-26 12:00:00,20.382,49.25,0.084,924.667,193.317,35686.372,21208.35,18838.303,2017,April,Wednesday,12
2773,2017-04-26 13:00:00,21.087,44.3,0.084,907.333,181.667,35167.621,21004.888,18582.303,2017,April,Wednesday,13
2774,2017-04-26 14:00:00,21.08,44.407,0.084,738.067,150.833,34001.981,21005.499,18184.727,2017,April,Wednesday,14
2775,2017-04-26 15:00:00,21.312,40.092,0.084,744.25,95.967,33152.551,20229.532,17781.333,2017,April,Wednesday,15
2776,2017-04-26 16:00:00,20.982,44.957,0.085,622.217,83.05,32162.583,19599.593,17583.515,2017,April,Wednesday,16
2777,2017-04-26 17:00:00,20.228,50.928,0.084,402.133,279.717,32722.67,18684.318,18080.97,2017,April,Wednesday,17
2778,2017-04-26 18:00:00,19.39,54.565,0.084,217.05,216.617,34194.187,19213.442,19830.303,2017,April,Wednesday,18
2779,2017-04-26 19:00:00,18.407,58.965,0.083,60.207,54.408,43436.642,23657.23,27402.667,2017,April,Wednesday,19
2780,2017-04-26 20:00:00,17.378,64.17,0.084,0.956,0.862,44978.428,24463.136,27877.818,2017,April,Wednesday,20
2781,2017-04-26 21:00:00,16.728,64.19,0.084,0.036,0.112,43023.294,23296.13,27183.515,2017,April,Wednesday,21
2782,2017-04-26 22:00:00,15.932,66.008,0.081,0.025,0.098,38145.791,21187.576,24536.242,2017,April,Wednesday,22
2783,2017-04-26 23:00:00,15.332,68.867,0.082,0.036,0.139,31945.576,17962.118,20812.606,2017,April,Wednesday,23
2784,2017-04-27 00:00:00,14.39,71.7,0.081,0.032,0.17,27380.151,15375.153,17935.515,2017,April,Thursday,0
2785,2017-04-27 01:00:00,13.533,75.833,0.082,0.03,0.175,25081.938,14082.281,16212.364,2017,April,Thursday,1
2786,2017-04-27 02:00:00,13.257,75.867,0.082,0.04,0.13,24218.041,13509.165,15674.182,2017,April,Thursday,2
2787,2017-04-27 03:00:00,12.582,76.383,0.082,0.039,0.161,24267.643,13380.244,15915.636,2017,April,Thursday,3
2788,2017-04-27 04:00:00,12.022,77.817,0.083,0.042,0.147,24534.252,13680.244,15596.606,2017,April,Thursday,4
2789,2017-04-27 05:00:00,11.5,79.483,0.08,0.039,0.172,21622.217,12415.479,12940.606,2017,April,Thursday,5
2790,2017-04-27 06:00:00,11.422,78.583,0.082,14.677,12.901,22887.061,14008.961,11879.758,2017,April,Thursday,6
2791,2017-04-27 07:00:00,11.51,78.717,0.08,161.033,148.15,24798.794,15989.817,12428.606,2017,April,Thursday,7
2792,2017-04-27 08:00:00,13.29,73.75,0.084,351.817,334.35,28324.65,17536.864,13657.212,2017,April,Thursday,8
2793,2017-04-27 09:00:00,15.937,64.653,0.085,523.283,146.807,31439.225,18730.143,15291.152,2017,April,Thursday,9
2794,2017-04-27 10:00:00,18.633,54.42,0.088,705.7,59.415,34043.315,20186.151,16977.455,2017,April,Thursday,10
2795,2017-04-27 11:00:00,20.837,44.43,0.089,798.667,97.515,35967.449,21167.413,17925.818,2017,April,Thursday,11
2796,2017-04-27 12:00:00,22.163,39.35,0.085,872.5,125.05,35624.37,21098.982,18689.939,2017,April,Thursday,12
2797,2017-04-27 13:00:00,22.667,39.995,0.076,844.0,121.7,34560.0,21191.242,18842.182,2017,April,Thursday,13
2798,2017-04-27 14:00:00,22.523,40.96,0.075,825.333,89.933,33613.434,21295.723,18664.727,2017,April,Thursday,14
2799,2017-04-27 15:00:00,22.387,40.678,0.074,746.133,99.603,32848.741,20814.257,18345.697,2017,April,Thursday,15
2800,2017-04-27 16:00:00,22.38,38.067,0.075,543.15,264.033,32143.983,20368.228,17229.576,2017,April,Thursday,16
2801,2017-04-27 17:00:00,22.122,39.493,0.074,307.717,292.9,32408.525,20473.32,16777.697,2017,April,Thursday,17
2802,2017-04-27 18:00:00,20.955,44.293,0.075,203.117,195.433,34028.848,21028.717,18577.455,2017,April,Thursday,18
2803,2017-04-27 19:00:00,19.887,54.317,0.08,52.863,56.145,42917.89,26450.713,25406.061,2017,April,Thursday,19
2804,2017-04-27 20:00:00,18.438,60.688,0.087,1.181,1.102,44284.004,27040.326,26023.758,2017,April,Thursday,20
2805,2017-04-27 21:00:00,18.372,63.285,0.081,0.057,0.106,42382.605,25939.308,25126.788,2017,April,Thursday,21
2806,2017-04-27 22:00:00,16.965,71.822,0.081,0.033,0.12,38273.929,23801.426,23344.485,2017,April,Thursday,22
2807,2017-04-27 23:00:00,15.662,77.833,0.079,0.035,0.148,32398.192,20371.894,19390.061,2017,April,Thursday,23
2808,2017-04-28 00:00:00,15.23,77.6,0.079,0.034,0.169,27483.488,17621.792,17163.636,2017,April,Friday,0
2809,2017-04-28 01:00:00,15.327,76.517,0.078,0.034,0.185,24755.393,15763.136,15441.455,2017,April,Friday,1
2810,2017-04-28 02:00:00,15.088,75.717,0.08,0.042,0.156,23637.287,14942.566,14745.212,2017,April,Friday,2
2811,2017-04-28 03:00:00,14.727,75.983,0.08,0.038,0.166,24015.501,15353.157,14900.364,2017,April,Friday,3
2812,2017-04-28 04:00:00,14.483,75.633,0.078,0.036,0.213,24536.319,15923.218,15099.152,2017,April,Friday,4
2813,2017-04-28 05:00:00,13.605,77.217,0.079,0.04,0.16,21845.425,14302.24,12685.576,2017,April,Friday,5
2814,2017-04-28 06:00:00,12.925,79.45,0.079,13.668,12.692,23197.072,15867.006,11218.424,2017,April,Friday,6
2815,2017-04-28 07:00:00,13.293,77.633,0.08,157.6,151.583,24695.457,17532.587,11867.152,2017,April,Friday,7
2816,2017-04-28 08:00:00,15.172,69.633,0.081,360.5,356.967,28095.242,19270.265,13236.364,2017,April,Friday,8
2817,2017-04-28 09:00:00,18.335,58.227,0.084,554.883,229.613,31342.088,20885.743,14818.909,2017,April,Friday,9
2818,2017-04-28 10:00:00,20.547,47.992,0.085,713.383,39.683,34152.853,22487.78,16536.242,2017,April,Friday,10
2819,2017-04-28 11:00:00,21.805,42.627,0.084,825.0,40.815,36114.187,23929.735,17923.879,2017,April,Friday,11
2820,2017-04-28 12:00:00,22.317,43.843,0.083,880.833,47.437,34942.347,22977.8,18176.97,2017,April,Friday,12
2821,2017-04-28 13:00:00,23.077,42.925,0.086,889.167,54.222,34409.128,22185.336,18017.939,2017,April,Friday,13
2822,2017-04-28 14:00:00,23.567,43.4,0.085,813.667,106.82,33309.623,22053.36,17675.636,2017,April,Friday,14
2823,2017-04-28 15:00:00,23.283,43.978,1.337,667.617,183.533,32511.862,21276.782,16928.0,2017,April,Friday,15
2824,2017-04-28 16:00:00,22.652,45.862,0.083,504.65,298.567,32216.319,20742.159,17440.0,2017,April,Friday,16
2825,2017-04-28 17:00:00,21.625,43.67,0.082,321.383,303.883,33394.36,21136.253,18422.303,2017,April,Friday,17
2826,2017-04-28 18:00:00,20.952,39.742,0.082,190.567,185.217,35208.956,22155.397,20690.424,2017,April,Friday,18
2827,2017-04-28 19:00:00,19.945,40.963,0.083,41.15,37.59,42789.752,25840.937,25898.667,2017,April,Friday,19
2828,2017-04-28 20:00:00,18.598,44.093,0.084,0.58,0.54,43453.175,25749.898,26232.242,2017,April,Friday,20
2829,2017-04-28 21:00:00,17.897,46.092,0.083,0.053,0.108,41733.649,24508.961,25583.515,2017,April,Friday,21
2830,2017-04-28 22:00:00,17.195,50.51,0.083,0.055,0.105,37627.04,22425.458,23226.182,2017,April,Friday,22
2831,2017-04-28 23:00:00,15.745,60.415,0.082,0.043,0.121,31738.902,19088.187,20157.091,2017,April,Friday,23
2832,2017-04-29 00:00:00,14.812,63.548,0.082,0.049,0.113,27644.693,16479.837,17676.606,2017,April,Saturday,0
2833,2017-04-29 01:00:00,14.527,64.675,0.081,0.06,0.11,25152.207,14871.69,15942.788,2017,April,Saturday,1
2834,2017-04-29 02:00:00,14.602,64.14,0.081,0.065,0.129,23765.425,14129.328,14757.818,2017,April,Saturday,2
2835,2017-04-29 03:00:00,14.307,64.605,0.08,0.059,0.116,23540.151,13897.76,15068.121,2017,April,Saturday,3
2836,2017-04-29 04:00:00,13.112,71.972,0.08,0.05,0.103,23982.433,13759.063,15008.0,2017,April,Saturday,4
2837,2017-04-29 05:00:00,12.877,73.933,0.08,0.051,0.109,20962.928,11841.141,12214.303,2017,April,Saturday,5
2838,2017-04-29 06:00:00,12.663,76.25,0.081,10.365,9.156,21308.073,12600.611,11369.697,2017,April,Saturday,6
2839,2017-04-29 07:00:00,13.01,77.25,0.081,110.767,98.968,23467.815,14445.214,12006.788,2017,April,Saturday,7
2840,2017-04-29 08:00:00,14.483,73.6,0.082,283.067,272.033,26896.534,16542.77,13568.0,2017,April,Saturday,8
2841,2017-04-29 09:00:00,18.493,61.157,0.084,563.45,282.1,30457.524,18757.026,15133.091,2017,April,Saturday,9
2842,2017-04-29 10:00:00,21.905,47.887,0.085,675.8,72.997,33381.959,20349.287,17137.455,2017,April,Saturday,10
2843,2017-04-29 11:00:00,23.518,40.878,0.084,825.333,43.975,35446.631,21039.104,18496.0,2017,April,Saturday,11
2844,2017-04-29 12:00:00,24.867,37.483,0.086,879.333,41.678,35698.773,21526.069,18976.0,2017,April,Saturday,12
2845,2017-04-29 13:00:00,25.66,35.597,0.082,878.0,45.373,36093.52,22102.24,19247.515,2017,April,Saturday,13
2846,2017-04-29 14:00:00,25.018,36.092,0.074,835.333,42.975,34733.606,21661.1,18956.606,2017,April,Saturday,14
2847,2017-04-29 15:00:00,24.485,38.59,0.074,733.683,52.97,33123.617,20297.352,18471.758,2017,April,Saturday,15
2848,2017-04-29 16:00:00,24.207,41.435,0.074,602.917,294.045,32646.2,19498.778,18494.061,2017,April,Saturday,16
2849,2017-04-29 17:00:00,24.612,40.347,4.896,422.367,446.3,32857.008,18970.265,18665.697,2017,April,Saturday,17
2850,2017-04-29 18:00:00,23.703,44.228,4.567,222.717,245.817,34952.68,19750.509,20106.667,2017,April,Saturday,18
2851,2017-04-29 19:00:00,22.035,48.978,3.159,69.282,74.333,42510.743,24283.503,26801.455,2017,April,Saturday,19
2852,2017-04-29 20:00:00,20.328,59.365,0.065,0.863,0.8,42764.952,24963.544,27228.121,2017,April,Saturday,20
2853,2017-04-29 21:00:00,17.703,68.625,0.068,0.063,0.11,40807.75,24712.424,26680.242,2017,April,Saturday,21
2854,2017-04-29 22:00:00,16.867,68.903,0.071,0.081,0.113,37852.314,23075.56,25196.606,2017,April,Saturday,22
2855,2017-04-29 23:00:00,16.31,68.738,0.075,0.076,0.102,33315.823,20416.497,22564.848,2017,April,Saturday,23
2856,2017-04-30 00:00:00,15.95,69.887,0.077,0.078,0.105,27857.567,17048.676,18546.424,2017,April,Sunday,0
2857,2017-04-30 01:00:00,15.823,74.0,0.081,0.051,0.115,24575.587,15031.772,16299.636,2017,April,Sunday,1
2858,2017-04-30 02:00:00,14.837,79.967,0.081,0.052,0.132,23151.604,13839.715,15216.485,2017,April,Sunday,2
2859,2017-04-30 03:00:00,14.24,81.2,0.08,0.048,0.142,22758.924,13488.391,15048.727,2017,April,Sunday,3
2860,2017-04-30 04:00:00,13.815,81.433,0.08,0.034,0.166,22684.521,13394.297,14787.879,2017,April,Sunday,4
2861,2017-04-30 05:00:00,13.068,82.633,0.209,0.044,0.165,19181.399,10804.277,11823.515,2017,April,Sunday,5
2862,2017-04-30 06:00:00,12.642,83.85,4.916,17.889,16.372,19036.728,10402.24,10221.576,2017,April,Sunday,6
2863,2017-04-30 07:00:00,12.887,83.733,4.918,159.333,152.067,20208.568,11816.701,11402.667,2017,April,Sunday,7
2864,2017-04-30 08:00:00,14.535,80.35,4.919,366.967,355.833,22998.665,13756.619,13553.455,2017,April,Sunday,8
2865,2017-04-30 09:00:00,17.683,69.99,4.919,533.583,289.783,26429.451,16014.257,15771.152,2017,April,Sunday,9
2866,2017-04-30 10:00:00,21.315,58.307,4.92,696.967,53.51,29942.906,17601.018,17281.939,2017,April,Sunday,10
2867,2017-04-30 11:00:00,23.403,46.903,4.922,811.333,46.065,31827.772,18306.11,18079.03,2017,April,Sunday,11
2868,2017-04-30 12:00:00,23.197,47.952,4.922,886.5,50.208,31920.775,18782.077,18618.182,2017,April,Sunday,12
2869,2017-04-30 13:00:00,24.35,44.517,4.921,887.833,42.612,32096.448,18669.043,18896.485,2017,April,Sunday,13
2870,2017-04-30 14:00:00,25.162,41.245,4.92,692.6,138.168,31335.888,18173.523,18540.606,2017,April,Sunday,14
2871,2017-04-30 15:00:00,25.395,39.87,4.92,722.65,111.38,30087.578,17603.462,17889.939,2017,April,Sunday,15
2872,2017-04-30 16:00:00,25.952,36.913,4.92,602.683,326.925,29153.412,17192.261,17520.485,2017,April,Sunday,16
2873,2017-04-30 17:00:00,26.55,32.552,2.377,423.133,429.933,28603.66,16237.882,16936.727,2017,April,Sunday,17
2874,2017-04-30 18:00:00,26.513,34.765,1.038,207.7,221.483,29486.157,16952.138,18188.606,2017,April,Sunday,18
2875,2017-04-30 19:00:00,24.737,43.332,0.073,52.373,50.32,38360.732,21793.075,25483.636,2017,April,Sunday,19
2876,2017-04-30 20:00:00,23.33,47.425,0.082,0.804,0.768,41115.694,23400.611,26756.848,2017,April,Sunday,20
2877,2017-04-30 21:00:00,23.697,45.26,0.081,0.077,0.12,40630.011,24041.548,26710.303,2017,April,Sunday,21
2878,2017-04-30 22:00:00,22.198,50.265,0.081,0.086,0.121,37682.842,22966.802,25457.455,2017,April,Sunday,22
2879,2017-04-30 23:00:00,20.675,55.628,0.081,0.086,0.117,32201.851,19895.927,21761.939,2017,April,Sunday,23
2880,2017-05-01 00:00:00,19.275,61.045,0.08,0.084,0.112,27859.934,17031.579,18484.858,2017,May,Monday,0
2881,2017-05-01 01:00:00,18.402,64.765,0.081,0.084,0.103,24890.754,15013.622,16368.583,2017,May,Monday,1
2882,2017-05-01 02:00:00,17.572,67.88,0.081,0.071,0.124,23400.918,13932.508,15293.927,2017,May,Monday,2
2883,2017-05-01 03:00:00,16.663,71.91,0.08,0.053,0.141,23319.082,13495.975,15177.328,2017,May,Monday,3
2884,2017-05-01 04:00:00,16.225,73.383,0.079,0.041,0.142,22905.705,13495.975,15038.381,2017,May,Monday,4
2885,2017-05-01 05:00:00,15.623,76.367,0.08,0.043,0.165,18836.984,11118.885,11818.3,2017,May,Monday,5
2886,2017-05-01 06:00:00,15.407,75.817,0.08,10.913,9.956,18601.967,10920.124,10441.457,2017,May,Monday,6
2887,2017-05-01 07:00:00,15.548,75.9,0.08,154.05,147.05,19919.738,12129.412,11407.287,2017,May,Monday,7
2888,2017-05-01 08:00:00,17.227,73.867,0.082,341.85,336.1,22958.164,14234.675,13220.405,2017,May,Monday,8
2889,2017-05-01 09:00:00,21.505,59.91,0.073,536.5,350.333,26886.295,16663.158,15640.81,2017,May,Monday,9
2890,2017-05-01 10:00:00,23.908,49.427,0.074,683.067,82.688,29993.967,18223.529,16786.397,2017,May,Monday,10
2891,2017-05-01 11:00:00,24.775,43.778,0.073,767.35,76.992,32098.623,19089.164,17732.794,2017,May,Monday,11
2892,2017-05-01 12:00:00,24.998,41.462,0.074,867.833,56.39,32740.721,19436.533,18371.174,2017,May,Monday,12
2893,2017-05-01 13:00:00,25.117,41.762,0.073,875.167,56.02,32058.754,19695.975,18211.822,2017,May,Monday,13
2894,2017-05-01 14:00:00,24.67,48.51,0.072,829.833,54.867,31173.246,19354.799,17759.028,2017,May,Monday,14
2895,2017-05-01 15:00:00,24.925,45.785,0.073,732.367,66.508,30457.705,18531.269,17476.275,2017,May,Monday,15
2896,2017-05-01 16:00:00,25.93,36.835,0.072,567.233,356.7,29796.721,17897.214,16829.15,2017,May,Monday,16
2897,2017-05-01 17:00:00,26.015,33.562,0.072,413.75,434.833,29326.689,17489.783,16350.121,2017,May,Monday,17
2898,2017-05-01 18:00:00,25.283,36.185,0.072,226.183,244.317,30692.721,18419.195,17280.0,2017,May,Monday,18
2899,2017-05-01 19:00:00,23.93,41.567,0.075,64.363,68.935,39858.361,23359.752,24637.409,2017,May,Monday,19
2900,2017-05-01 20:00:00,21.705,51.355,0.075,0.967,0.897,42957.639,25043.344,25868.502,2017,May,Monday,20
2901,2017-05-01 21:00:00,19.613,59.927,0.072,0.086,0.103,42926.164,24970.898,25358.381,2017,May,Monday,21
2902,2017-05-01 22:00:00,19.658,58.372,0.081,0.083,0.118,38704.262,23097.833,23234.332,2017,May,Monday,22
2903,2017-05-01 23:00:00,19.988,55.308,0.084,0.103,0.095,32430.164,19785.759,19947.206,2017,May,Monday,23
2904,2017-05-02 00:00:00,18.752,62.292,0.082,0.093,0.11,28128.525,16717.028,16903.968,2017,May,Tuesday,0
2905,2017-05-02 01:00:00,18.588,64.375,0.081,0.088,0.11,25314.623,15217.337,15242.429,2017,May,Tuesday,1
2906,2017-05-02 02:00:00,18.523,65.265,0.081,0.087,0.099,24057.705,14345.511,14541.862,2017,May,Tuesday,2
2907,2017-05-02 03:00:00,17.632,68.852,0.082,0.082,0.124,24084.984,14337.461,14603.077,2017,May,Tuesday,3
2908,2017-05-02 04:00:00,17.427,69.118,0.08,0.055,0.125,24103.869,14647.059,14464.13,2017,May,Tuesday,4
2909,2017-05-02 05:00:00,17.603,68.863,0.079,0.068,0.133,21455.738,13307.121,11925.182,2017,May,Tuesday,5
2910,2017-05-02 06:00:00,17.215,69.17,0.08,8.585,7.445,23659.016,14936.223,11067.206,2017,May,Tuesday,6
2911,2017-05-02 07:00:00,17.085,68.96,0.08,68.088,57.958,25528.656,16905.882,11616.194,2017,May,Tuesday,7
2912,2017-05-02 08:00:00,18.152,66.435,0.081,319.083,291.517,28506.23,18865.015,13013.441,2017,May,Tuesday,8
2913,2017-05-02 09:00:00,20.782,58.947,0.083,269.9,215.583,31108.197,20747.988,14627.368,2017,May,Tuesday,9
2914,2017-05-02 10:00:00,23.583,49.732,0.083,562.75,202.133,34345.967,21673.065,15714.656,2017,May,Tuesday,10
2915,2017-05-02 11:00:00,27.185,32.445,0.082,531.367,259.1,35810.623,22104.025,16863.158,2017,May,Tuesday,11
2916,2017-05-02 12:00:00,28.257,34.038,0.07,793.183,172.867,35716.197,22143.034,17431.579,2017,May,Tuesday,12
2917,2017-05-02 13:00:00,29.333,30.343,0.069,709.6,250.883,35076.197,22111.455,17165.344,2017,May,Tuesday,13
2918,2017-05-02 14:00:00,28.753,36.387,0.068,533.167,355.183,33926.295,22240.248,16924.372,2017,May,Tuesday,14
2919,2017-05-02 15:00:00,28.507,33.692,0.068,514.2,311.683,33403.803,21794.427,16474.494,2017,May,Tuesday,15
2920,2017-05-02 16:00:00,28.552,31.797,0.069,488.967,412.083,32593.836,20660.681,16263.644,2017,May,Tuesday,16
2921,2017-05-02 17:00:00,29.235,30.373,0.077,253.533,222.317,32480.525,19825.387,16393.846,2017,May,Tuesday,17
2922,2017-05-02 18:00:00,28.165,31.54,0.078,127.067,109.367,34601.967,20842.724,17819.271,2017,May,Tuesday,18
2923,2017-05-02 19:00:00,25.693,38.95,0.082,42.79,37.239,43148.59,25463.158,24322.591,2017,May,Tuesday,19
2924,2017-05-02 20:00:00,24.168,40.958,0.083,0.383,0.363,45041.311,26472.446,25557.571,2017,May,Tuesday,20
2925,2017-05-02 21:00:00,23.383,43.517,0.082,0.081,0.126,43010.098,25752.941,24937.652,2017,May,Tuesday,21
2926,2017-05-02 22:00:00,22.335,47.243,0.081,0.082,0.118,38867.934,23533.127,22981.7,2017,May,Tuesday,22
2927,2017-05-02 23:00:00,21.052,51.938,0.082,0.084,0.11,32453.246,20131.269,19781.053,2017,May,Tuesday,23
2928,2017-05-03 00:00:00,20.29,55.865,0.081,0.089,0.122,27964.852,17175.851,16789.312,2017,May,Wednesday,0
2929,2017-05-03 01:00:00,21.627,44.347,0.082,0.089,0.124,25434.23,15526.935,15239.514,2017,May,Wednesday,1
2930,2017-05-03 02:00:00,21.187,42.49,0.082,0.1,0.108,24414.426,14866.254,14516.599,2017,May,Wednesday,2
2931,2017-05-03 03:00:00,20.975,45.328,0.081,0.096,0.113,24408.131,15047.059,14559.352,2017,May,Wednesday,3
2932,2017-05-03 04:00:00,21.142,42.963,0.08,0.09,0.125,24647.344,15053.251,14373.765,2017,May,Wednesday,4
2933,2017-05-03 05:00:00,20.005,47.335,0.081,0.078,0.124,21535.475,13513.932,11625.911,2017,May,Wednesday,5
2934,2017-05-03 06:00:00,18.852,52.903,0.08,5.652,4.824,23247.738,14900.929,10927.287,2017,May,Wednesday,6
2935,2017-05-03 07:00:00,18.89,54.715,0.079,46.768,39.688,23489.049,16863.158,11500.567,2017,May,Wednesday,7
2936,2017-05-03 08:00:00,19.142,55.117,0.082,135.433,118.017,24099.672,18630.96,13032.874,2017,May,Wednesday,8
2937,2017-05-03 09:00:00,20.273,53.12,0.082,248.883,210.867,26833.836,20310.217,14568.097,2017,May,Wednesday,9
2938,2017-05-03 10:00:00,22.612,42.782,0.081,393.833,290.1,29534.426,21761.61,15575.709,2017,May,Wednesday,10
2939,2017-05-03 11:00:00,25.025,33.3,0.082,530.633,352.167,31110.295,22520.124,16743.644,2017,May,Wednesday,11
2940,2017-05-03 12:00:00,26.675,31.102,0.079,777.217,308.917,31223.607,22531.269,17693.927,2017,May,Wednesday,12
2941,2017-05-03 13:00:00,28.453,27.387,0.078,844.0,271.233,31087.213,22570.279,17462.672,2017,May,Wednesday,13
2942,2017-05-03 14:00:00,28.068,28.765,0.076,644.667,341.967,30868.984,22638.39,16972.955,2017,May,Wednesday,14
2943,2017-05-03 15:00:00,26.405,30.53,0.079,425.617,331.2,31062.033,21604.954,16395.789,2017,May,Wednesday,15
2944,2017-05-03 16:00:00,26.245,27.835,0.08,372.25,310.65,32033.574,20614.861,16436.599,2017,May,Wednesday,16
2945,2017-05-03 17:00:00,25.262,36.318,0.08,353.383,327.833,33101.639,20313.313,16707.692,2017,May,Wednesday,17
2946,2017-05-03 18:00:00,22.602,56.235,0.08,148.683,132.717,35363.672,21476.161,18480.0,2017,May,Wednesday,18
2947,2017-05-03 19:00:00,21.575,59.125,0.08,36.665,32.363,43660.59,25880.495,25137.814,2017,May,Wednesday,19
2948,2017-05-03 20:00:00,21.328,60.578,0.081,0.705,0.646,45353.967,26989.474,26230.931,2017,May,Wednesday,20
2949,2017-05-03 21:00:00,21.035,64.725,0.078,0.059,0.11,43075.148,25972.755,25343.806,2017,May,Wednesday,21
2950,2017-05-03 22:00:00,20.878,67.14,0.078,0.047,0.151,37867.016,23468.111,23140.081,2017,May,Wednesday,22
2951,2017-05-03 23:00:00,20.893,67.802,0.079,0.046,0.144,31895.082,19996.904,19780.081,2017,May,Wednesday,23
2952,2017-05-04 00:00:00,20.6,70.302,0.078,0.044,0.158,27948.066,17137.461,17114.818,2017,May,Thursday,0
2953,2017-05-04 01:00:00,20.55,71.0,0.079,0.048,0.158,25272.656,15716.409,15630.121,2017,May,Thursday,1
2954,2017-05-04 02:00:00,19.855,75.917,0.078,0.046,0.177,24399.738,15021.053,14995.628,2017,May,Thursday,2
2955,2017-05-04 03:00:00,18.205,81.217,0.078,0.041,0.195,24796.328,14781.424,14824.615,2017,May,Thursday,3
2956,2017-05-04 04:00:00,17.68,81.183,0.079,0.036,0.195,24697.705,14778.328,14742.024,2017,May,Thursday,4
2957,2017-05-04 05:00:00,17.868,80.483,0.078,0.045,0.178,21552.262,13583.901,12041.781,2017,May,Thursday,5
2958,2017-05-04 06:00:00,18.067,77.967,0.076,3.28,2.845,23230.951,15556.656,11580.243,2017,May,Thursday,6
2959,2017-05-04 07:00:00,17.838,79.117,0.078,37.667,31.64,25203.41,17302.786,11861.053,2017,May,Thursday,7
2960,2017-05-04 08:00:00,17.748,82.867,0.08,54.717,45.853,27771.803,19320.124,13095.061,2017,May,Thursday,8
2961,2017-05-04 09:00:00,16.983,83.55,0.08,85.012,71.88,30759.869,21073.684,14555.466,2017,May,Thursday,9
2962,2017-05-04 10:00:00,17.373,78.483,0.081,178.483,150.35,33750.033,22547.368,15942.996,2017,May,Thursday,10
2963,2017-05-04 11:00:00,18.077,79.35,0.082,433.667,343.233,35747.672,23038.39,16800.972,2017,May,Thursday,11
2964,2017-05-04 12:00:00,18.61,75.683,0.081,200.767,169.883,35439.213,22937.461,17276.113,2017,May,Thursday,12
2965,2017-05-04 13:00:00,19.385,72.038,0.08,294.283,248.717,34398.426,22803.096,17210.04,2017,May,Thursday,13
2966,2017-05-04 14:00:00,20.397,65.605,0.083,248.833,213.217,33787.803,22918.885,17380.081,2017,May,Thursday,14
2967,2017-05-04 15:00:00,21.063,59.062,0.082,363.3,270.483,33588.459,22282.353,16851.498,2017,May,Thursday,15
2968,2017-05-04 16:00:00,21.852,52.918,0.083,473.9,370.133,33160.393,21248.916,16666.883,2017,May,Thursday,16
2969,2017-05-04 17:00:00,22.297,47.893,0.082,445.783,469.55,34318.689,20662.539,17210.04,2017,May,Thursday,17
2970,2017-05-04 18:00:00,21.668,44.412,0.082,233.55,259.55,36811.541,22190.093,19130.04,2017,May,Thursday,18
2971,2017-05-04 19:00:00,20.638,46.507,0.083,75.263,83.227,43979.541,26435.294,25325.344,2017,May,Thursday,19
2972,2017-05-04 20:00:00,19.303,50.633,0.082,2.126,1.971,45330.885,27094.737,26164.858,2017,May,Thursday,20
2973,2017-05-04 21:00:00,17.985,58.258,0.082,0.052,0.099,43503.213,26217.337,25435.142,2017,May,Thursday,21
2974,2017-05-04 22:00:00,17.052,65.143,0.079,0.04,0.105,38595.148,24136.223,23234.332,2017,May,Thursday,22
2975,2017-05-04 23:00:00,16.697,69.202,0.08,0.032,0.137,32493.115,20724.458,20062.834,2017,May,Thursday,23
2976,2017-05-05 00:00:00,16.608,69.453,0.081,0.037,0.13,28562.885,17978.947,17363.563,2017,May,Friday,0
2977,2017-05-05 01:00:00,16.44,70.75,0.08,0.038,0.152,25757.377,16056.347,15729.231,2017,May,Friday,1
2978,2017-05-05 02:00:00,15.982,71.367,0.081,0.034,0.158,24534.033,15098.452,14915.951,2017,May,Friday,2
2979,2017-05-05 03:00:00,15.233,72.117,0.08,0.034,0.177,24873.967,15243.344,14814.899,2017,May,Friday,3
2980,2017-05-05 04:00:00,14.755,73.15,0.082,0.032,0.154,24850.885,15543.653,14544.777,2017,May,Friday,4
2981,2017-05-05 05:00:00,14.688,70.567,0.154,0.042,0.138,21673.967,14136.223,11798.866,2017,May,Friday,5
2982,2017-05-05 06:00:00,14.74,69.313,4.918,16.48,14.718,23161.705,15665.635,11107.045,2017,May,Friday,6
2983,2017-05-05 07:00:00,14.865,68.055,4.918,144.717,136.15,25201.311,17560.372,11520.972,2017,May,Friday,7
2984,2017-05-05 08:00:00,15.768,66.812,4.92,379.783,375.717,28546.098,19512.074,12822.024,2017,May,Friday,8
2985,2017-05-05 09:00:00,18.603,57.585,4.918,568.833,531.333,31143.869,21437.771,14356.275,2017,May,Friday,9
2986,2017-05-05 10:00:00,21.175,45.205,4.917,725.55,92.717,33915.803,24497.833,14571.012,2017,May,Friday,10
2987,2017-05-05 11:00:00,22.967,38.717,4.921,834.167,47.188,36135.869,25076.161,16628.016,2017,May,Friday,11
2988,2017-05-05 12:00:00,24.515,35.74,4.922,892.0,48.828,34836.984,23632.198,17476.275,2017,May,Friday,12
2989,2017-05-05 13:00:00,25.552,32.877,4.921,892.0,51.028,34444.59,23221.672,17191.579,2017,May,Friday,13
2990,2017-05-05 14:00:00,25.095,33.305,4.92,841.0,59.173,33506.623,22908.359,16311.255,2017,May,Friday,14
2991,2017-05-05 15:00:00,25.14,31.287,4.921,729.5,128.667,32577.049,22397.523,15682.591,2017,May,Friday,15
2992,2017-05-05 16:00:00,25.13,29.787,4.92,597.083,495.533,31706.23,21460.681,15579.595,2017,May,Friday,16
2993,2017-05-05 17:00:00,25.158,26.12,4.921,430.917,455.967,31878.295,20501.548,15676.761,2017,May,Friday,17
2994,2017-05-05 18:00:00,25.278,23.94,4.92,256.617,281.5,33389.115,20895.975,17298.462,2017,May,Friday,18
2995,2017-05-05 19:00:00,24.748,25.245,4.92,82.852,93.697,41738.492,25465.635,23944.615,2017,May,Friday,19
2996,2017-05-05 20:00:00,21.743,39.995,4.921,2.104,1.922,44558.689,26711.455,25320.486,2017,May,Friday,20
2997,2017-05-05 21:00:00,18.742,49.287,4.92,0.068,0.118,43167.475,25943.034,24795.789,2017,May,Friday,21
2998,2017-05-05 22:00:00,17.845,55.01,4.921,0.086,0.087,39449.18,24269.969,23536.518,2017,May,Friday,22
2999,2017-05-05 23:00:00,16.923,60.603,4.922,0.084,0.109,33403.803,20923.22,20546.721,2017,May,Friday,23
3000,2017-05-06 00:00:00,16.713,66.315,4.921,0.071,0.108,28770.623,17941.176,17491.822,2017,May,Saturday,0
3001,2017-05-06 01:00:00,15.683,74.067,4.918,0.048,0.126,26070.033,15947.988,15728.259,2017,May,Saturday,1
3002,2017-05-06 02:00:00,15.417,79.817,4.917,0.044,0.147,24542.426,14943.034,14880.0,2017,May,Saturday,2
3003,2017-05-06 03:00:00,14.958,83.167,4.916,0.037,0.164,24368.262,14995.666,14890.688,2017,May,Saturday,3
3004,2017-05-06 04:00:00,14.735,84.9,4.915,0.035,0.17,24347.279,14777.709,14589.474,2017,May,Saturday,4
3005,2017-05-06 05:00:00,14.23,86.317,4.915,0.045,0.173,20870.295,12984.52,11586.073,2017,May,Saturday,5
3006,2017-05-06 06:00:00,14.027,87.4,4.916,18.971,17.305,22068.459,13297.214,10730.04,2017,May,Saturday,6
3007,2017-05-06 07:00:00,15.055,86.717,4.915,106.097,94.682,24580.197,15715.17,11394.656,2017,May,Saturday,7
3008,2017-05-06 08:00:00,17.777,80.783,4.916,374.667,363.583,28734.951,18022.291,13175.709,2017,May,Saturday,8
3009,2017-05-06 09:00:00,19.34,74.683,2.028,563.083,541.8,32142.689,20239.628,15055.87,2017,May,Saturday,9
3010,2017-05-06 10:00:00,20.202,69.033,0.073,710.15,140.012,34306.098,21308.978,16450.202,2017,May,Saturday,10
3011,2017-05-06 11:00:00,20.938,65.043,0.072,821.667,54.505,35485.377,21745.511,17876.599,2017,May,Saturday,11
3012,2017-05-06 12:00:00,21.292,59.915,0.072,882.333,51.597,35516.852,22307.121,18612.146,2017,May,Saturday,12
3013,2017-05-06 13:00:00,22.115,55.45,0.072,884.833,51.182,34839.082,22138.7,18316.761,2017,May,Saturday,13
3014,2017-05-06 14:00:00,22.005,57.367,0.071,835.667,52.918,34190.689,21445.82,17973.765,2017,May,Saturday,14
3015,2017-05-06 15:00:00,21.877,57.487,0.072,740.15,79.63,32799.475,20705.882,17455.87,2017,May,Saturday,15
3016,2017-05-06 16:00:00,21.867,55.472,0.071,604.3,568.767,32291.672,19931.269,17237.247,2017,May,Saturday,16
3017,2017-05-06 17:00:00,21.878,57.41,0.072,426.917,464.65,32067.148,19152.941,16988.502,2017,May,Saturday,17
3018,2017-05-06 18:00:00,21.353,60.138,0.073,239.617,263.133,32742.82,19669.969,17767.773,2017,May,Saturday,18
3019,2017-05-06 19:00:00,20.678,61.118,0.073,73.048,80.652,40806.82,23796.904,23999.028,2017,May,Saturday,19
3020,2017-05-06 20:00:00,19.532,66.372,0.072,2.044,1.897,44264.918,24995.046,25897.652,2017,May,Saturday,20
3021,2017-05-06 21:00:00,18.097,67.055,0.072,0.072,0.113,42590.426,24841.486,25791.741,2017,May,Saturday,21
3022,2017-05-06 22:00:00,17.535,69.505,0.075,0.07,0.121,39468.066,23725.697,24519.838,2017,May,Saturday,22
3023,2017-05-06 23:00:00,18.478,73.177,0.081,0.05,0.134,35034.23,21265.635,21922.591,2017,May,Saturday,23
3024,2017-05-07 00:00:00,17.967,74.15,0.079,0.045,0.164,28850.361,17695.356,18215.709,2017,May,Sunday,0
3025,2017-05-07 01:00:00,18.052,72.2,0.078,0.048,0.176,25744.787,15393.189,15962.429,2017,May,Sunday,1
3026,2017-05-07 02:00:00,17.1,72.833,0.079,0.048,0.163,24183.607,14402.477,15026.721,2017,May,Sunday,2
3027,2017-05-07 03:00:00,16.935,67.535,0.078,0.035,0.131,23925.508,14275.542,15015.061,2017,May,Sunday,3
3028,2017-05-07 04:00:00,17.195,68.375,0.079,0.052,0.154,23612.852,13788.235,14668.178,2017,May,Sunday,4
3029,2017-05-07 05:00:00,16.65,66.478,0.08,0.047,0.163,19374.164,11326.935,11664.777,2017,May,Sunday,5
3030,2017-05-07 06:00:00,16.478,63.385,0.079,25.148,23.225,19181.115,11135.604,10217.004,2017,May,Sunday,6
3031,2017-05-07 07:00:00,17.842,60.488,0.079,179.183,170.25,20952.131,12553.56,10614.413,2017,May,Sunday,7
3032,2017-05-07 08:00:00,19.987,56.317,0.079,377.533,366.267,23505.836,14619.195,12724.858,2017,May,Sunday,8
3033,2017-05-07 09:00:00,21.04,54.777,0.079,568.0,550.2,26938.754,16631.579,14725.506,2017,May,Sunday,9
3034,2017-05-07 10:00:00,22.408,51.713,0.08,722.633,209.533,29746.361,17921.362,16548.34,2017,May,Sunday,10
3035,2017-05-07 11:00:00,23.373,48.398,0.081,833.5,71.877,30959.213,18269.969,17224.615,2017,May,Sunday,11
3036,2017-05-07 12:00:00,24.527,43.797,0.082,885.333,66.21,31223.607,18506.502,18151.579,2017,May,Sunday,12
3037,2017-05-07 13:00:00,25.24,41.357,0.082,896.333,65.993,31467.016,18611.146,18145.749,2017,May,Sunday,13
3038,2017-05-07 14:00:00,25.742,41.102,0.081,852.0,60.71,30917.246,18233.437,18135.061,2017,May,Sunday,14
3039,2017-05-07 15:00:00,25.993,41.585,0.084,754.667,101.638,30220.59,17912.074,17604.534,2017,May,Sunday,15
3040,2017-05-07 16:00:00,25.595,42.338,0.085,617.617,605.767,29347.672,17630.96,17222.672,2017,May,Sunday,16
3041,2017-05-07 17:00:00,25.432,41.307,0.093,445.217,479.783,28902.82,17033.437,16690.202,2017,May,Sunday,17
3042,2017-05-07 18:00:00,24.872,41.058,3.793,253.1,278.1,30065.311,17579.567,17283.887,2017,May,Sunday,18
3043,2017-05-07 19:00:00,23.703,42.842,0.082,82.927,92.452,39092.459,22420.433,23813.441,2017,May,Sunday,19
3044,2017-05-07 20:00:00,21.53,54.213,0.08,2.61,2.409,43815.869,24953.56,25987.045,2017,May,Sunday,20
3045,2017-05-07 21:00:00,20.17,60.122,0.08,0.058,0.136,43559.869,25720.743,25689.717,2017,May,Sunday,21
3046,2017-05-07 22:00:00,19.34,63.623,0.08,0.056,0.112,39358.951,23796.904,23781.377,2017,May,Sunday,22
3047,2017-05-07 23:00:00,18.318,67.28,0.081,0.062,0.136,33034.492,20006.192,20022.996,2017,May,Sunday,23
3048,2017-05-08 00:00:00,17.033,73.25,0.08,0.058,0.121,28229.246,17159.133,17412.146,2017,May,Monday,0
3049,2017-05-08 01:00:00,16.837,73.217,0.08,0.063,0.117,25881.18,15524.458,15914.818,2017,May,Monday,1
3050,2017-05-08 02:00:00,15.52,78.817,0.08,0.054,0.112,24561.311,14870.588,15361.943,2017,May,Monday,2
3051,2017-05-08 03:00:00,14.995,80.7,0.083,0.056,0.112,25178.23,15313.313,15426.073,2017,May,Monday,3
3052,2017-05-08 04:00:00,14.365,81.483,0.081,0.045,0.13,24617.967,14861.92,14791.579,2017,May,Monday,4
3053,2017-05-08 05:00:00,14.018,82.783,0.083,0.057,0.11,21837.639,13331.269,11862.996,2017,May,Monday,5
3054,2017-05-08 06:00:00,13.642,83.217,0.084,26.262,24.083,24038.82,14889.783,11235.304,2017,May,Monday,6
3055,2017-05-08 07:00:00,13.867,82.717,0.084,185.167,177.2,26443.541,16823.529,11739.595,2017,May,Monday,7
3056,2017-05-08 08:00:00,15.702,79.3,0.087,386.817,380.067,29181.902,19128.173,13053.279,2017,May,Monday,8
3057,2017-05-08 09:00:00,18.673,71.457,0.084,577.0,573.8,31618.098,21039.009,14548.664,2017,May,Monday,9
3058,2017-05-08 10:00:00,22.917,54.66,0.073,729.583,236.898,34501.246,22181.424,16203.401,2017,May,Monday,10
3059,2017-05-08 11:00:00,22.812,51.352,0.071,839.667,54.08,34944.0,22978.328,16966.154,2017,May,Monday,11
3060,2017-05-08 12:00:00,22.797,54.265,0.072,899.167,51.402,35856.787,23084.83,17601.619,2017,May,Monday,12
3061,2017-05-08 13:00:00,23.167,53.37,0.072,907.0,49.248,35659.541,22224.768,18439.19,2017,May,Monday,13
3062,2017-05-08 14:00:00,23.797,50.743,0.071,864.0,49.86,35298.623,22032.198,17900.891,2017,May,Monday,14
3063,2017-05-08 15:00:00,23.635,52.318,0.072,770.667,161.552,34583.082,21315.789,17722.105,2017,May,Monday,15
3064,2017-05-08 16:00:00,23.802,49.677,0.07,634.183,663.2,33796.197,21070.588,16846.64,2017,May,Monday,16
3065,2017-05-08 17:00:00,23.657,49.145,0.071,456.45,491.55,33372.328,20791.95,16733.927,2017,May,Monday,17
3066,2017-05-08 18:00:00,22.797,53.533,0.071,262.833,289.367,34580.984,21152.322,17725.02,2017,May,Monday,18
3067,2017-05-08 19:00:00,21.967,57.578,0.07,67.18,73.26,42940.852,25874.923,24572.308,2017,May,Monday,19
3068,2017-05-08 20:00:00,20.543,66.83,0.071,1.753,1.673,46178.623,27517.647,26596.275,2017,May,Monday,20
3069,2017-05-08 21:00:00,19.923,68.235,0.192,0.054,0.132,44348.852,26363.467,25990.931,2017,May,Monday,21
3070,2017-05-08 22:00:00,20.195,61.39,0.072,0.057,0.105,39325.377,23985.759,23660.891,2017,May,Monday,22
3071,2017-05-08 23:00:00,20.157,61.618,0.071,0.058,0.12,33000.918,20743.034,20392.227,2017,May,Monday,23
3072,2017-05-09 00:00:00,19.525,71.15,0.07,0.057,0.113,28422.295,17596.904,17296.518,2017,May,Tuesday,0
3073,2017-05-09 01:00:00,18.818,81.75,0.074,0.054,0.119,26200.131,16063.777,15871.093,2017,May,Tuesday,1
3074,2017-05-09 02:00:00,18.67,86.15,0.074,0.054,0.129,24964.197,15509.598,15641.781,2017,May,Tuesday,2
3075,2017-05-09 03:00:00,18.282,87.967,0.101,0.054,0.125,25467.803,15390.093,15740.891,2017,May,Tuesday,3
3076,2017-05-09 04:00:00,17.46,88.433,4.511,0.047,0.135,24867.672,15263.158,14963.563,2017,May,Tuesday,4
3077,2017-05-09 05:00:00,16.76,88.55,4.919,0.044,0.133,22183.869,14074.923,11504.453,2017,May,Tuesday,5
3078,2017-05-09 06:00:00,17.047,88.983,4.917,9.041,7.69,24790.033,15702.786,11258.623,2017,May,Tuesday,6
3079,2017-05-09 07:00:00,17.933,88.117,4.916,47.683,40.688,25497.18,17313.313,11664.777,2017,May,Tuesday,7
3080,2017-05-09 08:00:00,18.313,85.45,4.915,90.783,76.627,25404.852,19242.105,13123.239,2017,May,Tuesday,8
3081,2017-05-09 09:00:00,18.86,81.733,2.376,216.817,182.167,28254.426,20928.173,14640.972,2017,May,Tuesday,9
3082,2017-05-09 10:00:00,20.093,75.417,0.069,702.4,388.567,31618.098,22003.096,15882.753,2017,May,Tuesday,10
3083,2017-05-09 11:00:00,20.523,74.317,4.111,806.0,166.467,34937.705,22990.093,16712.551,2017,May,Tuesday,11
3084,2017-05-09 12:00:00,20.965,73.45,4.921,822.333,124.583,36232.393,22871.207,18039.838,2017,May,Tuesday,12
3085,2017-05-09 13:00:00,21.522,70.7,4.924,887.667,118.583,36079.213,23048.297,17897.004,2017,May,Tuesday,13
3086,2017-05-09 14:00:00,21.523,70.833,4.927,823.167,118.8,35611.279,23276.161,16733.927,2017,May,Tuesday,14
3087,2017-05-09 15:00:00,21.525,71.65,4.922,735.367,254.217,34685.902,22569.659,16419.109,2017,May,Tuesday,15
3088,2017-05-09 16:00:00,21.403,72.6,4.922,604.6,613.283,34010.23,21513.313,17221.7,2017,May,Tuesday,16
3089,2017-05-09 17:00:00,21.058,74.967,4.922,414.533,428.25,33540.197,20715.789,17143.968,2017,May,Tuesday,17
3090,2017-05-09 18:00:00,20.482,78.317,4.922,235.433,245.4,34566.295,21117.647,18030.121,2017,May,Tuesday,18
3091,2017-05-09 19:00:00,20.033,79.817,4.923,62.287,63.843,42326.033,25840.248,24491.66,2017,May,Tuesday,19
3092,2017-05-09 20:00:00,19.427,83.5,4.921,2.901,2.704,45454.689,27596.904,26136.68,2017,May,Tuesday,20
3093,2017-05-09 21:00:00,19.103,85.85,4.92,0.053,0.107,44199.869,26641.486,25616.842,2017,May,Tuesday,21
3094,2017-05-09 22:00:00,18.993,86.683,4.918,0.051,0.109,39858.361,24206.192,23224.615,2017,May,Tuesday,22
3095,2017-05-09 23:00:00,18.623,87.583,4.915,0.052,0.121,33143.607,20637.152,19891.822,2017,May,Tuesday,23
3096,2017-05-10 00:00:00,18.575,86.95,4.915,0.049,0.132,28690.885,17729.412,17070.121,2017,May,Wednesday,0
3097,2017-05-10 01:00:00,18.227,87.25,4.915,0.052,0.128,25996.59,16138.7,15670.931,2017,May,Wednesday,1
3098,2017-05-10 02:00:00,17.498,87.733,4.914,0.044,0.128,24968.393,15151.703,15330.85,2017,May,Wednesday,2
3099,2017-05-10 03:00:00,16.598,88.45,4.915,0.052,0.116,25442.623,15406.811,14829.474,2017,May,Wednesday,3
3100,2017-05-10 04:00:00,15.935,89.283,4.916,0.042,0.134,24987.279,14947.988,14346.559,2017,May,Wednesday,4
3101,2017-05-10 05:00:00,15.592,90.25,4.913,0.057,0.152,21774.689,13564.087,11419.919,2017,May,Wednesday,5
3102,2017-05-10 06:00:00,15.455,90.417,4.912,12.101,10.499,24385.049,15166.563,11082.753,2017,May,Wednesday,6
3103,2017-05-10 07:00:00,16.252,89.3,4.913,54.628,46.778,26294.557,17099.071,11745.425,2017,May,Wednesday,7
3104,2017-05-10 08:00:00,17.8,86.733,4.913,109.0,92.617,29549.115,19186.997,13171.822,2017,May,Wednesday,8
3105,2017-05-10 09:00:00,19.112,83.083,4.913,401.45,358.8,32883.41,21006.192,14910.121,2017,May,Wednesday,9
3106,2017-05-10 10:00:00,20.55,75.583,4.914,700.417,367.15,35449.705,22619.195,16555.142,2017,May,Wednesday,10
3107,2017-05-10 11:00:00,22.562,57.473,4.922,830.833,69.015,36624.787,23390.712,17087.611,2017,May,Wednesday,11
3108,2017-05-10 12:00:00,22.352,61.04,4.924,887.0,63.277,36450.623,23473.065,17863.968,2017,May,Wednesday,12
3109,2017-05-10 13:00:00,22.225,64.385,4.924,888.5,71.22,36087.607,23519.505,17950.445,2017,May,Wednesday,13
3110,2017-05-10 14:00:00,22.055,67.005,4.922,844.5,75.733,35451.803,23436.533,17676.437,2017,May,Wednesday,14
3111,2017-05-10 15:00:00,21.895,68.017,4.92,746.533,268.433,34486.557,22546.13,17469.474,2017,May,Wednesday,15
3112,2017-05-10 16:00:00,21.732,69.458,4.92,606.7,630.467,33506.623,21506.502,17173.117,2017,May,Wednesday,16
3113,2017-05-10 17:00:00,21.063,72.267,4.92,436.85,462.317,33756.328,20946.749,17351.903,2017,May,Wednesday,17
3114,2017-05-10 18:00:00,20.505,75.85,4.922,245.517,261.583,35571.41,21882.972,18294.413,2017,May,Wednesday,18
3115,2017-05-10 19:00:00,19.955,79.433,4.921,80.358,84.963,42810.754,25905.263,24180.729,2017,May,Wednesday,19
3116,2017-05-10 20:00:00,19.507,82.4,4.923,2.884,2.593,45824.0,27515.789,25620.729,2017,May,Wednesday,20
3117,2017-05-10 21:00:00,19.405,83.883,4.922,0.05,0.118,44445.377,26746.749,25492.47,2017,May,Wednesday,21
3118,2017-05-10 22:00:00,19.37,84.3,4.92,0.06,0.118,39426.098,24227.245,23611.336,2017,May,Wednesday,22
3119,2017-05-10 23:00:00,19.213,84.083,4.92,0.058,0.12,33334.557,20847.059,20125.02,2017,May,Wednesday,23
3120,2017-05-11 00:00:00,19.117,83.767,4.918,0.054,0.125,28944.787,18073.065,17523.887,2017,May,Thursday,0
3121,2017-05-11 01:00:00,18.91,83.867,4.916,0.058,0.118,26290.361,16174.613,15753.522,2017,May,Thursday,1
3122,2017-05-11 02:00:00,18.68,84.533,4.914,0.048,0.129,25381.77,15376.471,15017.976,2017,May,Thursday,2
3123,2017-05-11 03:00:00,18.473,85.217,4.915,0.051,0.125,25822.426,15564.087,14979.109,2017,May,Thursday,3
3124,2017-05-11 04:00:00,18.235,86.583,4.916,0.051,0.125,24773.246,15064.396,14420.405,2017,May,Thursday,4
3125,2017-05-11 05:00:00,18.242,87.167,4.914,0.063,0.126,21814.557,13525.697,11535.547,2017,May,Thursday,5
3126,2017-05-11 06:00:00,18.118,87.183,4.914,20.417,17.875,24116.459,15265.635,11408.259,2017,May,Thursday,6
3127,2017-05-11 07:00:00,18.292,87.3,4.912,171.667,156.838,26055.344,17432.817,11874.656,2017,May,Thursday,7
3128,2017-05-11 08:00:00,19.197,81.933,4.912,372.55,349.817,29568.0,19439.009,13360.324,2017,May,Thursday,8
3129,2017-05-11 09:00:00,20.203,73.3,4.914,567.65,537.983,32119.607,20730.65,14929.555,2017,May,Thursday,9
3130,2017-05-11 10:00:00,20.875,70.933,4.916,720.367,473.45,34430.951,22151.703,16339.433,2017,May,Thursday,10
3131,2017-05-11 11:00:00,21.148,69.457,4.918,818.667,175.767,35955.41,23015.48,17339.271,2017,May,Thursday,11
3132,2017-05-11 12:00:00,21.523,70.073,4.92,868.5,195.233,36579.672,22844.582,18223.482,2017,May,Thursday,12
3133,2017-05-11 13:00:00,21.597,70.967,4.924,874.167,212.767,36406.557,23041.486,18161.296,2017,May,Thursday,13
3134,2017-05-11 14:00:00,21.748,70.495,4.922,821.333,231.05,35714.098,23115.789,17371.336,2017,May,Thursday,14
3135,2017-05-11 15:00:00,21.78,69.665,4.922,718.033,389.733,34683.803,22658.204,16769.879,2017,May,Thursday,15
3136,2017-05-11 16:00:00,21.352,71.733,4.921,573.517,542.633,33884.328,21665.015,16655.223,2017,May,Thursday,16
3137,2017-05-11 17:00:00,20.883,74.6,4.923,398.267,384.55,33552.787,20930.031,17012.794,2017,May,Thursday,17
3138,2017-05-11 18:00:00,20.477,76.95,4.924,211.133,203.6,35193.705,21830.341,18187.53,2017,May,Thursday,18
3139,2017-05-11 19:00:00,19.812,81.233,1.195,49.462,43.918,42672.262,26159.133,24542.186,2017,May,Thursday,19
3140,2017-05-11 20:00:00,19.393,83.867,0.07,1.42,1.262,45826.098,27433.437,26224.13,2017,May,Thursday,20
3141,2017-05-11 21:00:00,19.165,85.433,0.069,0.065,0.115,43975.344,26491.641,25521.619,2017,May,Thursday,21
3142,2017-05-11 22:00:00,19.02,86.517,0.068,0.054,0.123,39306.492,24295.975,23653.117,2017,May,Thursday,22
3143,2017-05-11 23:00:00,19.002,86.75,0.068,0.059,0.127,33038.689,20972.755,19998.704,2017,May,Thursday,23
3144,2017-05-12 00:00:00,18.84,87.45,0.07,0.049,0.127,28707.672,18038.39,17402.429,2017,May,Friday,0
3145,2017-05-12 01:00:00,18.685,88.017,0.07,0.063,0.126,25933.639,16239.628,15839.028,2017,May,Friday,1
3146,2017-05-12 02:00:00,18.397,88.167,0.069,0.057,0.142,24626.361,15384.52,15274.494,2017,May,Friday,2
3147,2017-05-12 03:00:00,18.188,88.4,0.067,0.054,0.134,25335.607,15679.876,15426.073,2017,May,Friday,3
3148,2017-05-12 04:00:00,17.993,88.883,0.068,0.049,0.132,24492.066,15196.285,14865.425,2017,May,Friday,4
3149,2017-05-12 05:00:00,17.782,89.833,0.072,0.054,0.134,21678.164,13833.437,11984.453,2017,May,Friday,5
3150,2017-05-12 06:00:00,17.823,89.667,0.07,4.116,3.532,24441.705,15378.947,11235.304,2017,May,Friday,6
3151,2017-05-12 07:00:00,17.772,89.633,0.07,32.025,26.787,26260.984,17408.669,11608.421,2017,May,Friday,7
3152,2017-05-12 08:00:00,17.845,88.95,0.066,91.307,76.145,28848.262,19112.693,12841.457,2017,May,Friday,8
3153,2017-05-12 09:00:00,18.033,88.567,0.068,195.033,164.3,31603.41,20990.712,14456.356,2017,May,Friday,9
3154,2017-05-12 10:00:00,18.94,84.033,0.07,472.55,347.483,34238.951,22440.248,15868.178,2017,May,Friday,10
3155,2017-05-12 11:00:00,19.947,77.95,0.07,826.0,273.45,36482.098,23404.954,17287.773,2017,May,Friday,11
3156,2017-05-12 12:00:00,20.653,73.833,0.07,865.833,225.033,35911.344,22374.613,17420.891,2017,May,Friday,12
3157,2017-05-12 13:00:00,20.78,73.183,0.071,874.833,223.833,35495.869,21936.842,17202.267,2017,May,Friday,13
3158,2017-05-12 14:00:00,20.912,73.033,0.072,826.5,234.133,34872.656,21813.003,16606.64,2017,May,Friday,14
3159,2017-05-12 15:00:00,21.062,72.333,0.071,714.133,415.917,33355.541,21954.799,16011.984,2017,May,Friday,15
3160,2017-05-12 16:00:00,21.062,71.633,0.071,578.15,555.083,32807.869,21213.003,16188.826,2017,May,Friday,16
3161,2017-05-12 17:00:00,21.235,71.317,0.07,413.067,410.117,32887.607,20337.461,16276.275,2017,May,Friday,17
3162,2017-05-12 18:00:00,20.638,75.25,0.07,242.217,244.2,33896.918,20713.313,17415.061,2017,May,Friday,18
3163,2017-05-12 19:00:00,19.742,79.433,0.07,70.9,68.852,41281.049,24908.978,23426.721,2017,May,Friday,19
3164,2017-05-12 20:00:00,18.893,83.383,0.069,2.705,2.495,45039.213,26197.523,25621.7,2017,May,Friday,20
3165,2017-05-12 21:00:00,18.42,85.717,0.069,0.045,0.124,44042.492,25478.019,25783.968,2017,May,Friday,21
3166,2017-05-12 22:00:00,18.167,87.133,0.069,0.054,0.124,40353.574,23746.749,23981.538,2017,May,Friday,22
3167,2017-05-12 23:00:00,18.183,87.7,0.073,0.064,0.115,34184.393,20456.347,20329.069,2017,May,Friday,23
3168,2017-05-13 00:00:00,18.042,88.85,0.069,0.054,0.149,29351.869,17388.854,17835.789,2017,May,Saturday,0
3169,2017-05-13 01:00:00,17.48,89.967,0.072,0.062,0.153,26754.098,15434.056,16350.121,2017,May,Saturday,1
3170,2017-05-13 02:00:00,17.542,90.333,0.067,0.043,0.142,25266.361,14745.511,15531.984,2017,May,Saturday,2
3171,2017-05-13 03:00:00,17.388,90.4,0.067,0.051,0.131,25560.131,14464.396,15636.923,2017,May,Saturday,3
3172,2017-05-13 04:00:00,17.225,90.383,0.068,0.043,0.133,24452.197,14054.489,14941.215,2017,May,Saturday,4
3173,2017-05-13 05:00:00,16.925,90.667,0.07,0.057,0.143,21174.557,12111.455,11418.947,2017,May,Saturday,5
3174,2017-05-13 06:00:00,16.497,91.217,0.072,13.034,11.172,22637.115,12851.393,10722.267,2017,May,Saturday,6
3175,2017-05-13 07:00:00,16.517,91.833,0.077,143.027,126.937,25010.361,15166.563,11690.04,2017,May,Saturday,7
3176,2017-05-13 08:00:00,17.357,90.75,0.085,342.55,312.2,28319.475,17739.938,14116.275,2017,May,Saturday,8
3177,2017-05-13 09:00:00,19.152,86.067,0.085,533.867,490.433,32125.902,19810.526,16046.964,2017,May,Saturday,9
3178,2017-05-13 10:00:00,22.703,65.14,0.083,690.0,545.533,34654.426,20988.854,16929.231,2017,May,Saturday,10
3179,2017-05-13 11:00:00,26.517,43.878,0.084,716.217,297.65,35831.607,21613.622,17746.397,2017,May,Saturday,11
3180,2017-05-13 12:00:00,29.853,32.838,0.081,851.333,219.233,36085.508,21945.511,18696.68,2017,May,Saturday,12
3181,2017-05-13 13:00:00,31.645,23.418,1.326,855.0,204.833,35544.131,21664.396,18750.121,2017,May,Saturday,13
3182,2017-05-13 14:00:00,31.94,16.063,4.923,817.833,210.483,34255.738,21047.678,18227.368,2017,May,Saturday,14
3183,2017-05-13 15:00:00,33.44,14.51,4.619,720.917,442.017,30703.213,20162.229,17478.219,2017,May,Saturday,15
3184,2017-05-13 16:00:00,35.308,19.492,2.266,586.817,564.367,31979.016,19040.248,17396.599,2017,May,Saturday,16
3185,2017-05-13 17:00:00,33.963,21.347,1.041,405.567,395.8,31882.492,18060.062,17038.057,2017,May,Saturday,17
3186,2017-05-13 18:00:00,32.897,18.653,0.079,230.25,226.85,32660.984,18392.57,17716.275,2017,May,Saturday,18
3187,2017-05-13 19:00:00,30.707,24.215,0.078,73.885,70.072,40525.639,22775.232,23910.607,2017,May,Saturday,19
3188,2017-05-13 20:00:00,28.13,27.525,0.079,4.021,3.637,44705.574,25346.749,26214.413,2017,May,Saturday,20
3189,2017-05-13 21:00:00,26.638,29.92,0.08,0.078,0.098,43171.672,25213.003,25963.725,2017,May,Saturday,21
3190,2017-05-13 22:00:00,26.28,31.12,0.081,0.092,0.094,40215.082,23817.337,24901.7,2017,May,Saturday,22
3191,2017-05-13 23:00:00,25.915,34.152,0.079,0.088,0.105,34843.279,20993.189,21842.915,2017,May,Saturday,23
3192,2017-05-14 00:00:00,25.927,37.27,0.079,0.095,0.116,28988.852,17882.353,18209.879,2017,May,Sunday,0
3193,2017-05-14 01:00:00,24.815,41.572,0.079,0.092,0.115,25769.967,15835.913,16425.911,2017,May,Sunday,1
3194,2017-05-14 02:00:00,23.468,43.267,0.077,0.091,0.114,24053.508,14652.012,15379.433,2017,May,Sunday,2
3195,2017-05-14 03:00:00,22.512,43.368,0.078,0.082,0.135,24219.279,14379.567,15005.344,2017,May,Sunday,3
3196,2017-05-14 04:00:00,20.862,51.195,0.08,0.084,0.11,23102.951,13653.87,14380.567,2017,May,Sunday,4
3197,2017-05-14 05:00:00,19.438,57.878,0.079,0.094,0.135,19525.246,11331.889,11196.437,2017,May,Sunday,5
3198,2017-05-14 06:00:00,18.337,64.492,0.077,21.394,19.464,19353.18,11580.805,10468.664,2017,May,Sunday,6
3199,2017-05-14 07:00:00,18.105,64.923,0.971,178.683,169.15,21038.164,12743.653,11295.547,2017,May,Sunday,7
3200,2017-05-14 08:00:00,19.133,60.068,4.92,378.767,364.533,24040.918,14656.966,13074.656,2017,May,Sunday,8
3201,2017-05-14 09:00:00,20.802,54.732,3.624,560.15,552.067,27408.787,16630.96,15225.911,2017,May,Sunday,9
3202,2017-05-14 10:00:00,22.805,47.935,4.919,736.883,646.667,30900.459,17291.022,16667.854,2017,May,Sunday,10
3203,2017-05-14 11:00:00,24.452,42.087,0.853,843.833,105.507,33103.738,17842.724,17967.935,2017,May,Sunday,11
3204,2017-05-14 12:00:00,26.032,36.603,0.077,900.0,46.91,33630.426,18057.585,18692.794,2017,May,Sunday,12
3205,2017-05-14 13:00:00,27.643,27.618,0.079,904.5,49.535,33458.361,17924.458,18641.296,2017,May,Sunday,13
3206,2017-05-14 14:00:00,27.45,37.625,0.079,859.167,53.217,31913.967,18038.39,18374.089,2017,May,Sunday,14
3207,2017-05-14 15:00:00,26.533,38.648,0.08,767.0,451.6,30862.689,18001.858,17833.846,2017,May,Sunday,15
3208,2017-05-14 16:00:00,26.535,35.62,1.711,630.65,671.783,30394.754,17478.638,17426.721,2017,May,Sunday,16
3209,2017-05-14 17:00:00,25.968,35.623,4.023,456.617,494.35,30113.574,16988.235,17052.632,2017,May,Sunday,17
3210,2017-05-14 18:00:00,25.517,33.91,3.656,270.15,296.817,30877.377,17458.824,17435.466,2017,May,Sunday,18
3211,2017-05-14 19:00:00,24.308,37.997,4.919,96.253,107.69,38767.213,21793.189,23318.866,2017,May,Sunday,19
3212,2017-05-14 20:00:00,22.41,43.662,4.918,3.816,3.403,43868.328,24626.625,26086.154,2017,May,Sunday,20
3213,2017-05-14 21:00:00,21.02,48.115,1.887,0.104,0.099,43920.787,25481.734,26081.296,2017,May,Sunday,21
3214,2017-05-14 22:00:00,19.78,50.41,0.081,0.09,0.094,40022.033,23726.316,24210.85,2017,May,Sunday,22
3215,2017-05-14 23:00:00,18.673,54.252,0.082,0.087,0.092,33846.557,20481.734,20727.449,2017,May,Sunday,23
3216,2017-05-15 00:00:00,17.483,60.212,0.08,0.087,0.098,29043.41,17528.173,17861.053,2017,May,Monday,0
3217,2017-05-15 01:00:00,16.285,65.293,0.082,0.079,0.117,26701.639,15824.768,16175.223,2017,May,Monday,1
3218,2017-05-15 02:00:00,15.653,67.527,0.078,0.074,0.107,25027.148,14951.084,15130.688,2017,May,Monday,2
3219,2017-05-15 03:00:00,14.858,71.267,0.072,0.078,0.111,25530.754,15387.616,15226.883,2017,May,Monday,3
3220,2017-05-15 04:00:00,14.618,72.833,0.07,0.076,0.099,24615.869,14631.579,14687.611,2017,May,Monday,4
3221,2017-05-15 05:00:00,16.955,80.15,0.07,0.077,0.135,21596.328,13022.291,11858.138,2017,May,Monday,5
3222,2017-05-15 06:00:00,17.23,84.05,0.553,7.679,6.469,24078.689,14865.635,11334.413,2017,May,Monday,6
3223,2017-05-15 07:00:00,17.395,82.45,4.921,56.405,47.057,26191.738,17581.424,12094.251,2017,May,Monday,7
3224,2017-05-15 08:00:00,18.143,77.683,4.788,143.617,121.378,29452.59,19400.0,13510.931,2017,May,Monday,8
3225,2017-05-15 09:00:00,19.62,71.245,4.92,446.733,393.967,32209.836,21338.7,14751.741,2017,May,Monday,9
3226,2017-05-15 10:00:00,20.637,67.475,4.922,690.433,609.35,34169.705,21653.87,16988.502,2017,May,Monday,10
3227,2017-05-15 11:00:00,20.903,68.142,4.924,858.667,235.717,35579.803,21842.724,18528.583,2017,May,Monday,11
3228,2017-05-15 12:00:00,20.655,69.638,4.926,921.833,246.7,35984.787,21445.201,19362.267,2017,May,Monday,12
3229,2017-05-15 13:00:00,20.618,71.01,4.92,943.333,243.533,35286.033,21337.461,19850.04,2017,May,Monday,13
3230,2017-05-15 14:00:00,20.725,69.412,4.92,870.333,159.867,35233.574,21476.78,19455.547,2017,May,Monday,14
3231,2017-05-15 15:00:00,21.18,67.202,4.923,768.667,594.55,34161.311,22770.898,17435.466,2017,May,Monday,15
3232,2017-05-15 16:00:00,21.487,64.3,4.92,629.233,662.05,33485.639,21630.341,17121.619,2017,May,Monday,16
3233,2017-05-15 17:00:00,21.627,65.95,4.921,453.05,482.283,33510.82,19505.263,17141.053,2017,May,Monday,17
3234,2017-05-15 18:00:00,21.015,70.068,4.921,263.5,285.25,34572.59,20834.056,18037.895,2017,May,Monday,18
3235,2017-05-15 19:00:00,20.303,73.417,4.922,90.778,99.495,42856.918,25507.74,24484.858,2017,May,Monday,19
3236,2017-05-15 20:00:00,19.208,81.833,4.922,4.275,3.902,46596.197,27323.839,26318.381,2017,May,Monday,20
3237,2017-05-15 21:00:00,18.755,84.767,4.92,0.056,0.106,44374.033,26490.402,25953.036,2017,May,Monday,21
3238,2017-05-15 22:00:00,18.457,85.65,4.92,0.058,0.121,39472.262,24181.424,23923.239,2017,May,Monday,22
3239,2017-05-15 23:00:00,18.112,86.633,4.92,0.051,0.129,33321.967,20884.211,20337.814,2017,May,Monday,23
3240,2017-05-16 00:00:00,17.93,85.733,4.92,0.054,0.124,28823.082,18131.889,17574.413,2017,May,Tuesday,0
3241,2017-05-16 01:00:00,17.877,84.317,4.916,0.051,0.132,26443.541,16639.009,15977.976,2017,May,Tuesday,1
3242,2017-05-16 02:00:00,17.67,85.417,4.916,0.053,0.133,25390.164,15803.715,15488.259,2017,May,Tuesday,2
3243,2017-05-16 03:00:00,17.568,86.3,4.915,0.05,0.118,25480.393,15814.241,15622.348,2017,May,Tuesday,3
3244,2017-05-16 04:00:00,17.542,84.583,4.916,0.046,0.143,24345.18,15037.152,14967.449,2017,May,Tuesday,4
3245,2017-05-16 05:00:00,17.657,81.867,4.914,0.075,0.166,21632.0,13816.718,11787.206,2017,May,Tuesday,5
3246,2017-05-16 06:00:00,17.997,78.783,4.917,13.635,11.667,24032.525,15637.771,11698.785,2017,May,Tuesday,6
3247,2017-05-16 07:00:00,18.187,78.883,4.918,62.878,56.102,26569.443,17519.505,12149.636,2017,May,Tuesday,7
3248,2017-05-16 08:00:00,18.735,76.8,4.918,335.417,323.267,29356.066,19368.421,13584.777,2017,May,Tuesday,8
3249,2017-05-16 09:00:00,19.58,72.317,4.92,577.8,574.067,31962.23,21146.13,15048.097,2017,May,Tuesday,9
3250,2017-05-16 10:00:00,20.063,69.603,4.924,735.133,719.467,34637.639,22340.557,16636.761,2017,May,Tuesday,10
3251,2017-05-16 11:00:00,20.472,67.965,4.924,845.167,242.25,36154.754,23053.87,17545.263,2017,May,Tuesday,11
3252,2017-05-16 12:00:00,20.838,67.24,4.926,903.333,63.173,36056.131,22802.477,18221.538,2017,May,Tuesday,12
3253,2017-05-16 13:00:00,21.14,66.335,4.923,908.833,59.882,35984.787,22799.381,18398.381,2017,May,Tuesday,13
3254,2017-05-16 14:00:00,21.185,67.337,4.922,862.167,127.1,35170.623,22846.44,17691.012,2017,May,Tuesday,14
3255,2017-05-16 15:00:00,21.205,67.132,4.921,728.0,615.7,34329.18,22276.78,17146.883,2017,May,Tuesday,15
3256,2017-05-16 16:00:00,21.105,67.282,4.921,613.583,625.1,33548.59,21424.768,17003.077,2017,May,Tuesday,16
3257,2017-05-16 17:00:00,20.803,66.418,4.921,377.083,383.633,33789.902,20543.034,17241.134,2017,May,Tuesday,17
3258,2017-05-16 18:00:00,20.743,65.333,4.922,212.817,211.017,34918.82,21618.576,18054.413,2017,May,Tuesday,18
3259,2017-05-16 19:00:00,20.472,64.547,4.92,66.268,64.097,42365.902,25512.693,24173.927,2017,May,Tuesday,19
3260,2017-05-16 20:00:00,19.828,65.875,4.923,3.228,2.898,46342.295,27795.666,26539.919,2017,May,Tuesday,20
3261,2017-05-16 21:00:00,19.328,70.865,4.923,0.073,0.068,44239.738,26674.923,26019.109,2017,May,Tuesday,21
3262,2017-05-16 22:00:00,19.182,74.767,4.92,0.06,0.109,40032.525,24551.703,24110.769,2017,May,Tuesday,22
3263,2017-05-16 23:00:00,18.743,80.683,4.917,0.047,0.119,33200.262,20925.077,20504.939,2017,May,Tuesday,23
3264,2017-05-17 00:00:00,18.117,84.633,4.916,0.057,0.115,28508.328,18165.325,17618.138,2017,May,Wednesday,0
3265,2017-05-17 01:00:00,17.782,85.317,4.917,0.056,0.123,26038.557,16439.628,16043.077,2017,May,Wednesday,1
3266,2017-05-17 02:00:00,16.623,85.317,4.918,0.058,0.116,25354.492,15551.084,14999.514,2017,May,Wednesday,2
3267,2017-05-17 03:00:00,16.978,86.283,4.916,0.049,0.136,25610.492,15655.728,15117.085,2017,May,Wednesday,3
3268,2017-05-17 04:00:00,16.937,85.717,4.916,0.04,0.117,24647.344,15058.204,14643.887,2017,May,Wednesday,4
3269,2017-05-17 05:00:00,17.285,84.767,4.916,0.066,0.134,21369.705,13745.511,11595.789,2017,May,Wednesday,5
3270,2017-05-17 06:00:00,17.7,85.033,4.916,5.654,4.776,24001.049,15610.526,11492.794,2017,May,Wednesday,6
3271,2017-05-17 07:00:00,18.015,85.867,4.914,71.212,59.717,26118.295,17336.223,12059.271,2017,May,Wednesday,7
3272,2017-05-17 08:00:00,18.665,84.617,4.918,201.967,171.7,29056.0,19300.929,13654.737,2017,May,Wednesday,8
3273,2017-05-17 09:00:00,19.492,79.817,4.919,429.867,381.467,31993.705,21020.433,15449.393,2017,May,Wednesday,9
3274,2017-05-17 10:00:00,20.412,73.283,4.921,639.967,584.35,34006.033,20803.096,16688.259,2017,May,Wednesday,10
3275,2017-05-17 11:00:00,21.08,67.967,4.924,787.667,386.917,36840.918,22286.687,17530.688,2017,May,Wednesday,11
3276,2017-05-17 12:00:00,21.402,67.795,4.925,838.167,271.783,36509.377,23063.158,18714.17,2017,May,Wednesday,12
3277,2017-05-17 13:00:00,21.403,66.955,4.921,784.5,293.783,36232.393,23192.57,18590.769,2017,May,Wednesday,13
3278,2017-05-17 14:00:00,21.633,66.327,4.92,808.167,320.367,35174.82,23000.619,17835.789,2017,May,Wednesday,14
3279,2017-05-17 15:00:00,21.592,66.423,4.918,639.9,534.25,34371.148,22287.926,17545.263,2017,May,Wednesday,15
3280,2017-05-17 16:00:00,21.263,68.158,4.921,398.25,361.717,33059.672,21663.777,17397.571,2017,May,Wednesday,16
3281,2017-05-17 17:00:00,20.782,71.583,4.919,400.15,383.533,33131.016,20960.372,17408.259,2017,May,Wednesday,17
3282,2017-05-17 18:00:00,20.407,73.217,4.918,202.55,195.967,34635.541,21747.368,18090.364,2017,May,Wednesday,18
3283,2017-05-17 19:00:00,19.84,76.283,4.92,68.268,63.357,42355.41,25717.028,24235.142,2017,May,Wednesday,19
3284,2017-05-17 20:00:00,19.383,78.867,4.921,3.642,3.171,46277.246,27469.35,26331.984,2017,May,Wednesday,20
3285,2017-05-17 21:00:00,18.993,80.633,4.92,0.06,0.118,44657.311,26573.994,26127.935,2017,May,Wednesday,21
3286,2017-05-17 22:00:00,18.293,82.583,4.921,0.069,0.104,40053.508,24240.248,24250.688,2017,May,Wednesday,22
3287,2017-05-17 23:00:00,17.673,84.483,4.918,0.066,0.114,33630.426,20855.108,20573.927,2017,May,Wednesday,23
3288,2017-05-18 00:00:00,17.385,86.367,4.918,0.066,0.103,29108.459,18282.972,17644.372,2017,May,Thursday,0
3289,2017-05-18 01:00:00,17.557,86.817,4.918,0.051,0.13,26401.574,16314.551,15908.016,2017,May,Thursday,1
3290,2017-05-18 02:00:00,17.59,86.167,4.916,0.051,0.13,25216.0,15636.533,15309.474,2017,May,Thursday,2
3291,2017-05-18 03:00:00,17.75,85.283,4.916,0.057,0.126,25576.918,15725.077,15424.13,2017,May,Thursday,3
3292,2017-05-18 04:00:00,18.245,84.733,4.916,0.048,0.144,24750.164,15113.932,14514.656,2017,May,Thursday,4
3293,2017-05-18 05:00:00,18.49,82.517,4.914,0.072,0.153,21648.787,13722.601,11300.405,2017,May,Thursday,5
3294,2017-05-18 06:00:00,18.675,80.117,4.915,26.039,23.08,23902.426,15826.006,11443.239,2017,May,Thursday,6
3295,2017-05-18 07:00:00,18.857,78.317,4.916,178.533,165.017,25933.639,17683.591,12329.393,2017,May,Thursday,7
3296,2017-05-18 08:00:00,20.013,71.532,4.919,384.15,369.133,29446.295,20002.477,13767.449,2017,May,Thursday,8
3297,2017-05-18 09:00:00,21.808,60.998,4.92,567.717,557.017,32098.623,22143.653,15531.012,2017,May,Thursday,9
3298,2017-05-18 10:00:00,23.908,50.643,4.92,717.483,706.817,34150.82,23491.641,17260.567,2017,May,Thursday,10
3299,2017-05-18 11:00:00,25.007,44.455,4.922,823.167,341.567,36070.82,24190.712,18212.794,2017,May,Thursday,11
3300,2017-05-18 12:00:00,26.097,40.102,4.92,885.667,100.033,36026.754,23751.084,18578.138,2017,May,Thursday,12
3301,2017-05-18 13:00:00,27.292,36.86,4.918,895.667,92.833,35976.393,23500.929,18501.377,2017,May,Thursday,13
3302,2017-05-18 14:00:00,27.682,35.51,4.918,850.833,95.767,35422.426,23270.588,18126.316,2017,May,Thursday,14
3303,2017-05-18 15:00:00,27.383,37.148,4.921,748.667,98.783,34268.328,22652.012,17757.085,2017,May,Thursday,15
3304,2017-05-18 16:00:00,26.265,47.715,4.919,604.567,96.267,33473.049,21520.124,17520.972,2017,May,Thursday,16
3305,2017-05-18 17:00:00,24.905,53.652,4.92,433.467,87.683,33500.328,21102.167,17317.895,2017,May,Thursday,17
3306,2017-05-18 18:00:00,23.495,57.88,4.92,248.35,138.617,34387.934,21569.04,18038.866,2017,May,Thursday,18
3307,2017-05-18 19:00:00,21.763,63.838,4.922,84.43,77.087,41463.607,25580.186,23965.02,2017,May,Thursday,19
3308,2017-05-18 20:00:00,20.688,67.23,4.923,5.551,4.637,46489.18,28070.588,26329.069,2017,May,Thursday,20
3309,2017-05-18 21:00:00,20.308,68.153,3.032,0.052,0.111,45156.721,27013.003,25791.741,2017,May,Thursday,21
3310,2017-05-18 22:00:00,19.865,68.898,0.078,0.059,0.117,40613.77,24401.858,23809.555,2017,May,Thursday,22
3311,2017-05-18 23:00:00,19.752,68.165,0.079,0.07,0.122,34184.393,20954.18,20518.543,2017,May,Thursday,23
3312,2017-05-19 00:00:00,19.225,69.892,0.079,0.058,0.116,29282.623,17918.885,17760.0,2017,May,Friday,0
3313,2017-05-19 01:00:00,18.527,73.117,0.078,0.054,0.132,26900.984,16284.83,16100.405,2017,May,Friday,1
3314,2017-05-19 02:00:00,18.508,70.85,0.079,0.061,0.124,25409.049,15310.836,15156.923,2017,May,Friday,2
3315,2017-05-19 03:00:00,17.992,71.383,0.077,0.057,0.118,25937.836,15208.05,15028.664,2017,May,Friday,3
3316,2017-05-19 04:00:00,17.783,70.847,0.078,0.059,0.113,24561.311,14556.037,14261.053,2017,May,Friday,4
3317,2017-05-19 05:00:00,16.837,75.517,0.078,0.106,0.177,21443.148,13388.235,11339.271,2017,May,Friday,5
3318,2017-05-19 06:00:00,16.3,77.383,0.078,29.175,25.839,23954.885,15024.149,11367.449,2017,May,Friday,6
3319,2017-05-19 07:00:00,16.557,78.15,0.079,181.483,168.033,25948.328,17027.245,11813.441,2017,May,Friday,7
3320,2017-05-19 08:00:00,18.402,71.348,0.08,361.267,338.833,29374.951,19184.52,12981.377,2017,May,Friday,8
3321,2017-05-19 09:00:00,20.467,62.738,0.081,549.783,509.45,32688.262,21217.957,14787.692,2017,May,Friday,9
3322,2017-05-19 10:00:00,22.267,55.215,0.08,654.0,247.65,34717.377,22441.486,16094.575,2017,May,Friday,10
3323,2017-05-19 11:00:00,23.105,55.952,0.071,675.617,305.783,35772.852,23369.04,17088.583,2017,May,Friday,11
3324,2017-05-19 12:00:00,23.19,59.812,0.071,853.917,162.567,33972.459,22700.31,17183.806,2017,May,Friday,12
3325,2017-05-19 13:00:00,22.902,62.837,0.07,895.833,127.583,34064.787,22293.498,17117.733,2017,May,Friday,13
3326,2017-05-19 14:00:00,22.693,64.382,0.07,763.95,201.3,33703.869,22113.932,17070.121,2017,May,Friday,14
3327,2017-05-19 15:00:00,22.428,66.755,0.07,778.333,161.333,32539.279,21666.254,16566.802,2017,May,Friday,15
3328,2017-05-19 16:00:00,22.528,66.497,0.069,642.183,130.367,32291.672,20859.443,16157.733,2017,May,Friday,16
3329,2017-05-19 17:00:00,21.182,75.117,0.068,415.917,210.083,32123.803,20343.034,16319.028,2017,May,Friday,17
3330,2017-05-19 18:00:00,20.847,77.367,0.068,212.65,143.267,33384.918,20965.325,17096.356,2017,May,Friday,18
3331,2017-05-19 19:00:00,20.372,79.967,0.07,83.058,68.68,39961.18,24340.557,23118.704,2017,May,Friday,19
3332,2017-05-19 20:00:00,19.88,83.467,0.068,3.114,2.487,44917.508,26250.774,25887.935,2017,May,Friday,20
3333,2017-05-19 21:00:00,19.742,84.917,0.068,0.046,0.112,44428.59,25216.718,25753.846,2017,May,Friday,21
3334,2017-05-19 22:00:00,19.532,86.767,0.067,0.058,0.112,40288.525,23342.415,24240.0,2017,May,Friday,22
3335,2017-05-19 23:00:00,19.147,88.083,0.068,0.062,0.115,33873.836,20370.898,20701.215,2017,May,Friday,23
3336,2017-05-20 00:00:00,18.135,88.617,0.069,0.05,0.13,28993.049,17528.793,17954.332,2017,May,Saturday,0
3337,2017-05-20 01:00:00,18.757,87.9,0.068,0.051,0.14,26735.213,15622.291,16343.32,2017,May,Saturday,1
3338,2017-05-20 02:00:00,18.798,87.45,0.068,0.06,0.139,25444.721,14749.845,15508.664,2017,May,Saturday,2
3339,2017-05-20 03:00:00,18.682,86.8,0.065,0.058,0.12,25562.23,14941.796,15667.045,2017,May,Saturday,3
3340,2017-05-20 04:00:00,18.587,86.717,0.066,0.049,0.144,24452.197,13922.601,14862.51,2017,May,Saturday,4
3341,2017-05-20 05:00:00,18.592,86.1,0.066,0.092,0.157,21308.852,12185.759,11350.931,2017,May,Saturday,5
3342,2017-05-20 06:00:00,18.482,85.817,0.069,16.726,13.843,23044.197,13154.799,11156.599,2017,May,Saturday,6
3343,2017-05-20 07:00:00,18.827,85.683,0.067,152.133,135.607,25602.098,15181.424,12062.186,2017,May,Saturday,7
3344,2017-05-20 08:00:00,19.493,81.9,0.068,305.417,269.1,28846.164,17728.793,14054.089,2017,May,Saturday,8
3345,2017-05-20 09:00:00,20.195,77.117,0.069,502.9,447.083,32493.115,19780.805,15847.773,2017,May,Saturday,9
3346,2017-05-20 10:00:00,20.878,73.817,0.068,746.083,227.517,34494.951,21328.793,16883.563,2017,May,Saturday,10
3347,2017-05-20 11:00:00,21.585,67.6,0.07,828.167,95.9,35067.803,21729.412,17788.178,2017,May,Saturday,11
3348,2017-05-20 12:00:00,21.627,66.783,0.07,887.833,110.0,35317.508,21629.102,18883.239,2017,May,Saturday,12
3349,2017-05-20 13:00:00,21.787,64.32,0.07,923.833,178.733,35032.131,21102.786,18985.263,2017,May,Saturday,13
3350,2017-05-20 14:00:00,21.873,64.653,0.07,858.5,118.0,34169.705,20393.808,18401.296,2017,May,Saturday,14
3351,2017-05-20 15:00:00,22.11,59.15,0.069,771.5,82.463,33336.656,19661.92,18037.895,2017,May,Saturday,15
3352,2017-05-20 16:00:00,21.825,56.102,0.07,628.467,58.66,32014.689,19848.297,17837.733,2017,May,Saturday,16
3353,2017-05-20 17:00:00,21.653,54.617,0.071,457.067,48.97,31238.295,20133.746,17987.368,2017,May,Saturday,17
3354,2017-05-20 18:00:00,20.81,63.108,0.071,268.133,86.913,32211.934,20830.96,18660.729,2017,May,Saturday,18
3355,2017-05-20 19:00:00,19.928,69.07,0.071,97.578,101.407,38849.049,25160.372,24270.121,2017,May,Saturday,19
3356,2017-05-20 20:00:00,19.143,74.333,0.07,6.249,5.511,44359.344,26804.954,26572.955,2017,May,Saturday,20
3357,2017-05-20 21:00:00,18.738,77.617,0.069,0.065,0.096,43198.951,26369.659,26479.676,2017,May,Saturday,21
3358,2017-05-20 22:00:00,18.432,79.467,0.069,0.049,0.124,40787.934,24951.084,24880.324,2017,May,Saturday,22
3359,2017-05-20 23:00:00,18.28,79.067,0.068,0.057,0.132,37611.016,21233.437,22193.684,2017,May,Saturday,23
3360,2017-05-21 00:00:00,18.083,81.3,0.068,0.06,0.111,32581.246,16824.149,18338.138,2017,May,Sunday,0
3361,2017-05-21 01:00:00,17.84,82.383,0.07,0.061,0.132,28936.393,14598.762,15719.514,2017,May,Sunday,1
3362,2017-05-21 02:00:00,17.713,81.833,0.068,0.05,0.108,27312.262,13523.839,15736.032,2017,May,Sunday,2
3363,2017-05-21 03:00:00,17.54,80.267,0.07,0.052,0.138,27194.754,13295.356,15512.551,2017,May,Sunday,3
3364,2017-05-21 04:00:00,17.42,78.217,0.069,0.056,0.143,25604.197,12485.449,14586.559,2017,May,Sunday,4
3365,2017-05-21 05:00:00,17.647,79.533,0.069,0.132,0.201,21741.115,9915.17,10995.304,2017,May,Sunday,5
3366,2017-05-21 06:00:00,17.747,79.633,0.068,19.147,16.825,22284.59,9686.687,10379.271,2017,May,Sunday,6
3367,2017-05-21 07:00:00,18.115,75.75,0.07,145.902,136.07,23260.328,10624.149,11402.429,2017,May,Sunday,7
3368,2017-05-21 08:00:00,19.047,71.967,0.07,267.217,247.7,26061.639,12600.619,13320.486,2017,May,Sunday,8
3369,2017-05-21 09:00:00,19.392,72.25,0.07,429.7,399.467,28321.574,15921.362,14990.769,2017,May,Sunday,9
3370,2017-05-21 10:00:00,20.032,68.16,0.07,607.433,229.2,31569.836,17686.687,16662.024,2017,May,Sunday,10
3371,2017-05-21 11:00:00,20.752,61.32,0.071,828.5,109.283,32942.164,18333.746,17543.32,2017,May,Sunday,11
3372,2017-05-21 12:00:00,21.088,61.133,0.07,916.0,97.3,33420.59,18774.613,18336.194,2017,May,Sunday,12
3373,2017-05-21 13:00:00,20.982,64.982,0.07,949.333,120.433,33494.033,18715.17,18567.449,2017,May,Sunday,13
3374,2017-05-21 14:00:00,21.248,62.892,0.071,891.167,102.8,32451.148,18688.545,18035.951,2017,May,Sunday,14
3375,2017-05-21 15:00:00,20.842,62.005,0.07,786.833,87.983,32102.82,18266.873,17775.547,2017,May,Sunday,15
3376,2017-05-21 16:00:00,20.832,60.403,0.07,645.033,84.27,31242.492,17800.619,17470.445,2017,May,Sunday,16
3377,2017-05-21 17:00:00,20.785,59.03,0.071,460.85,61.603,30902.557,17362.848,17266.397,2017,May,Sunday,17
3378,2017-05-21 18:00:00,20.382,57.755,0.072,267.117,97.767,31720.918,17956.037,17681.296,2017,May,Sunday,18
3379,2017-05-21 19:00:00,19.742,58.565,0.071,97.407,102.487,38773.508,22007.43,23561.781,2017,May,Sunday,19
3380,2017-05-21 20:00:00,18.982,64.565,0.074,6.477,5.85,43885.115,25011.765,26482.591,2017,May,Sunday,20
3381,2017-05-21 21:00:00,18.445,68.787,0.071,0.068,0.081,44073.967,24943.034,26176.518,2017,May,Sunday,21
3382,2017-05-21 22:00:00,18.025,73.083,0.07,0.049,0.093,41088.0,24057.585,24478.057,2017,May,Sunday,22
3383,2017-05-21 23:00:00,17.887,74.833,0.07,0.05,0.109,35204.197,21495.975,21165.668,2017,May,Sunday,23
3384,2017-05-22 00:00:00,17.703,76.317,0.068,0.054,0.118,30077.902,18786.997,18097.166,2017,May,Monday,0
3385,2017-05-22 01:00:00,17.728,76.95,0.068,0.051,0.107,26936.656,16448.916,15862.348,2017,May,Monday,1
3386,2017-05-22 02:00:00,17.535,78.7,0.067,0.06,0.102,25595.803,15473.684,14996.599,2017,May,Monday,2
3387,2017-05-22 03:00:00,17.257,80.367,0.069,0.057,0.135,25637.77,15508.359,15132.632,2017,May,Monday,3
3388,2017-05-22 04:00:00,17.358,80.733,0.071,0.062,0.119,24049.311,14691.022,14149.312,2017,May,Monday,4
3389,2017-05-22 05:00:00,17.662,80.083,0.07,0.102,0.16,20385.574,12780.186,10801.943,2017,May,Monday,5
3390,2017-05-22 06:00:00,17.772,78.8,0.068,21.17,17.718,21644.59,13425.387,10746.559,2017,May,Monday,6
3391,2017-05-22 07:00:00,18.223,77.9,0.069,164.147,147.497,25222.295,15517.028,11710.445,2017,May,Monday,7
3392,2017-05-22 08:00:00,18.997,70.235,0.07,374.15,343.033,28155.803,17947.988,13270.931,2017,May,Monday,8
3393,2017-05-22 09:00:00,19.422,67.145,0.072,421.233,369.9,31307.541,20345.511,15113.198,2017,May,Monday,9
3394,2017-05-22 10:00:00,20.16,61.828,0.071,694.233,266.6,34574.689,22058.824,15972.146,2017,May,Monday,10
3395,2017-05-22 11:00:00,20.352,60.643,0.072,790.0,155.317,36740.197,23826.006,16178.138,2017,May,Monday,11
3396,2017-05-22 12:00:00,20.913,59.938,0.07,881.833,179.65,37531.279,24274.303,16677.571,2017,May,Monday,12
3397,2017-05-22 13:00:00,21.138,62.335,0.071,816.467,306.25,37472.525,24323.22,17042.915,2017,May,Monday,13
3398,2017-05-22 14:00:00,20.862,63.947,0.071,612.017,351.483,36815.738,24641.486,16706.721,2017,May,Monday,14
3399,2017-05-22 15:00:00,20.477,67.167,0.072,452.733,258.333,36255.475,23292.26,17721.134,2017,May,Monday,15
3400,2017-05-22 16:00:00,19.817,70.79,0.07,188.117,138.418,35518.951,22773.375,17572.47,2017,May,Monday,16
3401,2017-05-22 17:00:00,18.982,79.4,0.069,72.457,56.078,35023.738,21838.39,17374.251,2017,May,Monday,17
3402,2017-05-22 18:00:00,18.727,79.167,0.07,48.958,38.39,35701.508,22227.245,18358.543,2017,May,Monday,18
3403,2017-05-22 19:00:00,18.465,80.05,0.069,20.65,16.455,42256.787,25394.427,23531.66,2017,May,Monday,19
3404,2017-05-22 20:00:00,18.342,78.95,0.071,1.819,1.395,47326.426,28131.269,26390.283,2017,May,Monday,20
3405,2017-05-22 21:00:00,18.437,74.683,0.07,0.052,0.115,46338.098,27289.783,26116.275,2017,May,Monday,21
3406,2017-05-22 22:00:00,18.295,77.817,0.069,0.059,0.09,42344.918,25523.22,24486.802,2017,May,Monday,22
3407,2017-05-22 23:00:00,18.108,81.633,0.069,0.047,0.123,36020.459,22297.214,20885.83,2017,May,Monday,23
3408,2017-05-23 00:00:00,17.963,83.6,0.067,0.052,0.126,30999.082,19196.904,18106.883,2017,May,Tuesday,0
3409,2017-05-23 01:00:00,16.883,83.25,0.067,0.042,0.136,27715.148,17300.929,16494.899,2017,May,Tuesday,1
3410,2017-05-23 02:00:00,15.747,81.533,0.069,0.043,0.14,26139.279,15993.808,15480.486,2017,May,Tuesday,2
3411,2017-05-23 03:00:00,15.402,86.483,0.07,0.04,0.156,26374.295,16081.734,15195.789,2017,May,Tuesday,3
3412,2017-05-23 04:00:00,14.907,88.917,0.072,0.032,0.143,24668.328,15230.341,14247.449,2017,May,Tuesday,4
3413,2017-05-23 05:00:00,14.575,91.05,0.068,0.057,0.114,21302.557,12986.378,11074.008,2017,May,Tuesday,5
3414,2017-05-23 06:00:00,14.695,90.483,0.068,5.628,4.538,22326.557,13622.291,10981.7,2017,May,Tuesday,6
3415,2017-05-23 07:00:00,15.43,87.033,0.068,32.055,25.42,25566.426,15941.176,11755.142,2017,May,Tuesday,7
3416,2017-05-23 08:00:00,15.928,83.9,0.069,133.35,106.45,28879.738,18448.297,13222.348,2017,May,Tuesday,8
3417,2017-05-23 09:00:00,16.483,75.65,0.071,118.9,96.967,32232.918,20758.514,15106.397,2017,May,Tuesday,9
3418,2017-05-23 10:00:00,16.868,73.467,0.07,166.867,132.733,35258.754,21904.644,16900.081,2017,May,Tuesday,10
3419,2017-05-23 11:00:00,17.633,69.633,1.393,296.7,237.5,36878.689,22669.35,17525.83,2017,May,Tuesday,11
3420,2017-05-23 12:00:00,19.165,62.683,4.925,932.367,297.417,37428.459,23223.529,17716.275,2017,May,Tuesday,12
3421,2017-05-23 13:00:00,20.152,56.522,4.924,785.617,315.717,36736.0,22684.211,18416.842,2017,May,Tuesday,13
3422,2017-05-23 14:00:00,20.087,57.918,4.922,669.567,321.033,36012.066,22792.57,18155.466,2017,May,Tuesday,14
3423,2017-05-23 15:00:00,20.34,55.895,4.923,697.15,268.233,35518.951,22823.529,18009.717,2017,May,Tuesday,15
3424,2017-05-23 16:00:00,20.06,58.475,4.921,442.817,213.3,35298.623,22648.916,18355.628,2017,May,Tuesday,16
3425,2017-05-23 17:00:00,19.77,58.947,4.922,276.517,189.5,34981.77,22331.889,18238.057,2017,May,Tuesday,17
3426,2017-05-23 18:00:00,20.137,56.343,4.923,202.0,164.683,36398.164,23149.226,19214.575,2017,May,Tuesday,18
3427,2017-05-23 19:00:00,18.848,64.583,4.923,79.943,71.485,42451.934,26404.334,24097.166,2017,May,Tuesday,19
3428,2017-05-23 20:00:00,18.087,69.712,4.921,4.981,3.972,47055.738,28508.359,26274.656,2017,May,Tuesday,20
3429,2017-05-23 21:00:00,17.81,70.717,4.924,0.052,0.105,45872.262,27847.678,26138.623,2017,May,Tuesday,21
3430,2017-05-23 22:00:00,17.538,69.312,4.923,0.046,0.119,41883.279,26055.108,24578.138,2017,May,Tuesday,22
3431,2017-05-23 23:00:00,17.358,69.022,4.923,0.047,0.133,35959.607,22957.895,21035.466,2017,May,Tuesday,23
3432,2017-05-24 00:00:00,17.277,71.7,4.924,0.043,0.135,30782.951,19780.805,17656.032,2017,May,Wednesday,0
3433,2017-05-24 01:00:00,17.127,74.083,4.923,0.063,0.122,27658.492,17667.492,16050.85,2017,May,Wednesday,1
3434,2017-05-24 02:00:00,16.945,75.767,4.92,0.056,0.123,26095.213,16593.189,15326.964,2017,May,Wednesday,2
3435,2017-05-24 03:00:00,16.887,76.55,4.921,0.051,0.132,25774.164,16311.455,15179.271,2017,May,Wednesday,3
3436,2017-05-24 04:00:00,16.647,78.25,4.921,0.054,0.137,24548.721,15325.697,14215.385,2017,May,Wednesday,4
3437,2017-05-24 05:00:00,16.762,78.5,4.921,0.084,0.151,21281.574,13297.214,10985.587,2017,May,Wednesday,5
3438,2017-05-24 06:00:00,17.172,79.4,1.498,5.08,4.214,21988.721,13696.594,10857.328,2017,May,Wednesday,6
3439,2017-05-24 07:00:00,16.66,81.2,3.203,18.98,15.145,25142.557,15854.489,11911.579,2017,May,Wednesday,7
3440,2017-05-24 08:00:00,16.645,83.533,4.92,294.803,266.622,28103.344,18204.954,12715.142,2017,May,Wednesday,8
3441,2017-05-24 09:00:00,17.965,79.05,4.922,256.083,231.183,31318.033,20035.913,14558.381,2017,May,Wednesday,9
3442,2017-05-24 10:00:00,17.588,80.067,4.922,233.333,186.05,34381.639,21746.749,16412.308,2017,May,Wednesday,10
3443,2017-05-24 11:00:00,17.945,77.1,4.921,312.517,245.35,35934.426,23066.873,17200.324,2017,May,Wednesday,11
3444,2017-05-24 12:00:00,17.295,81.35,4.922,272.35,207.633,36828.328,23794.427,17268.34,2017,May,Wednesday,12
3445,2017-05-24 13:00:00,18.065,75.95,4.922,335.717,261.633,36616.393,23353.56,18054.413,2017,May,Wednesday,13
3446,2017-05-24 14:00:00,18.217,73.567,4.922,225.917,178.867,35819.016,23271.207,17921.296,2017,May,Wednesday,14
3447,2017-05-24 15:00:00,18.225,70.578,4.923,123.867,99.233,35057.311,23385.759,18063.158,2017,May,Wednesday,15
3448,2017-05-24 16:00:00,18.79,68.777,4.924,257.9,200.183,34857.967,22800.619,18071.903,2017,May,Wednesday,16
3449,2017-05-24 17:00:00,19.455,65.722,4.923,328.1,124.4,34620.852,22105.263,17641.457,2017,May,Wednesday,17
3450,2017-05-24 18:00:00,20.012,63.335,4.921,223.258,174.068,35661.639,22208.669,18319.676,2017,May,Wednesday,18
3451,2017-05-24 19:00:00,19.847,65.588,4.923,36.005,30.24,41809.836,25609.288,23568.583,2017,May,Wednesday,19
3452,2017-05-24 20:00:00,18.722,73.7,4.923,5.17,4.181,47024.262,28696.594,26233.846,2017,May,Wednesday,20
3453,2017-05-24 21:00:00,18.198,77.95,4.92,0.06,0.107,45914.23,27969.04,26310.607,2017,May,Wednesday,21
3454,2017-05-24 22:00:00,17.797,80.833,4.922,0.054,0.134,42191.738,25917.028,24810.364,2017,May,Wednesday,22
3455,2017-05-24 23:00:00,17.713,83.133,4.92,0.048,0.144,36658.361,22899.69,21272.551,2017,May,Wednesday,23
3456,2017-05-25 00:00:00,17.405,84.8,4.918,0.046,0.138,30955.016,19791.95,18483.887,2017,May,Thursday,0
3457,2017-05-25 01:00:00,17.107,84.55,4.92,0.06,0.122,27717.246,17649.536,16591.093,2017,May,Thursday,1
3458,2017-05-25 02:00:00,17.148,85.217,4.919,0.049,0.151,26233.705,16510.217,15589.312,2017,May,Thursday,2
3459,2017-05-25 03:00:00,16.43,86.383,4.919,0.048,0.136,25826.623,16191.95,15524.211,2017,May,Thursday,3
3460,2017-05-25 04:00:00,15.032,88.05,4.921,0.052,0.129,24385.049,15159.133,14600.162,2017,May,Thursday,4
3461,2017-05-25 05:00:00,14.205,89.017,4.918,0.179,0.228,20872.393,12771.517,11080.81,2017,May,Thursday,5
3462,2017-05-25 06:00:00,13.923,89.267,4.92,35.435,31.098,21810.361,13348.607,10331.66,2017,May,Thursday,6
3463,2017-05-25 07:00:00,15.353,89.217,4.917,164.533,148.283,25469.902,15663.777,11408.259,2017,May,Thursday,7
3464,2017-05-25 08:00:00,17.157,87.667,4.916,207.55,168.967,28636.328,18329.412,12825.911,2017,May,Thursday,8
3465,2017-05-25 09:00:00,18.638,81.367,4.918,569.817,540.917,31074.623,20247.059,14858.623,2017,May,Thursday,9
3466,2017-05-25 10:00:00,19.793,73.283,4.92,731.133,406.917,33515.016,21277.399,17518.057,2017,May,Thursday,10
3467,2017-05-25 11:00:00,20.47,69.867,4.92,832.333,70.203,36475.803,20467.492,19247.611,2017,May,Thursday,11
3468,2017-05-25 12:00:00,20.96,67.853,4.922,890.0,62.798,37380.197,20796.285,19838.381,2017,May,Thursday,12
3469,2017-05-25 13:00:00,21.705,65.135,4.921,899.0,57.57,36884.984,20477.399,20331.984,2017,May,Thursday,13
3470,2017-05-25 14:00:00,21.757,64.045,4.919,858.0,53.807,36372.984,21132.508,19209.717,2017,May,Thursday,14
3471,2017-05-25 15:00:00,22.022,61.505,4.917,770.667,48.195,35789.639,22469.35,18003.887,2017,May,Thursday,15
3472,2017-05-25 16:00:00,22.255,58.958,4.918,639.483,43.905,36666.754,22012.384,17953.36,2017,May,Thursday,16
3473,2017-05-25 17:00:00,21.975,60.572,4.918,470.983,51.818,36049.836,21129.412,17672.551,2017,May,Thursday,17
3474,2017-05-25 18:00:00,21.442,61.883,4.917,281.283,262.15,35701.508,21298.452,18126.316,2017,May,Thursday,18
3475,2017-05-25 19:00:00,20.722,67.733,4.92,107.798,116.43,41908.459,25634.056,23333.441,2017,May,Thursday,19
3476,2017-05-25 20:00:00,19.638,76.417,4.922,8.668,7.993,47649.574,29023.529,27052.955,2017,May,Thursday,20
3477,2017-05-25 21:00:00,18.855,80.733,4.922,0.053,0.076,46816.525,28443.963,26748.826,2017,May,Thursday,21
3478,2017-05-25 22:00:00,17.477,84.717,4.92,0.052,0.111,43895.607,26734.365,25136.842,2017,May,Thursday,22
3479,2017-05-25 23:00:00,16.795,87.1,4.92,0.044,0.122,38574.164,23476.161,22298.623,2017,May,Thursday,23
3480,2017-05-26 00:00:00,16.368,88.583,4.919,0.055,0.133,32923.279,20282.972,19544.939,2017,May,Friday,0
3481,2017-05-26 01:00:00,15.865,89.35,4.919,0.054,0.138,28856.656,18030.341,16922.429,2017,May,Friday,1
3482,2017-05-26 02:00:00,15.597,90.15,4.919,0.06,0.117,27060.459,16679.876,15802.105,2017,May,Friday,2
3483,2017-05-26 03:00:00,16.165,90.8,4.916,0.045,0.153,26527.475,16621.053,15660.243,2017,May,Friday,3
3484,2017-05-26 04:00:00,16.29,91.117,4.917,0.046,0.144,24951.607,15335.604,14606.964,2017,May,Friday,4
3485,2017-05-26 05:00:00,16.353,91.05,4.917,0.135,0.21,21086.426,13125.697,11401.457,2017,May,Friday,5
3486,2017-05-26 06:00:00,16.432,90.15,4.917,17.452,14.436,21734.82,13835.913,10719.352,2017,May,Friday,6
3487,2017-05-26 07:00:00,16.922,89.567,4.918,90.607,74.813,25098.492,15946.13,11497.652,2017,May,Friday,7
3488,2017-05-26 08:00:00,17.658,88.6,4.921,251.467,213.283,28080.262,18325.697,12745.263,2017,May,Friday,8
3489,2017-05-26 09:00:00,19.092,83.083,4.92,557.45,537.9,31611.803,20746.13,14632.227,2017,May,Friday,9
3490,2017-05-26 10:00:00,19.577,78.5,4.92,716.533,432.333,35151.738,21902.167,16049.879,2017,May,Friday,10
3491,2017-05-26 11:00:00,21.03,71.273,4.922,837.333,59.422,36601.705,23071.827,17017.652,2017,May,Friday,11
3492,2017-05-26 12:00:00,22.042,65.123,4.923,896.833,51.858,36326.82,23402.477,17712.389,2017,May,Friday,12
3493,2017-05-26 13:00:00,21.94,67.0,4.921,905.333,55.847,36834.623,23451.393,18102.996,2017,May,Friday,13
3494,2017-05-26 14:00:00,22.122,68.0,4.916,865.667,58.182,36156.852,23622.291,17525.83,2017,May,Friday,14
3495,2017-05-26 15:00:00,21.788,70.757,4.919,773.167,65.79,35552.525,23575.232,17455.87,2017,May,Friday,15
3496,2017-05-26 16:00:00,21.825,71.917,4.922,631.517,79.715,35430.82,23058.824,17079.838,2017,May,Friday,16
3497,2017-05-26 17:00:00,21.642,72.05,4.92,475.533,125.86,34887.344,22222.91,16540.567,2017,May,Friday,17
3498,2017-05-26 18:00:00,21.315,74.9,4.917,279.633,294.15,35241.967,22082.353,17060.405,2017,May,Friday,18
3499,2017-05-26 19:00:00,20.793,78.7,4.919,108.632,115.112,41341.902,25389.474,22869.96,2017,May,Friday,19
3500,2017-05-26 20:00:00,19.91,82.933,4.92,8.477,7.767,47733.508,28826.625,26751.741,2017,May,Friday,20
3501,2017-05-26 21:00:00,19.515,83.95,4.922,0.049,0.114,47196.328,28302.786,26926.64,2017,May,Friday,21
3502,2017-05-26 22:00:00,19.318,85.65,4.92,0.055,0.114,45469.377,27307.74,26003.563,2017,May,Friday,22
3503,2017-05-26 23:00:00,18.738,87.85,4.92,0.047,0.137,41155.148,25088.545,23567.611,2017,May,Friday,23
3504,2017-05-27 00:00:00,18.048,88.55,4.92,0.054,0.126,36224.0,22342.415,21284.211,2017,May,Saturday,0
3505,2017-05-27 01:00:00,18.852,88.883,4.919,0.055,0.139,34392.131,20699.69,20491.336,2017,May,Saturday,1
3506,2017-05-27 02:00:00,18.872,90.117,4.918,0.05,0.142,36895.475,21835.294,21448.421,2017,May,Saturday,2
3507,2017-05-27 03:00:00,18.585,90.233,4.919,0.055,0.13,32877.115,19609.288,18268.178,2017,May,Saturday,3
3508,2017-05-27 04:00:00,18.392,90.15,4.919,0.047,0.139,26116.197,15663.158,14495.223,2017,May,Saturday,4
3509,2017-05-27 05:00:00,18.433,89.683,4.918,0.167,0.216,21929.967,13029.102,10475.466,2017,May,Saturday,5
3510,2017-05-27 06:00:00,18.647,90.317,4.916,14.109,11.351,21801.967,12539.938,9892.47,2017,May,Saturday,6
3511,2017-05-27 07:00:00,18.848,90.783,4.916,74.637,59.317,22479.738,13588.235,10578.462,2017,May,Saturday,7
3512,2017-05-27 08:00:00,19.307,88.717,4.92,216.767,179.633,24122.754,15211.146,11103.158,2017,May,Saturday,8
3513,2017-05-27 09:00:00,20.382,81.75,4.92,577.533,550.3,27159.082,16803.715,12578.138,2017,May,Saturday,9
3514,2017-05-27 10:00:00,20.968,77.7,4.924,698.633,546.2,30459.803,19280.495,14258.138,2017,May,Saturday,10
3515,2017-05-27 11:00:00,21.323,75.517,4.926,825.9,278.017,33470.951,20723.22,15927.449,2017,May,Saturday,11
3516,2017-05-27 12:00:00,21.543,73.183,4.922,839.833,350.767,34925.115,21582.663,17055.547,2017,May,Saturday,12
3517,2017-05-27 13:00:00,21.747,71.183,4.92,694.267,296.8,35111.869,21998.762,17938.785,2017,May,Saturday,13
3518,2017-05-27 14:00:00,22.012,69.147,4.922,848.167,179.383,35401.443,21604.954,18411.012,2017,May,Saturday,14
3519,2017-05-27 15:00:00,22.032,70.383,4.92,761.833,136.633,35372.066,21510.836,18132.146,2017,May,Saturday,15
3520,2017-05-27 16:00:00,21.968,70.197,4.921,617.267,115.8,34308.197,21951.084,18494.575,2017,May,Saturday,16
3521,2017-05-27 17:00:00,21.585,70.867,4.918,457.6,170.833,36270.164,22400.0,19077.571,2017,May,Saturday,17
3522,2017-05-27 18:00:00,21.342,73.567,4.919,300.35,292.5,39795.41,24426.006,21242.429,2017,May,Saturday,18
3523,2017-05-27 19:00:00,20.615,79.083,3.675,99.722,92.735,45769.443,27973.375,26512.713,2017,May,Saturday,19
3524,2017-05-27 20:00:00,19.868,82.817,0.069,6.895,5.77,45213.377,27179.567,26736.194,2017,May,Saturday,20
3525,2017-05-27 21:00:00,19.593,84.25,0.07,0.062,0.082,43507.41,25668.731,25954.98,2017,May,Saturday,21
3526,2017-05-27 22:00:00,19.487,85.8,0.07,0.06,0.133,42647.082,25553.56,25493.441,2017,May,Saturday,22
3527,2017-05-27 23:00:00,19.577,84.417,0.07,0.047,0.132,38970.754,24189.474,24135.061,2017,May,Saturday,23
3528,2017-05-28 00:00:00,19.348,83.183,0.072,0.054,0.14,35615.475,22079.257,22666.883,2017,May,Sunday,0
3529,2017-05-28 01:00:00,19.37,81.683,0.07,0.056,0.13,34501.246,20876.161,21657.328,2017,May,Sunday,1
3530,2017-05-28 02:00:00,19.53,79.3,0.074,0.053,0.127,37925.77,21966.563,22740.729,2017,May,Sunday,2
3531,2017-05-28 03:00:00,19.525,79.4,0.08,0.06,0.125,32562.361,19227.864,18985.263,2017,May,Sunday,3
3532,2017-05-28 04:00:00,19.318,79.883,0.077,0.053,0.119,25623.082,15000.0,15038.381,2017,May,Sunday,4
3533,2017-05-28 05:00:00,18.993,80.65,0.07,0.067,0.12,21151.475,12016.099,11128.421,2017,May,Sunday,5
3534,2017-05-28 06:00:00,18.992,80.0,0.074,10.357,8.194,20782.164,11138.08,10333.603,2017,May,Sunday,6
3535,2017-05-28 07:00:00,19.5,77.717,0.076,65.653,52.898,21015.082,11655.108,10573.603,2017,May,Sunday,7
3536,2017-05-28 08:00:00,20.217,75.577,0.08,114.917,91.817,21986.623,12246.44,11085.668,2017,May,Sunday,8
3537,2017-05-28 09:00:00,21.765,68.158,0.08,180.067,144.233,23560.393,13186.378,12078.704,2017,May,Sunday,9
3538,2017-05-28 10:00:00,21.698,68.785,0.075,286.067,213.75,26540.066,14805.573,14004.534,2017,May,Sunday,10
3539,2017-05-28 11:00:00,22.223,68.173,0.069,547.7,301.217,29513.443,16622.91,15422.186,2017,May,Sunday,11
3540,2017-05-28 12:00:00,23.262,64.058,0.071,797.2,348.767,31397.77,18197.523,16490.04,2017,May,Sunday,12
3541,2017-05-28 13:00:00,23.915,60.698,0.07,641.15,319.95,32847.738,18920.743,17245.02,2017,May,Sunday,13
3542,2017-05-28 14:00:00,24.76,57.745,0.07,800.883,324.017,32654.689,19017.337,17694.899,2017,May,Sunday,14
3543,2017-05-28 15:00:00,25.182,56.247,0.071,604.317,204.533,32707.148,19302.167,17892.146,2017,May,Sunday,15
3544,2017-05-28 16:00:00,25.492,55.885,0.074,397.983,185.333,33747.934,19908.978,18020.405,2017,May,Sunday,16
3545,2017-05-28 17:00:00,27.25,44.672,0.081,470.083,178.283,36356.197,21323.839,20070.607,2017,May,Sunday,17
3546,2017-05-28 18:00:00,26.398,47.058,0.078,262.117,265.133,39952.787,23806.811,22468.664,2017,May,Sunday,18
3547,2017-05-28 19:00:00,25.22,51.597,0.077,96.018,97.243,43778.098,26091.641,25874.332,2017,May,Sunday,19
3548,2017-05-28 20:00:00,23.988,55.617,0.078,7.638,6.797,43849.443,25699.69,26953.846,2017,May,Sunday,20
3549,2017-05-28 21:00:00,23.352,58.258,0.078,0.082,0.085,42164.459,25088.545,25660.567,2017,May,Sunday,21
3550,2017-05-28 22:00:00,23.037,59.34,0.079,0.075,0.086,41541.246,25691.022,24685.02,2017,May,Sunday,22
3551,2017-05-28 23:00:00,22.63,60.412,0.08,0.082,0.082,39201.574,24013.622,23157.571,2017,May,Sunday,23
3552,2017-05-29 00:00:00,22.207,60.498,0.078,0.07,0.11,35795.934,22148.607,21849.717,2017,May,Monday,0
3553,2017-05-29 01:00:00,22.1,59.752,0.078,0.074,0.108,34576.787,21321.981,21237.571,2017,May,Monday,1
3554,2017-05-29 02:00:00,20.768,63.992,0.078,0.068,0.128,37472.525,22006.811,21855.547,2017,May,Monday,2
3555,2017-05-29 03:00:00,21.022,62.62,0.078,0.062,0.083,32715.541,19447.059,18415.87,2017,May,Monday,3
3556,2017-05-29 04:00:00,19.69,66.607,0.078,0.066,0.096,26351.213,15784.52,14815.87,2017,May,Monday,4
3557,2017-05-29 05:00:00,19.105,70.023,0.076,0.218,0.24,21940.459,13346.749,10797.085,2017,May,Monday,5
3558,2017-05-29 06:00:00,19.267,71.018,0.077,36.977,31.691,21669.77,13518.266,10201.457,2017,May,Monday,6
3559,2017-05-29 07:00:00,19.732,71.933,0.077,194.367,183.783,22788.197,14438.39,10456.032,2017,May,Monday,7
3560,2017-05-29 08:00:00,21.025,68.86,0.076,387.433,376.333,25364.984,16320.743,11470.445,2017,May,Monday,8
3561,2017-05-29 09:00:00,22.95,62.833,0.076,569.717,562.35,28321.574,18147.988,12465.425,2017,May,Monday,9
3562,2017-05-29 10:00:00,25.14,54.763,0.082,720.067,587.267,31385.18,19590.712,14146.397,2017,May,Monday,10
3563,2017-05-29 11:00:00,25.767,53.315,0.071,821.0,95.35,33989.246,20052.632,16355.951,2017,May,Monday,11
3564,2017-05-29 12:00:00,26.945,50.238,0.071,873.833,85.583,35357.377,20016.099,18294.413,2017,May,Monday,12
3565,2017-05-29 13:00:00,27.25,50.35,0.068,883.333,82.333,36192.525,20226.625,19664.453,2017,May,Monday,13
3566,2017-05-29 14:00:00,27.0,52.167,0.069,839.5,86.733,35787.541,21706.502,18350.769,2017,May,Monday,14
3567,2017-05-29 15:00:00,27.417,50.03,0.068,743.383,91.517,35407.738,21764.087,18184.615,2017,May,Monday,15
3568,2017-05-29 16:00:00,27.518,48.693,2.32,619.267,83.833,34832.787,21814.241,18464.453,2017,May,Monday,16
3569,2017-05-29 17:00:00,27.968,46.668,4.923,451.917,147.75,35751.869,21715.17,19084.372,2017,May,Monday,17
3570,2017-05-29 18:00:00,27.39,48.572,4.922,258.083,266.867,39046.295,24287.926,21163.725,2017,May,Monday,18
3571,2017-05-29 19:00:00,26.053,51.602,4.921,98.952,100.98,44464.262,27507.74,26282.429,2017,May,Monday,19
3572,2017-05-29 20:00:00,24.818,55.303,4.92,9.491,8.694,44902.82,27206.192,26736.194,2017,May,Monday,20
3573,2017-05-29 21:00:00,22.988,62.703,4.918,0.083,0.089,43268.197,26648.297,25625.587,2017,May,Monday,21
3574,2017-05-29 22:00:00,21.778,66.912,4.922,0.088,0.082,42859.016,26547.368,25086.316,2017,May,Monday,22
3575,2017-05-29 23:00:00,20.898,69.985,4.922,0.089,0.097,39694.689,24605.573,23563.725,2017,May,Monday,23
3576,2017-05-30 00:00:00,20.3,73.667,4.926,0.09,0.093,35995.279,22497.833,21938.138,2017,May,Tuesday,0
3577,2017-05-30 01:00:00,19.185,78.583,4.924,0.068,0.112,35032.131,21633.437,21744.777,2017,May,Tuesday,1
3578,2017-05-30 02:00:00,18.593,83.083,4.922,0.069,0.122,37598.426,22285.449,22377.328,2017,May,Tuesday,2
3579,2017-05-30 03:00:00,18.32,85.667,4.921,0.059,0.14,32660.984,19678.638,18805.506,2017,May,Tuesday,3
3580,2017-05-30 04:00:00,18.4,87.467,4.922,0.061,0.129,26231.607,16079.876,15177.328,2017,May,Tuesday,4
3581,2017-05-30 05:00:00,19.192,89.367,4.921,0.106,0.167,21489.311,13396.285,10874.818,2017,May,Tuesday,5
3582,2017-05-30 06:00:00,19.19,91.183,4.92,7.836,6.074,21825.049,13229.102,10051.822,2017,May,Tuesday,6
3583,2017-05-30 07:00:00,19.267,91.75,4.918,97.492,80.47,22855.344,14363.467,10385.101,2017,May,Tuesday,7
3584,2017-05-30 08:00:00,19.688,90.267,4.923,223.117,191.717,25461.508,16027.245,11647.287,2017,May,Tuesday,8
3585,2017-05-30 09:00:00,21.215,81.95,4.922,580.883,530.3,28166.295,17288.545,12992.065,2017,May,Tuesday,9
3586,2017-05-30 10:00:00,22.342,74.1,4.923,738.767,592.883,30482.885,19121.362,14549.636,2017,May,Tuesday,10
3587,2017-05-30 11:00:00,23.797,63.255,4.922,838.833,152.233,32595.934,20316.409,15719.514,2017,May,Tuesday,11
3588,2017-05-30 12:00:00,24.505,60.195,4.926,881.333,95.117,34123.541,21011.146,16910.769,2017,May,Tuesday,12
3589,2017-05-30 13:00:00,24.91,59.483,4.923,891.0,88.2,35353.18,21988.854,17829.96,2017,May,Tuesday,13
3590,2017-05-30 14:00:00,25.187,58.715,4.921,853.333,88.967,35745.574,22156.037,17909.636,2017,May,Tuesday,14
3591,2017-05-30 15:00:00,25.635,55.263,4.921,708.683,146.317,35151.738,21647.059,17630.769,2017,May,Tuesday,15
3592,2017-05-30 16:00:00,24.578,61.118,4.918,414.6,220.067,34635.541,21468.731,17781.377,2017,May,Tuesday,16
3593,2017-05-30 17:00:00,24.02,65.072,4.922,317.15,228.667,35661.639,21917.647,18755.951,2017,May,Tuesday,17
3594,2017-05-30 18:00:00,24.062,64.365,4.922,141.433,114.3,38192.262,24041.486,21185.101,2017,May,Tuesday,18
3595,2017-05-30 19:00:00,22.872,69.523,4.922,69.848,59.438,44367.738,27675.542,26199.838,2017,May,Tuesday,19
3596,2017-05-30 20:00:00,21.962,75.083,4.922,13.898,12.529,44776.918,27359.133,26680.81,2017,May,Tuesday,20
3597,2017-05-30 21:00:00,20.955,80.0,4.922,0.071,0.107,43482.23,26656.966,25812.146,2017,May,Tuesday,21
3598,2017-05-30 22:00:00,20.403,81.467,4.922,0.072,0.127,42668.066,26249.536,24897.814,2017,May,Tuesday,22
3599,2017-05-30 23:00:00,20.352,81.267,4.924,0.067,0.112,39696.787,24816.099,23405.344,2017,May,Tuesday,23
3600,2017-05-31 00:00:00,19.78,84.217,4.92,0.063,0.126,36265.967,23042.724,21949.798,2017,May,Wednesday,0
3601,2017-05-31 01:00:00,19.667,87.183,4.917,0.063,0.115,35418.23,22239.009,21763.239,2017,May,Wednesday,1
3602,2017-05-31 02:00:00,19.287,88.717,4.918,0.057,0.142,38095.738,22924.458,22222.834,2017,May,Wednesday,2
3603,2017-05-31 03:00:00,18.658,88.917,4.92,0.073,0.117,32904.393,19986.997,18549.96,2017,May,Wednesday,3
3604,2017-05-31 04:00:00,18.505,89.0,4.917,0.06,0.124,26464.525,16429.102,15193.846,2017,May,Wednesday,4
3605,2017-05-31 05:00:00,18.502,89.083,4.917,0.128,0.177,22060.066,13546.749,11324.696,2017,May,Wednesday,5
3606,2017-05-31 06:00:00,18.207,89.433,4.918,19.275,16.092,21974.033,13354.799,10487.126,2017,May,Wednesday,6
3607,2017-05-31 07:00:00,18.08,89.067,4.917,88.945,72.98,23247.738,14323.22,10613.441,2017,May,Wednesday,7
3608,2017-05-31 08:00:00,19.095,87.35,4.919,317.1,285.433,25751.082,16035.294,11487.935,2017,May,Wednesday,8
3609,2017-05-31 09:00:00,20.675,80.867,4.92,536.383,493.717,27870.426,17723.22,12830.769,2017,May,Wednesday,9
3610,2017-05-31 10:00:00,22.092,71.632,4.923,714.9,621.183,30529.049,18693.498,14241.619,2017,May,Wednesday,10
3611,2017-05-31 11:00:00,24.068,61.865,4.922,823.0,112.617,29920.525,20497.833,15534.899,2017,May,Wednesday,11
3612,2017-05-31 12:00:00,25.39,55.857,4.924,879.833,81.917,32404.984,21516.409,16028.502,2017,May,Wednesday,12
3613,2017-05-31 13:00:00,26.083,49.255,4.919,890.833,69.808,35405.639,21553.56,17335.385,2017,May,Wednesday,13
3614,2017-05-31 14:00:00,25.173,55.432,4.92,852.0,64.823,35401.443,21595.666,17548.178,2017,May,Wednesday,14
3615,2017-05-31 15:00:00,24.832,57.133,4.92,763.667,61.087,35013.246,21191.331,17858.138,2017,May,Wednesday,15
3616,2017-05-31 16:00:00,24.313,59.278,4.923,628.617,58.793,34507.541,21238.39,18346.883,2017,May,Wednesday,16
3617,2017-05-31 17:00:00,23.9,61.513,4.92,465.867,176.692,36030.951,21966.563,19061.053,2017,May,Wednesday,17
3618,2017-05-31 18:00:00,22.615,69.627,4.92,247.5,249.967,39572.984,24378.328,21617.49,2017,May,Wednesday,18
3619,2017-05-31 19:00:00,21.74,75.067,4.92,71.61,70.45,44774.82,27435.913,26240.648,2017,May,Wednesday,19
3620,2017-05-31 20:00:00,21.28,78.35,2.351,9.929,9.152,44802.098,26896.594,27200.648,2017,May,Wednesday,20
3621,2017-05-31 21:00:00,20.718,81.983,0.068,0.087,0.075,43591.344,26173.375,26228.016,2017,May,Wednesday,21
3622,2017-05-31 22:00:00,20.183,84.683,0.071,0.07,0.104,43289.18,26014.241,25440.0,2017,May,Wednesday,22
3623,2017-05-31 23:00:00,20.122,84.983,0.072,0.06,0.128,40462.689,24492.26,23910.607,2017,May,Wednesday,23
3624,2017-06-01 00:00:00,19.805,85.85,0.073,0.074,0.124,36087.947,22864.241,22709.169,2017,June,Thursday,0
3625,2017-06-01 01:00:00,19.36,86.167,0.073,0.054,0.141,35558.146,21997.921,22533.908,2017,June,Thursday,1
3626,2017-06-01 02:00:00,19.418,86.367,0.072,0.057,0.137,38516.556,22891.06,23095.138,2017,June,Thursday,2
3627,2017-06-01 03:00:00,19.6,86.817,0.071,0.065,0.119,33303.311,20101.247,19257.108,2017,June,Thursday,3
3628,2017-06-01 04:00:00,19.288,87.117,0.073,0.063,0.116,26873.642,16655.925,15331.446,2017,June,Thursday,4
3629,2017-06-01 05:00:00,19.18,86.283,0.069,0.254,0.293,22586.49,13752.599,11545.6,2017,June,Thursday,5
3630,2017-06-01 06:00:00,19.563,86.3,0.067,41.243,33.651,22139.338,13347.193,10759.877,2017,June,Thursday,6
3631,2017-06-01 07:00:00,19.708,86.05,0.068,64.685,54.128,22900.132,14351.975,10756.923,2017,June,Thursday,7
3632,2017-06-01 08:00:00,20.252,85.083,0.068,208.033,167.533,25301.192,15835.135,11626.338,2017,June,Thursday,8
3633,2017-06-01 09:00:00,21.1,81.717,4.211,486.233,449.433,28132.45,17789.189,12936.862,2017,June,Thursday,9
3634,2017-06-01 10:00:00,21.738,78.6,4.921,729.2,669.517,30480.53,19214.345,14442.338,2017,June,Thursday,10
3635,2017-06-01 11:00:00,22.768,71.915,4.922,832.167,110.413,33415.629,20683.16,15634.708,2017,June,Thursday,11
3636,2017-06-01 12:00:00,23.747,61.487,4.922,886.5,67.222,34846.093,21441.58,16391.877,2017,June,Thursday,12
3637,2017-06-01 13:00:00,24.028,63.182,0.828,892.333,66.758,35085.563,21848.857,17233.723,2017,June,Thursday,13
3638,2017-06-01 14:00:00,23.83,58.88,0.07,855.167,58.64,35373.775,21788.358,17728.0,2017,June,Thursday,14
3639,2017-06-01 15:00:00,23.835,58.188,0.07,766.0,59.287,35263.576,21505.821,18012.554,2017,June,Thursday,15
3640,2017-06-01 16:00:00,23.64,58.6,0.07,628.483,71.89,35038.94,21296.258,18169.108,2017,June,Thursday,16
3641,2017-06-01 17:00:00,22.98,63.835,0.07,449.6,201.683,35892.98,21810.811,19000.123,2017,June,Thursday,17
3642,2017-06-01 18:00:00,22.558,71.11,0.069,264.633,264.917,39330.331,24097.921,21804.308,2017,June,Thursday,18
3643,2017-06-01 19:00:00,21.72,77.45,0.067,103.448,102.352,44749.139,27989.813,26952.862,2017,June,Thursday,19
3644,2017-06-01 20:00:00,21.088,80.367,0.069,10.806,9.716,45156.026,27640.541,27220.677,2017,June,Thursday,20
3645,2017-06-01 21:00:00,20.745,82.567,0.068,0.067,0.104,43967.152,27048.649,26288.246,2017,June,Thursday,21
3646,2017-06-01 22:00:00,20.438,85.283,0.067,0.048,0.115,43450.066,26795.426,25624.615,2017,June,Thursday,22
3647,2017-06-01 23:00:00,20.288,87.233,0.066,0.056,0.127,40964.238,25064.033,24401.723,2017,June,Thursday,23
3648,2017-06-02 00:00:00,20.137,87.683,0.066,0.067,0.111,37535.364,23762.37,23047.877,2017,June,Friday,0
3649,2017-06-02 01:00:00,20.115,87.467,0.066,0.058,0.126,36566.887,22964.033,22530.954,2017,June,Friday,1
3650,2017-06-02 02:00:00,20.342,85.433,0.069,0.06,0.123,38722.119,23580.249,23173.908,2017,June,Friday,2
3651,2017-06-02 03:00:00,20.182,85.233,0.069,0.062,0.128,33193.113,20239.085,19104.492,2017,June,Friday,3
3652,2017-06-02 04:00:00,20.227,83.817,0.07,0.062,0.132,26964.768,16935.343,15499.815,2017,June,Friday,4
3653,2017-06-02 05:00:00,20.455,83.933,0.068,0.161,0.209,22372.45,14184.2,11241.354,2017,June,Friday,5
3654,2017-06-02 06:00:00,20.358,85.6,0.067,18.7,15.068,21832.053,13799.376,10463.508,2017,June,Friday,6
3655,2017-06-02 07:00:00,20.555,84.433,0.068,113.81,99.572,23213.775,14824.116,10639.754,2017,June,Friday,7
3656,2017-06-02 08:00:00,21.395,78.8,0.069,369.917,348.067,25396.556,16524.948,11266.954,2017,June,Friday,8
3657,2017-06-02 09:00:00,22.125,71.972,0.07,560.9,539.233,27909.934,18113.514,12673.969,2017,June,Friday,9
3658,2017-06-02 10:00:00,22.718,70.7,0.07,712.733,654.633,30840.795,19747.609,14104.615,2017,June,Friday,10
3659,2017-06-02 11:00:00,22.998,69.583,0.07,819.333,165.4,32964.238,21052.391,15288.123,2017,June,Friday,11
3660,2017-06-02 12:00:00,23.378,67.657,0.07,878.667,107.65,32934.57,20935.135,16134.892,2017,June,Friday,12
3661,2017-06-02 13:00:00,23.272,69.29,0.07,895.667,134.733,34841.854,18909.356,16599.631,2017,June,Friday,13
3662,2017-06-02 14:00:00,23.195,68.268,0.07,866.833,133.967,35409.801,20050.104,17108.677,2017,June,Friday,14
3663,2017-06-02 15:00:00,23.172,69.405,0.07,773.0,121.4,36246.887,20384.407,17238.646,2017,June,Friday,15
3664,2017-06-02 16:00:00,22.82,69.773,0.07,636.633,119.95,36155.762,20441.788,17751.631,2017,June,Friday,16
3665,2017-06-02 17:00:00,22.717,70.617,0.07,463.083,211.45,38253.775,21384.823,18881.969,2017,June,Friday,17
3666,2017-06-02 18:00:00,22.192,73.2,0.068,265.833,266.9,42278.146,23655.094,21685.169,2017,June,Friday,18
3667,2017-06-02 19:00:00,21.66,77.85,0.067,107.358,109.25,46111.788,26552.183,26605.292,2017,June,Friday,19
3668,2017-06-02 20:00:00,20.962,81.983,0.07,10.64,9.871,46124.503,26442.412,27090.708,2017,June,Friday,20
3669,2017-06-02 21:00:00,20.565,84.417,0.07,0.055,0.094,44880.53,25657.796,26004.677,2017,June,Friday,21
3670,2017-06-02 22:00:00,20.503,85.7,0.066,0.054,0.123,44605.033,25430.146,25309.538,2017,June,Friday,22
3671,2017-06-02 23:00:00,20.297,85.25,0.067,0.061,0.122,42388.344,24000.624,24068.923,2017,June,Friday,23
3672,2017-06-03 00:00:00,20.433,83.117,0.068,0.054,0.126,39402.384,22672.765,23209.354,2017,June,Saturday,0
3673,2017-06-03 01:00:00,20.108,86.383,0.066,0.047,0.149,38491.126,21853.846,22895.262,2017,June,Saturday,1
3674,2017-06-03 02:00:00,19.942,88.217,0.066,0.045,0.128,40453.51,22531.809,23259.569,2017,June,Saturday,2
3675,2017-06-03 03:00:00,20.002,87.8,0.066,0.057,0.133,34757.086,19286.694,19542.646,2017,June,Saturday,3
3676,2017-06-03 04:00:00,19.928,86.183,0.066,0.058,0.124,28333.775,15491.476,15717.415,2017,June,Saturday,4
3677,2017-06-03 05:00:00,20.005,84.85,0.068,0.246,0.266,24021.192,12778.378,11496.369,2017,June,Saturday,5
3678,2017-06-03 06:00:00,19.812,84.65,0.068,33.545,29.072,23425.695,12410.395,10784.492,2017,June,Saturday,6
3679,2017-06-03 07:00:00,20.142,84.017,0.067,184.033,175.633,24046.623,13159.459,11027.692,2017,June,Saturday,7
3680,2017-06-03 08:00:00,20.797,77.783,0.069,345.433,328.733,26322.649,14464.241,11831.138,2017,June,Saturday,8
3681,2017-06-03 09:00:00,21.558,73.7,0.069,562.433,545.533,29018.278,16057.173,13437.046,2017,June,Saturday,9
3682,2017-06-03 10:00:00,22.318,69.11,0.07,727.817,690.5,32065.695,17927.027,14690.462,2017,June,Saturday,10
3683,2017-06-03 11:00:00,22.787,67.197,0.07,835.833,157.083,34617.219,19334.719,15856.246,2017,June,Saturday,11
3684,2017-06-03 12:00:00,23.162,66.523,0.071,893.667,81.2,35861.192,20249.064,17313.477,2017,June,Saturday,12
3685,2017-06-03 13:00:00,23.202,64.735,0.07,900.333,76.217,36700.397,20806.653,18378.831,2017,June,Saturday,13
3686,2017-06-03 14:00:00,23.398,61.7,0.07,857.667,74.25,36768.212,20927.027,18387.692,2017,June,Saturday,14
3687,2017-06-03 15:00:00,23.658,61.79,0.07,759.0,85.217,36537.219,20733.68,18840.615,2017,June,Saturday,15
3688,2017-06-03 16:00:00,23.143,66.263,0.069,618.05,102.283,36865.695,20844.075,18979.446,2017,June,Saturday,16
3689,2017-06-03 17:00:00,22.943,66.383,0.069,459.233,223.817,37938.013,21541.996,19838.031,2017,June,Saturday,17
3690,2017-06-03 18:00:00,22.242,69.782,0.07,268.467,266.267,41015.099,23452.391,22238.523,2017,June,Saturday,18
3691,2017-06-03 19:00:00,21.592,74.917,0.068,103.493,99.178,46671.258,26779.21,27097.6,2017,June,Saturday,19
3692,2017-06-03 20:00:00,20.962,79.367,0.069,9.656,8.19,46656.424,26094.387,27657.846,2017,June,Saturday,20
3693,2017-06-03 21:00:00,20.648,80.9,0.072,0.065,0.071,45654.04,25143.243,26909.538,2017,June,Saturday,21
3694,2017-06-03 22:00:00,20.447,82.367,0.07,0.054,0.133,45257.748,24684.823,26402.462,2017,June,Saturday,22
3695,2017-06-03 23:00:00,20.297,84.233,0.067,0.046,0.12,42528.212,23378.794,25187.446,2017,June,Saturday,23
3696,2017-06-04 00:00:00,20.118,85.533,0.067,0.057,0.128,39294.305,21790.852,23995.077,2017,June,Sunday,0
3697,2017-06-04 01:00:00,20.117,85.4,0.068,0.049,0.129,38467.815,21001.871,23691.815,2017,June,Sunday,1
3698,2017-06-04 02:00:00,20.182,84.467,0.07,0.064,0.12,40029.669,21349.272,23151.262,2017,June,Sunday,2
3699,2017-06-04 03:00:00,20.025,84.567,0.069,0.054,0.142,33875.497,17883.992,19501.292,2017,June,Sunday,3
3700,2017-06-04 04:00:00,20.263,82.55,0.069,0.054,0.127,27231.788,13834.927,15979.323,2017,June,Sunday,4
3701,2017-06-04 05:00:00,20.133,83.767,0.067,0.116,0.178,22416.954,10760.707,11778.954,2017,June,Sunday,5
3702,2017-06-04 06:00:00,19.92,86.133,0.068,8.066,6.35,21376.424,10032.848,11059.2,2017,June,Sunday,6
3703,2017-06-04 07:00:00,19.927,86.917,0.068,63.825,49.78,21247.152,10183.16,11171.446,2017,June,Sunday,7
3704,2017-06-04 08:00:00,20.418,84.017,0.069,141.083,113.083,22054.57,10760.083,11847.877,2017,June,Sunday,8
3705,2017-06-04 09:00:00,20.95,79.733,0.069,326.35,266.467,24277.616,11630.769,13213.538,2017,June,Sunday,9
3706,2017-06-04 10:00:00,21.968,73.883,0.07,606.85,497.633,26865.166,13092.723,14435.446,2017,June,Sunday,10
3707,2017-06-04 11:00:00,22.247,72.733,0.07,558.1,381.467,29033.113,15677.963,15658.338,2017,June,Sunday,11
3708,2017-06-04 12:00:00,22.597,70.487,0.07,467.667,351.2,30395.762,17254.678,16891.077,2017,June,Sunday,12
3709,2017-06-04 13:00:00,22.662,70.102,0.069,499.5,355.35,28460.927,19313.514,17884.554,2017,June,Sunday,13
3710,2017-06-04 14:00:00,22.41,72.683,0.071,318.317,252.733,28441.854,21193.347,18282.338,2017,June,Sunday,14
3711,2017-06-04 15:00:00,22.095,74.783,0.069,195.583,156.433,28819.073,21451.559,18695.877,2017,June,Sunday,15
3712,2017-06-04 16:00:00,22.077,76.017,0.068,168.683,135.1,29156.026,21912.474,18346.338,2017,June,Sunday,16
3713,2017-06-04 17:00:00,21.838,77.367,0.068,141.0,112.7,31972.45,21652.391,19722.831,2017,June,Sunday,17
3714,2017-06-04 18:00:00,21.928,76.167,0.07,170.3,135.85,37446.358,21886.902,21785.6,2017,June,Sunday,18
3715,2017-06-04 19:00:00,21.563,78.817,0.068,57.768,46.717,43365.298,25783.784,27000.123,2017,June,Sunday,19
3716,2017-06-04 20:00:00,21.098,81.05,0.071,10.169,8.349,43344.106,25437.006,27985.723,2017,June,Sunday,20
3717,2017-06-04 21:00:00,20.707,83.467,0.068,0.057,0.106,42572.715,24999.792,27140.923,2017,June,Sunday,21
3718,2017-06-04 22:00:00,20.568,85.5,0.066,0.059,0.106,42742.252,25944.699,26472.369,2017,June,Sunday,22
3719,2017-06-04 23:00:00,20.505,87.0,0.067,0.054,0.117,40745.96,25002.911,24991.508,2017,June,Sunday,23
3720,2017-06-05 00:00:00,20.605,88.233,0.066,0.051,0.131,37904.106,23397.505,23714.462,2017,June,Monday,0
3721,2017-06-05 01:00:00,20.47,89.217,0.065,0.051,0.136,37134.834,22546.778,23249.723,2017,June,Monday,1
3722,2017-06-05 02:00:00,20.382,88.383,0.066,0.052,0.133,38643.709,22786.279,23645.538,2017,June,Monday,2
3723,2017-06-05 03:00:00,20.385,87.6,0.065,0.048,0.152,33015.099,19816.84,19454.031,2017,June,Monday,3
3724,2017-06-05 04:00:00,20.22,87.583,0.066,0.052,0.125,26513.377,16340.333,16077.785,2017,June,Monday,4
3725,2017-06-05 05:00:00,19.955,89.083,0.066,0.129,0.149,22226.225,13534.927,11537.723,2017,June,Monday,5
3726,2017-06-05 06:00:00,19.968,88.933,0.067,9.335,7.548,21969.801,13304.782,10868.185,2017,June,Monday,6
3727,2017-06-05 07:00:00,20.45,87.2,0.066,80.577,64.643,23298.543,14380.665,11258.092,2017,June,Monday,7
3728,2017-06-05 08:00:00,21.292,82.9,0.069,315.533,269.8,25538.543,16157.588,11770.092,2017,June,Monday,8
3729,2017-06-05 09:00:00,21.952,78.9,0.071,378.167,311.767,28575.364,17612.682,13369.108,2017,June,Monday,9
3730,2017-06-05 10:00:00,22.44,75.233,0.07,500.733,404.15,31451.126,18904.99,14560.492,2017,June,Monday,10
3731,2017-06-05 11:00:00,23.198,70.695,0.07,700.667,404.533,34447.682,19183.784,16116.185,2017,June,Monday,11
3732,2017-06-05 12:00:00,23.643,67.578,0.069,831.0,357.967,35655.629,20103.119,17383.385,2017,June,Monday,12
3733,2017-06-05 13:00:00,23.16,70.19,0.07,468.167,311.267,31976.689,20498.545,18199.631,2017,June,Monday,13
3734,2017-06-05 14:00:00,22.487,75.367,0.069,457.95,318.817,34216.689,21837.006,18590.523,2017,June,Monday,14
3735,2017-06-05 15:00:00,22.102,77.617,0.068,211.917,165.833,35513.642,21996.674,18440.862,2017,June,Monday,15
3736,2017-06-05 16:00:00,22.02,78.917,0.068,275.067,203.8,34740.132,21765.281,18731.323,2017,June,Monday,16
3737,2017-06-05 17:00:00,21.855,78.5,0.07,170.333,130.133,35933.245,21928.067,19486.523,2017,June,Monday,17
3738,2017-06-05 18:00:00,21.827,78.6,0.069,183.667,151.167,38641.589,23855.925,21683.2,2017,June,Monday,18
3739,2017-06-05 19:00:00,21.378,82.3,0.069,53.332,42.252,44556.291,27468.399,26538.338,2017,June,Monday,19
3740,2017-06-05 20:00:00,21.065,84.833,0.07,5.031,3.991,45408.212,27148.441,27731.692,2017,June,Monday,20
3741,2017-06-05 21:00:00,20.978,85.867,0.07,0.059,0.109,44412.185,26781.081,26982.4,2017,June,Monday,21
3742,2017-06-05 22:00:00,21.04,86.15,0.071,0.057,0.127,43776.424,26717.464,26342.4,2017,June,Monday,22
3743,2017-06-05 23:00:00,20.997,86.483,0.067,0.057,0.134,41252.45,25589.189,25034.831,2017,June,Monday,23
3744,2017-06-06 00:00:00,21.027,86.667,0.068,0.053,0.132,38033.377,23766.112,23731.2,2017,June,Tuesday,0
3745,2017-06-06 01:00:00,20.942,87.5,0.064,0.048,0.118,37251.391,22894.802,23514.585,2017,June,Tuesday,1
3746,2017-06-06 02:00:00,20.905,88.183,0.068,0.04,0.148,38641.589,23174.844,23908.431,2017,June,Tuesday,2
3747,2017-06-06 03:00:00,20.778,88.967,0.065,0.048,0.127,32930.331,20196.674,20060.554,2017,June,Tuesday,3
3748,2017-06-06 04:00:00,20.713,89.483,0.065,0.045,0.149,26843.974,16377.131,16283.569,2017,June,Tuesday,4
3749,2017-06-06 05:00:00,20.69,89.917,0.068,0.104,0.185,22393.642,13773.181,11854.769,2017,June,Tuesday,5
3750,2017-06-06 06:00:00,20.642,90.1,0.067,1.988,1.631,22410.596,13780.042,11173.415,2017,June,Tuesday,6
3751,2017-06-06 07:00:00,20.64,89.983,0.067,22.135,17.623,23249.801,14996.881,11572.185,2017,June,Tuesday,7
3752,2017-06-06 08:00:00,20.792,88.667,0.066,73.602,59.315,25405.033,16341.58,12256.492,2017,June,Tuesday,8
3753,2017-06-06 09:00:00,21.507,85.95,0.068,405.35,354.6,26918.146,18870.062,13620.185,2017,June,Tuesday,9
3754,2017-06-06 10:00:00,22.662,77.783,0.068,682.083,585.767,27988.344,21687.318,15089.231,2017,June,Tuesday,10
3755,2017-06-06 11:00:00,22.903,75.033,0.07,511.9,351.467,29910.464,23483.576,16334.769,2017,June,Tuesday,11
3756,2017-06-06 12:00:00,22.472,78.117,0.069,346.25,267.6,31381.192,24677.339,17541.908,2017,June,Tuesday,12
3757,2017-06-06 13:00:00,22.583,79.117,0.068,499.55,346.1,34990.199,22546.154,18146.462,2017,June,Tuesday,13
3758,2017-06-06 14:00:00,22.055,80.0,0.069,211.6,169.717,35861.192,22641.58,18524.554,2017,June,Tuesday,14
3759,2017-06-06 15:00:00,22.255,77.833,0.069,411.2,296.35,35772.185,22074.636,18607.262,2017,June,Tuesday,15
3760,2017-06-06 16:00:00,22.548,77.183,0.069,213.717,167.15,35401.325,21795.842,18921.354,2017,June,Tuesday,16
3761,2017-06-06 17:00:00,22.057,81.267,0.068,190.55,147.967,36488.477,22377.131,19461.908,2017,June,Tuesday,17
3762,2017-06-06 18:00:00,21.798,82.9,0.067,91.908,72.928,39209.536,24223.285,21530.585,2017,June,Tuesday,18
3763,2017-06-06 19:00:00,21.51,83.533,0.067,93.932,81.703,44679.205,27467.775,26424.123,2017,June,Tuesday,19
3764,2017-06-06 20:00:00,21.018,85.1,0.07,9.385,7.776,45596.821,27301.871,27734.646,2017,June,Tuesday,20
3765,2017-06-06 21:00:00,20.767,86.867,0.067,0.062,0.109,44814.834,27080.457,26918.4,2017,June,Tuesday,21
3766,2017-06-06 22:00:00,20.623,88.367,0.067,0.046,0.132,44376.159,27015.593,26234.092,2017,June,Tuesday,22
3767,2017-06-06 23:00:00,20.377,89.05,0.066,0.043,0.135,42174.305,26133.056,25011.2,2017,June,Tuesday,23
3768,2017-06-07 00:00:00,20.235,89.35,0.067,0.048,0.156,38906.49,24353.015,23755.815,2017,June,Wednesday,0
3769,2017-06-07 01:00:00,20.0,89.25,0.066,0.038,0.154,38221.987,23775.468,23556.923,2017,June,Wednesday,1
3770,2017-06-07 02:00:00,19.893,89.083,0.067,0.033,0.177,39419.338,24014.969,23729.231,2017,June,Wednesday,2
3771,2017-06-07 03:00:00,19.812,89.417,0.069,0.038,0.164,33735.629,20831.601,19904.0,2017,June,Wednesday,3
3772,2017-06-07 04:00:00,19.632,89.5,0.072,0.046,0.172,27456.424,17456.133,16045.292,2017,June,Wednesday,4
3773,2017-06-07 05:00:00,19.647,89.017,0.068,0.126,0.188,22972.185,14564.657,11795.692,2017,June,Wednesday,5
3774,2017-06-07 06:00:00,19.767,87.683,0.066,6.809,5.476,22419.073,14254.054,11207.877,2017,June,Wednesday,6
3775,2017-06-07 07:00:00,20.045,85.833,0.07,58.578,46.462,23381.192,15072.349,11526.892,2017,June,Wednesday,7
3776,2017-06-07 08:00:00,20.487,85.5,0.07,152.367,122.733,25930.596,16957.173,11675.569,2017,June,Wednesday,8
3777,2017-06-07 09:00:00,21.195,81.933,0.07,372.967,339.867,28804.238,18838.877,13793.477,2017,June,Wednesday,9
3778,2017-06-07 10:00:00,22.49,74.05,0.07,699.933,657.617,31402.384,20230.977,14710.154,2017,June,Wednesday,10
3779,2017-06-07 11:00:00,22.97,71.7,0.071,752.133,302.183,33434.702,21091.06,15844.431,2017,June,Wednesday,11
3780,2017-06-07 12:00:00,23.38,71.85,0.07,895.833,224.683,31614.305,22049.064,17252.431,2017,June,Wednesday,12
3781,2017-06-07 13:00:00,23.322,71.333,0.07,825.467,200.433,29624.371,23058.212,18342.4,2017,June,Wednesday,13
3782,2017-06-07 14:00:00,23.478,68.855,0.07,761.767,222.7,31578.278,22938.462,18532.431,2017,June,Wednesday,14
3783,2017-06-07 15:00:00,23.752,63.308,0.071,725.5,197.7,34337.483,22430.769,18709.662,2017,June,Wednesday,15
3784,2017-06-07 16:00:00,23.51,67.278,0.069,616.367,154.533,34735.894,22378.378,18879.015,2017,June,Wednesday,16
3785,2017-06-07 17:00:00,22.762,69.942,0.071,308.1,200.083,36215.099,22570.478,19837.046,2017,June,Wednesday,17
3786,2017-06-07 18:00:00,22.638,69.283,0.072,264.483,258.333,39211.656,24585.655,21710.769,2017,June,Wednesday,18
3787,2017-06-07 19:00:00,22.048,74.217,0.069,106.358,102.552,44532.98,27927.443,26234.092,2017,June,Wednesday,19
3788,2017-06-07 20:00:00,21.327,79.683,0.068,11.216,9.878,45668.874,27774.636,27509.169,2017,June,Wednesday,20
3789,2017-06-07 21:00:00,20.992,83.8,0.069,0.059,0.124,44651.656,27220.166,26643.692,2017,June,Wednesday,21
3790,2017-06-07 22:00:00,20.84,85.267,0.068,0.053,0.12,44153.642,27028.69,25785.108,2017,June,Wednesday,22
3791,2017-06-07 23:00:00,20.805,85.817,0.068,0.051,0.135,41572.45,25936.59,24798.523,2017,June,Wednesday,23
3792,2017-06-08 00:00:00,20.67,86.783,0.068,0.046,0.135,38387.285,24326.819,23825.723,2017,June,Thursday,0
3793,2017-06-08 01:00:00,20.388,87.483,0.07,0.039,0.136,37594.702,23717.464,23567.754,2017,June,Thursday,1
3794,2017-06-08 02:00:00,20.077,87.6,0.077,0.051,0.142,39188.344,24053.015,23731.2,2017,June,Thursday,2
3795,2017-06-08 03:00:00,19.96,87.333,0.076,0.051,0.113,33517.351,20724.948,19617.477,2017,June,Thursday,3
3796,2017-06-08 04:00:00,20.273,87.017,0.072,0.05,0.148,26903.311,17533.472,16450.954,2017,June,Thursday,4
3797,2017-06-08 05:00:00,20.353,86.617,0.07,0.076,0.141,22728.477,14590.852,12064.492,2017,June,Thursday,5
3798,2017-06-08 06:00:00,20.367,86.483,0.072,1.841,1.474,22550.464,14472.349,11211.815,2017,June,Thursday,6
3799,2017-06-08 07:00:00,20.165,87.033,0.073,8.344,6.708,23807.152,15591.892,11223.631,2017,June,Thursday,7
3800,2017-06-08 08:00:00,20.238,87.5,0.068,122.867,100.18,25616.954,17096.881,11958.154,2017,June,Thursday,8
3801,2017-06-08 09:00:00,20.813,85.967,0.074,282.317,238.967,28496.954,18585.031,13260.8,2017,June,Thursday,9
3802,2017-06-08 10:00:00,22.07,78.7,0.081,544.733,483.15,31141.722,19821.83,14701.292,2017,June,Thursday,10
3803,2017-06-08 11:00:00,24.418,65.037,0.079,807.833,294.683,33197.351,20919.543,15935.015,2017,June,Thursday,11
3804,2017-06-08 12:00:00,24.715,64.523,0.071,876.667,153.267,34500.662,21653.015,16897.969,2017,June,Thursday,12
3805,2017-06-08 13:00:00,24.37,59.812,0.072,884.5,119.55,35344.106,22264.865,17891.446,2017,June,Thursday,13
3806,2017-06-08 14:00:00,24.435,57.093,0.071,839.0,105.533,35793.377,22148.857,18654.523,2017,June,Thursday,14
3807,2017-06-08 15:00:00,25.16,53.547,0.071,755.167,98.217,35507.285,22246.778,18935.138,2017,June,Thursday,15
3808,2017-06-08 16:00:00,24.892,55.512,0.07,539.417,134.967,34990.199,22226.819,18880.0,2017,June,Thursday,16
3809,2017-06-08 17:00:00,24.958,55.425,0.072,460.933,328.667,36189.669,22512.474,19530.831,2017,June,Thursday,17
3810,2017-06-08 18:00:00,24.843,56.225,0.071,279.117,285.2,39989.404,24835.759,22007.138,2017,June,Thursday,18
3811,2017-06-08 19:00:00,23.137,66.068,0.072,98.627,97.6,45543.841,28202.495,26695.877,2017,June,Thursday,19
3812,2017-06-08 20:00:00,22.208,71.187,0.073,9.167,7.961,45266.225,27662.994,27416.615,2017,June,Thursday,20
3813,2017-06-08 21:00:00,21.737,76.6,0.078,0.067,0.126,44484.238,27324.324,26595.446,2017,June,Thursday,21
3814,2017-06-08 22:00:00,20.932,80.3,0.076,0.056,0.126,44117.616,27130.353,26313.846,2017,June,Thursday,22
3815,2017-06-08 23:00:00,21.498,69.452,0.082,0.07,0.125,42386.225,26085.655,25335.138,2017,June,Thursday,23
3816,2017-06-09 00:00:00,21.335,67.507,0.081,0.072,0.11,39082.384,24581.289,24204.8,2017,June,Friday,0
3817,2017-06-09 01:00:00,20.525,71.143,0.081,0.056,0.133,38166.887,23820.374,23740.062,2017,June,Friday,1
3818,2017-06-09 02:00:00,20.023,73.2,0.082,0.054,0.132,39703.311,24291.892,24050.215,2017,June,Friday,2
3819,2017-06-09 03:00:00,19.835,73.65,0.081,0.063,0.126,33905.166,20985.031,20104.862,2017,June,Friday,3
3820,2017-06-09 04:00:00,19.423,75.067,0.08,0.055,0.137,27486.093,17552.807,16502.154,2017,June,Friday,4
3821,2017-06-09 05:00:00,19.11,75.833,0.08,0.285,0.318,22821.722,14621.414,11705.108,2017,June,Friday,5
3822,2017-06-09 06:00:00,18.802,76.983,0.081,30.851,26.27,22393.642,14129.314,10913.477,2017,June,Friday,6
3823,2017-06-09 07:00:00,19.575,74.95,0.081,165.633,149.533,23364.238,14997.505,10933.169,2017,June,Friday,7
3824,2017-06-09 08:00:00,21.115,69.11,0.084,362.917,330.583,25816.159,16678.378,11322.092,2017,June,Friday,8
3825,2017-06-09 09:00:00,22.775,62.965,0.085,517.017,461.017,28128.212,18338.669,12329.354,2017,June,Friday,9
3826,2017-06-09 10:00:00,24.47,59.717,0.078,629.75,368.9,30349.139,19993.347,13168.246,2017,June,Friday,10
3827,2017-06-09 11:00:00,24.842,62.022,0.071,685.6,277.517,32830.728,21179.626,14693.415,2017,June,Friday,11
3828,2017-06-09 12:00:00,25.282,60.002,0.072,865.667,228.0,32279.735,21359.875,15655.385,2017,June,Friday,12
3829,2017-06-09 13:00:00,25.793,56.725,0.071,871.167,208.833,33941.192,21779.002,16146.708,2017,June,Friday,13
3830,2017-06-09 14:00:00,25.84,56.848,0.071,807.667,210.55,35685.298,21335.551,17358.769,2017,June,Friday,14
3831,2017-06-09 15:00:00,25.81,55.473,0.07,735.333,177.483,36179.073,20456.133,17708.308,2017,June,Friday,15
3832,2017-06-09 16:00:00,25.663,51.292,0.07,424.7,200.15,35990.464,20631.393,18178.954,2017,June,Friday,16
3833,2017-06-09 17:00:00,25.273,51.973,0.071,306.45,222.7,36467.285,21056.757,18941.046,2017,June,Friday,17
3834,2017-06-09 18:00:00,24.513,59.5,0.072,236.567,223.567,39501.987,22681.497,21039.262,2017,June,Friday,18
3835,2017-06-09 19:00:00,24.373,59.85,0.08,82.1,72.397,45321.325,25881.705,26319.754,2017,June,Friday,19
3836,2017-06-09 20:00:00,23.797,58.207,0.084,7.748,6.471,45656.159,25585.447,27628.308,2017,June,Friday,20
3837,2017-06-09 21:00:00,23.133,60.863,0.083,0.094,0.078,44687.682,24769.647,26937.108,2017,June,Friday,21
3838,2017-06-09 22:00:00,22.422,64.097,0.081,0.092,0.08,44844.503,23798.545,26171.077,2017,June,Friday,22
3839,2017-06-09 23:00:00,22.093,65.572,0.08,0.078,0.096,43036.821,22697.713,25268.185,2017,June,Friday,23
3840,2017-06-10 00:00:00,21.768,68.153,0.081,0.074,0.12,40521.325,21492.1,24448.985,2017,June,Saturday,0
3841,2017-06-10 01:00:00,21.587,64.658,0.082,0.068,0.127,40010.596,21162.162,24161.477,2017,June,Saturday,1
3842,2017-06-10 02:00:00,21.595,60.212,0.082,0.08,0.095,40603.974,21740.956,24076.8,2017,June,Saturday,2
3843,2017-06-10 03:00:00,21.275,62.213,0.084,0.08,0.106,34818.543,18152.183,19932.554,2017,June,Saturday,3
3844,2017-06-10 04:00:00,21.198,60.63,0.081,0.086,0.101,28916.556,14414.969,16520.862,2017,June,Saturday,4
3845,2017-06-10 05:00:00,21.225,58.812,0.082,0.168,0.195,24044.503,11350.104,11823.262,2017,June,Saturday,5
3846,2017-06-10 06:00:00,21.398,59.628,0.083,21.781,17.909,23266.755,10891.06,11028.677,2017,June,Saturday,6
3847,2017-06-10 07:00:00,21.533,62.962,0.081,104.217,86.047,23978.808,11233.472,11178.338,2017,June,Saturday,7
3848,2017-06-10 08:00:00,21.983,63.37,0.083,353.8,311.467,26246.358,12203.95,11914.831,2017,June,Saturday,8
3849,2017-06-10 09:00:00,22.482,60.728,0.084,602.167,544.833,28552.053,13770.062,13312.985,2017,June,Saturday,9
3850,2017-06-10 10:00:00,22.095,64.328,0.082,757.45,539.267,30923.444,15662.37,14848.985,2017,June,Saturday,10
3851,2017-06-10 11:00:00,22.39,62.7,0.082,506.667,309.217,33303.311,17058.836,16096.492,2017,June,Saturday,11
3852,2017-06-10 12:00:00,22.058,62.375,0.082,306.667,233.417,35047.417,18374.844,17103.754,2017,June,Saturday,12
3853,2017-06-10 13:00:00,22.237,60.76,0.082,572.0,275.583,35664.106,18593.139,18187.815,2017,June,Saturday,13
3854,2017-06-10 14:00:00,22.078,62.007,0.08,541.6,242.6,35284.768,18662.994,18519.631,2017,June,Saturday,14
3855,2017-06-10 15:00:00,22.103,60.093,0.081,259.067,173.733,35674.702,18604.366,18870.154,2017,June,Saturday,15
3856,2017-06-10 16:00:00,22.662,54.805,0.083,281.967,152.967,36119.735,18889.397,19041.477,2017,June,Saturday,16
3857,2017-06-10 17:00:00,22.827,54.202,0.08,404.567,256.867,37567.152,19617.879,19719.877,2017,June,Saturday,17
3858,2017-06-10 18:00:00,22.347,57.427,0.08,133.833,120.965,40300.927,21438.462,21910.646,2017,June,Saturday,18
3859,2017-06-10 19:00:00,21.782,59.04,0.08,50.813,45.225,45234.437,24818.295,26654.523,2017,June,Saturday,19
3860,2017-06-10 20:00:00,21.303,59.788,0.081,8.658,7.844,45815.099,24830.146,27989.662,2017,June,Saturday,20
3861,2017-06-10 21:00:00,20.49,62.83,0.078,0.075,0.097,45183.576,24455.301,27312.246,2017,June,Saturday,21
3862,2017-06-10 22:00:00,20.04,64.863,0.078,0.065,0.106,44473.642,23972.557,26513.723,2017,June,Saturday,22
3863,2017-06-10 23:00:00,19.82,65.02,0.08,0.048,0.107,41739.868,22972.765,25482.831,2017,June,Saturday,23
3864,2017-06-11 00:00:00,19.463,65.648,0.079,0.054,0.121,39362.119,21798.337,24720.738,2017,June,Sunday,0
3865,2017-06-11 01:00:00,19.84,63.98,0.08,0.055,0.11,38792.053,21242.62,24470.646,2017,June,Sunday,1
3866,2017-06-11 02:00:00,19.795,64.787,0.08,0.059,0.119,40110.199,21731.601,24566.154,2017,June,Sunday,2
3867,2017-06-11 03:00:00,20.29,60.295,0.08,0.06,0.11,33633.907,18193.971,20450.462,2017,June,Sunday,3
3868,2017-06-11 04:00:00,19.35,66.16,0.08,0.058,0.115,27005.033,14315.8,16631.138,2017,June,Sunday,4
3869,2017-06-11 05:00:00,18.895,67.238,0.078,0.306,0.333,22431.788,10839.917,11768.123,2017,June,Sunday,5
3870,2017-06-11 06:00:00,19.287,64.667,0.078,37.346,29.616,21518.411,10343.451,11048.369,2017,June,Sunday,6
3871,2017-06-11 07:00:00,20.392,59.257,0.08,213.783,205.333,21868.079,10654.054,11064.123,2017,June,Sunday,7
3872,2017-06-11 08:00:00,21.55,53.755,0.08,407.917,403.167,22620.397,11224.116,11453.046,2017,June,Sunday,8
3873,2017-06-11 09:00:00,22.657,48.445,0.082,610.8,610.05,24570.066,12226.403,12879.754,2017,June,Sunday,9
3874,2017-06-11 10:00:00,23.682,44.46,0.082,754.3,455.533,26998.675,13701.455,14324.185,2017,June,Sunday,10
3875,2017-06-11 11:00:00,24.165,44.133,0.08,588.7,217.633,29189.934,14815.385,15723.323,2017,June,Sunday,11
3876,2017-06-11 12:00:00,24.073,45.413,0.081,555.967,252.75,31169.272,15958.004,16744.369,2017,June,Sunday,12
3877,2017-06-11 13:00:00,24.448,45.097,0.08,735.8,254.95,32146.225,16741.996,17868.8,2017,June,Sunday,13
3878,2017-06-11 14:00:00,24.277,47.255,0.08,382.2,201.8,32928.212,17050.728,18322.708,2017,June,Sunday,14
3879,2017-06-11 15:00:00,23.973,48.487,0.08,294.633,189.017,32563.709,18116.632,18672.246,2017,June,Sunday,15
3880,2017-06-11 16:00:00,24.527,46.857,0.08,598.35,165.783,32523.444,19212.474,19008.985,2017,June,Sunday,16
3881,2017-06-11 17:00:00,23.813,46.247,0.079,282.333,182.533,33600.0,20008.94,19850.831,2017,June,Sunday,17
3882,2017-06-11 18:00:00,23.668,46.132,0.08,278.25,289.633,36594.437,22185.031,22071.138,2017,June,Sunday,18
3883,2017-06-11 19:00:00,22.865,51.553,0.081,117.938,124.897,43174.57,26034.511,27211.815,2017,June,Sunday,19
3884,2017-06-11 20:00:00,21.75,55.633,0.082,19.263,16.849,43935.364,25740.748,28394.338,2017,June,Sunday,20
3885,2017-06-11 21:00:00,20.655,62.387,0.081,0.074,0.084,43178.808,25640.956,27545.6,2017,June,Sunday,21
3886,2017-06-11 22:00:00,19.682,67.458,0.08,0.056,0.103,42827.02,26005.821,26451.692,2017,June,Sunday,22
3887,2017-06-11 23:00:00,19.148,69.463,0.081,0.054,0.127,41566.093,25289.189,25569.477,2017,June,Sunday,23
3888,2017-06-12 00:00:00,18.76,68.702,0.083,0.066,0.129,38749.669,23885.239,24527.754,2017,June,Monday,0
3889,2017-06-12 01:00:00,18.148,67.978,0.08,0.058,0.109,38243.179,23458.628,24482.462,2017,June,Monday,1
3890,2017-06-12 02:00:00,17.655,66.733,0.08,0.056,0.102,39319.735,23560.915,24392.862,2017,June,Monday,2
3891,2017-06-12 03:00:00,17.71,66.258,0.081,0.064,0.106,33093.51,20361.331,19991.631,2017,June,Monday,3
3892,2017-06-12 04:00:00,17.858,66.5,0.081,0.057,0.119,26918.146,16907.9,16336.738,2017,June,Monday,4
3893,2017-06-12 05:00:00,17.562,70.597,0.078,0.094,0.152,22590.728,13959.044,11937.477,2017,June,Monday,5
3894,2017-06-12 06:00:00,17.898,69.51,0.078,11.288,8.853,22366.093,14002.703,11108.431,2017,June,Monday,6
3895,2017-06-12 07:00:00,18.102,66.277,0.079,58.322,46.588,23046.358,14923.909,11334.892,2017,June,Monday,7
3896,2017-06-12 08:00:00,18.71,62.458,0.08,172.533,134.967,25515.232,16476.923,12180.677,2017,June,Monday,8
3897,2017-06-12 09:00:00,19.763,55.035,0.081,334.283,279.75,29539.603,16638.462,13720.615,2017,June,Monday,9
3898,2017-06-12 10:00:00,20.572,50.572,0.08,288.183,227.933,32171.656,18157.796,15280.246,2017,June,Monday,10
3899,2017-06-12 11:00:00,21.402,48.407,0.082,470.717,262.4,33905.166,19412.058,16201.846,2017,June,Monday,11
3900,2017-06-12 12:00:00,22.113,45.267,0.082,463.867,247.883,35674.702,20140.541,17074.215,2017,June,Monday,12
3901,2017-06-12 13:00:00,22.558,41.697,0.081,496.05,292.933,36785.166,20830.977,17766.4,2017,June,Monday,13
3902,2017-06-12 14:00:00,22.585,41.378,0.082,401.617,269.633,37274.702,21009.979,18311.877,2017,June,Monday,14
3903,2017-06-12 15:00:00,22.555,43.017,0.083,382.183,211.533,36891.126,20792.308,18617.108,2017,June,Monday,15
3904,2017-06-12 16:00:00,22.805,41.43,0.082,233.817,172.367,37045.828,20602.079,18931.2,2017,June,Monday,16
3905,2017-06-12 17:00:00,22.207,42.877,0.082,117.4,96.3,37690.066,21039.917,19673.6,2017,June,Monday,17
3906,2017-06-12 18:00:00,21.748,44.292,0.082,92.245,74.787,39919.47,22930.353,22084.923,2017,June,Monday,18
3907,2017-06-12 19:00:00,21.035,45.1,0.081,47.45,41.057,45526.887,26908.94,26648.615,2017,June,Monday,19
3908,2017-06-12 20:00:00,20.37,48.232,0.082,5.219,4.336,46116.026,26633.888,27986.708,2017,June,Monday,20
3909,2017-06-12 21:00:00,19.865,52.163,0.082,0.069,0.08,45543.841,26014.553,27146.831,2017,June,Monday,21
3910,2017-06-12 22:00:00,19.62,54.58,0.081,0.068,0.086,45344.636,25481.289,26186.831,2017,June,Monday,22
3911,2017-06-12 23:00:00,18.978,55.765,0.082,0.045,0.112,43356.821,24398.545,25357.785,2017,June,Monday,23
3912,2017-06-13 00:00:00,18.808,57.902,0.082,0.052,0.093,40618.808,23194.179,24472.615,2017,June,Tuesday,0
3913,2017-06-13 01:00:00,19.048,57.652,0.08,0.053,0.095,39461.722,22963.41,24402.708,2017,June,Tuesday,1
3914,2017-06-13 02:00:00,18.333,62.657,0.082,0.062,0.097,40659.073,23329.522,24173.292,2017,June,Tuesday,2
3915,2017-06-13 03:00:00,17.64,66.857,0.081,0.051,0.109,34704.106,19944.699,20188.554,2017,June,Tuesday,3
3916,2017-06-13 04:00:00,17.345,67.072,0.082,0.056,0.126,28338.013,16478.17,16317.046,2017,June,Tuesday,4
3917,2017-06-13 05:00:00,16.683,67.643,0.081,0.688,0.624,24120.795,13738.254,11792.738,2017,June,Tuesday,5
3918,2017-06-13 06:00:00,16.485,66.912,0.08,37.913,30.668,23010.331,13055.925,11139.938,2017,June,Tuesday,6
3919,2017-06-13 07:00:00,17.788,62.125,0.08,193.283,182.767,24707.815,14032.017,11288.615,2017,June,Tuesday,7
3920,2017-06-13 08:00:00,19.815,48.517,0.08,415.733,409.55,26973.245,15650.52,12070.4,2017,June,Tuesday,8
3921,2017-06-13 09:00:00,20.9,44.822,0.082,589.533,580.6,28452.45,18308.732,13505.969,2017,June,Tuesday,9
3922,2017-06-13 10:00:00,21.775,44.082,0.081,554.233,422.267,30980.662,19877.963,15252.677,2017,June,Tuesday,10
3923,2017-06-13 11:00:00,22.04,42.76,0.082,442.15,312.5,33074.437,21082.328,16830.031,2017,June,Tuesday,11
3924,2017-06-13 12:00:00,22.748,40.202,0.082,666.167,311.45,34623.576,21785.863,17693.538,2017,June,Tuesday,12
3925,2017-06-13 13:00:00,23.473,39.823,0.081,770.917,257.017,35176.689,22524.324,18371.938,2017,June,Tuesday,13
3926,2017-06-13 14:00:00,23.558,39.895,0.08,705.35,216.833,35657.748,22567.983,18547.2,2017,June,Tuesday,14
3927,2017-06-13 15:00:00,23.84,38.233,0.081,545.017,245.917,35594.172,21992.931,18645.662,2017,June,Tuesday,15
3928,2017-06-13 16:00:00,23.913,38.18,0.082,475.35,188.833,35352.583,21820.79,18897.723,2017,June,Tuesday,16
3929,2017-06-13 17:00:00,23.462,41.042,0.081,377.95,270.817,35481.854,22194.387,19763.2,2017,June,Tuesday,17
3930,2017-06-13 18:00:00,22.942,42.675,0.081,324.3,317.85,38709.404,23905.821,21552.246,2017,June,Tuesday,18
3931,2017-06-13 19:00:00,22.193,43.447,0.082,147.163,149.47,45022.517,28074.012,26658.462,2017,June,Tuesday,19
3932,2017-06-13 20:00:00,21.058,50.158,0.081,14.748,14.643,45213.245,27655.509,28019.2,2017,June,Tuesday,20
3933,2017-06-13 21:00:00,20.008,53.288,0.08,0.079,0.087,44776.689,27719.127,27491.446,2017,June,Tuesday,21
3934,2017-06-13 22:00:00,19.447,55.673,0.081,0.067,0.084,44217.219,27204.574,26674.215,2017,June,Tuesday,22
3935,2017-06-13 23:00:00,18.97,58.042,0.078,0.064,0.091,42288.742,26340.748,25171.692,2017,June,Tuesday,23
3936,2017-06-14 00:00:00,19.115,57.783,0.08,0.064,0.095,39353.642,24780.873,24628.185,2017,June,Wednesday,0
3937,2017-06-14 01:00:00,19.2,57.202,0.078,0.068,0.102,38573.775,24387.318,24568.123,2017,June,Wednesday,1
3938,2017-06-14 02:00:00,19.423,56.502,0.08,0.065,0.086,39870.728,24529.522,24583.877,2017,June,Wednesday,2
3939,2017-06-14 03:00:00,18.78,60.16,0.08,0.062,0.093,33936.954,21109.148,20570.585,2017,June,Wednesday,3
3940,2017-06-14 04:00:00,18.992,61.062,0.078,0.057,0.107,27642.914,17684.407,16960.985,2017,June,Wednesday,4
3941,2017-06-14 05:00:00,19.283,58.117,0.081,0.294,0.274,22997.616,14746.154,12148.185,2017,June,Wednesday,5
3942,2017-06-14 06:00:00,19.283,55.78,0.081,27.317,22.792,22940.397,14327.027,11048.369,2017,June,Wednesday,6
3943,2017-06-14 07:00:00,19.867,51.758,0.082,47.675,40.49,23631.258,15412.89,11461.908,2017,June,Wednesday,7
3944,2017-06-14 08:00:00,20.263,51.063,0.081,150.217,123.817,24724.768,18010.603,12374.646,2017,June,Wednesday,8
3945,2017-06-14 09:00:00,20.955,48.497,0.082,173.15,138.117,27259.338,19309.771,14393.108,2017,June,Wednesday,9
3946,2017-06-14 10:00:00,21.333,52.852,0.08,630.267,346.883,29666.755,20334.511,16299.323,2017,June,Wednesday,10
3947,2017-06-14 11:00:00,22.145,51.145,0.08,875.167,205.55,32881.589,21167.152,17163.815,2017,June,Wednesday,11
3948,2017-06-14 12:00:00,22.692,51.112,0.081,953.35,215.283,35187.285,22488.773,17284.923,2017,June,Wednesday,12
3949,2017-06-14 13:00:00,21.863,57.363,0.081,436.65,290.783,35984.106,22709.563,18236.062,2017,June,Wednesday,13
3950,2017-06-14 14:00:00,20.72,66.29,0.078,259.3,199.95,36204.503,23149.896,18484.185,2017,June,Wednesday,14
3951,2017-06-14 15:00:00,20.642,64.663,0.079,275.467,213.033,35922.649,22752.599,18673.231,2017,June,Wednesday,15
3952,2017-06-14 16:00:00,21.972,54.155,0.081,168.7,135.4,35981.987,22332.848,19216.738,2017,June,Wednesday,16
3953,2017-06-14 17:00:00,22.262,51.63,0.079,162.467,129.783,36787.285,22569.231,19959.138,2017,June,Wednesday,17
3954,2017-06-14 18:00:00,22.227,50.552,0.08,290.583,294.967,39228.609,23904.574,21696.0,2017,June,Wednesday,18
3955,2017-06-14 19:00:00,21.802,49.073,0.08,111.833,120.133,44978.013,27750.312,26548.185,2017,June,Wednesday,19
3956,2017-06-14 20:00:00,20.715,52.777,0.081,17.3,18.324,46122.384,27714.761,27983.754,2017,June,Wednesday,20
3957,2017-06-14 21:00:00,19.502,59.738,0.079,0.066,0.093,45425.166,27517.048,27513.108,2017,June,Wednesday,21
3958,2017-06-14 22:00:00,18.79,62.37,0.082,0.054,0.085,44800.0,27169.647,26788.431,2017,June,Wednesday,22
3959,2017-06-14 23:00:00,18.78,63.783,0.08,0.062,0.11,42464.636,26315.177,25699.446,2017,June,Wednesday,23
3960,2017-06-15 00:00:00,18.625,62.593,0.079,0.051,0.116,39622.781,24788.981,24628.185,2017,June,Thursday,0
3961,2017-06-15 01:00:00,17.445,66.528,0.079,0.051,0.132,38959.47,24287.526,24551.385,2017,June,Thursday,1
3962,2017-06-15 02:00:00,16.64,68.41,0.079,0.06,0.103,39858.013,24445.946,24512.985,2017,June,Thursday,2
3963,2017-06-15 03:00:00,15.885,70.423,0.076,0.044,0.125,33900.927,20960.083,20128.492,2017,June,Thursday,3
3964,2017-06-15 04:00:00,15.507,70.3,0.079,0.052,0.123,28064.636,17529.73,16467.692,2017,June,Thursday,4
3965,2017-06-15 05:00:00,15.648,68.792,0.078,0.365,0.374,23658.808,14697.505,12093.046,2017,June,Thursday,5
3966,2017-06-15 06:00:00,15.422,67.688,0.079,48.88,41.402,23525.298,14366.32,11482.585,2017,June,Thursday,6
3967,2017-06-15 07:00:00,15.873,66.76,0.079,215.867,208.467,22753.907,15501.455,11701.169,2017,June,Thursday,7
3968,2017-06-15 08:00:00,17.768,60.662,0.08,409.033,405.117,23961.854,17188.565,12549.908,2017,June,Thursday,8
3969,2017-06-15 09:00:00,20.282,51.33,0.082,591.017,596.367,26799.47,18969.854,13873.231,2017,June,Thursday,9
3970,2017-06-15 10:00:00,22.833,43.612,0.082,740.083,475.567,30789.934,19509.979,15206.4,2017,June,Thursday,10
3971,2017-06-15 11:00:00,24.725,36.863,0.081,846.5,56.498,34555.762,19381.497,16590.769,2017,June,Thursday,11
3972,2017-06-15 12:00:00,25.908,35.703,0.075,904.0,60.848,36344.371,20441.164,17535.015,2017,June,Thursday,12
3973,2017-06-15 13:00:00,25.942,36.508,0.072,915.833,50.272,37990.993,20888.358,18359.138,2017,June,Thursday,13
3974,2017-06-15 14:00:00,25.84,37.365,0.072,876.667,45.407,38069.404,22489.397,18877.046,2017,June,Thursday,14
3975,2017-06-15 15:00:00,26.107,36.215,0.072,797.167,36.707,36632.583,23158.628,19172.431,2017,June,Thursday,15
3976,2017-06-15 16:00:00,26.388,34.43,0.072,674.583,33.425,36573.245,21248.233,20664.123,2017,June,Thursday,16
3977,2017-06-15 17:00:00,26.327,34.502,0.073,509.633,398.917,37338.278,20928.898,21636.923,2017,June,Thursday,17
3978,2017-06-15 18:00:00,26.055,32.732,0.072,324.8,354.35,39351.523,24062.37,21873.231,2017,June,Thursday,18
3979,2017-06-15 19:00:00,25.41,34.533,0.072,142.383,159.317,44956.821,28109.563,27122.215,2017,June,Thursday,19
3980,2017-06-15 20:00:00,23.555,46.197,0.072,17.635,18.921,46156.291,28251.143,28744.862,2017,June,Thursday,20
3981,2017-06-15 21:00:00,22.097,57.082,0.072,0.101,0.094,44846.623,27760.915,28064.492,2017,June,Thursday,21
3982,2017-06-15 22:00:00,21.045,67.518,0.071,0.079,0.063,44819.073,27546.985,27196.062,2017,June,Thursday,22
3983,2017-06-15 23:00:00,19.577,71.757,0.073,0.065,0.104,43261.457,26618.295,26196.677,2017,June,Thursday,23
3984,2017-06-16 00:00:00,18.062,73.683,0.073,0.071,0.099,40364.503,24955.509,25247.508,2017,June,Friday,0
3985,2017-06-16 01:00:00,17.752,76.217,0.073,0.056,0.122,39686.358,24595.634,25432.615,2017,June,Friday,1
3986,2017-06-16 02:00:00,17.942,78.033,0.071,0.064,0.125,40396.291,25053.43,25261.292,2017,June,Friday,2
3987,2017-06-16 03:00:00,16.698,77.183,0.071,0.057,0.108,34199.735,21370.478,20822.646,2017,June,Friday,3
3988,2017-06-16 04:00:00,16.027,77.683,0.072,0.058,0.128,28009.536,17813.514,16914.708,2017,June,Friday,4
3989,2017-06-16 05:00:00,15.517,79.683,0.071,0.375,0.369,23699.073,15136.59,12303.754,2017,June,Friday,5
3990,2017-06-16 06:00:00,16.928,80.683,0.07,50.859,40.984,23213.775,14791.684,11395.938,2017,June,Friday,6
3991,2017-06-16 07:00:00,19.28,80.2,0.07,222.067,214.5,24086.887,15477.755,11476.677,2017,June,Friday,7
3992,2017-06-16 08:00:00,21.365,66.822,0.072,417.417,414.083,25920.0,17141.788,12161.969,2017,June,Friday,8
3993,2017-06-16 09:00:00,21.802,67.475,0.069,593.383,598.25,28757.616,19009.148,13453.785,2017,June,Friday,9
3994,2017-06-16 10:00:00,22.047,68.728,0.069,741.417,503.45,31578.278,20984.407,14929.723,2017,June,Friday,10
3995,2017-06-16 11:00:00,22.903,61.717,0.071,851.833,46.085,33625.43,22569.231,16055.138,2017,June,Friday,11
3996,2017-06-16 12:00:00,23.57,57.093,0.07,910.0,37.533,33712.318,22400.208,16925.538,2017,June,Friday,12
3997,2017-06-16 13:00:00,23.902,57.477,0.07,917.833,36.962,35312.318,23239.709,17884.554,2017,June,Friday,13
3998,2017-06-16 14:00:00,24.77,50.737,0.071,881.0,35.897,36454.57,23499.792,18361.108,2017,June,Friday,14
3999,2017-06-16 15:00:00,24.883,52.207,0.069,797.0,34.138,36272.318,23079.418,18890.831,2017,June,Friday,15
4000,2017-06-16 16:00:00,25.858,39.755,0.071,672.583,31.36,35882.384,22770.062,19131.077,2017,June,Friday,16
4001,2017-06-16 17:00:00,25.932,37.89,0.071,507.617,224.532,36912.318,22864.241,20004.431,2017,June,Friday,17
4002,2017-06-16 18:00:00,24.787,43.205,0.069,320.417,348.533,38972.185,24479.626,22021.908,2017,June,Friday,18
4003,2017-06-16 19:00:00,23.298,55.172,0.07,138.733,154.133,44624.106,27828.274,27145.846,2017,June,Friday,19
4004,2017-06-16 20:00:00,22.163,65.625,0.07,18.52,19.661,45209.007,27764.657,28665.108,2017,June,Friday,20
4005,2017-06-16 21:00:00,21.29,71.083,0.068,0.091,0.098,44869.934,27204.574,27916.8,2017,June,Friday,21
4006,2017-06-16 22:00:00,20.97,75.167,0.068,0.072,0.088,44575.364,27155.925,27172.431,2017,June,Friday,22
4007,2017-06-16 23:00:00,20.683,79.817,0.067,0.053,0.125,43034.702,26350.728,26353.231,2017,June,Friday,23
4008,2017-06-17 00:00:00,20.468,82.067,0.066,0.055,0.134,40360.265,25188.773,25870.769,2017,June,Saturday,0
4009,2017-06-17 01:00:00,20.168,84.85,0.066,0.052,0.124,39766.887,24866.32,25975.138,2017,June,Saturday,1
4010,2017-06-17 02:00:00,19.872,84.65,0.067,0.05,0.133,40595.497,24962.37,25521.231,2017,June,Saturday,2
4011,2017-06-17 03:00:00,19.7,85.083,0.066,0.051,0.134,34487.947,21211.435,21298.215,2017,June,Saturday,3
4012,2017-06-17 04:00:00,19.48,86.283,0.066,0.04,0.14,28325.298,17662.578,17602.954,2017,June,Saturday,4
4013,2017-06-17 05:00:00,19.457,85.817,0.066,0.311,0.339,23078.146,14307.692,12544.0,2017,June,Saturday,5
4014,2017-06-17 06:00:00,19.368,86.183,0.066,45.607,37.024,22527.152,14074.428,11862.646,2017,June,Saturday,6
4015,2017-06-17 07:00:00,19.845,85.717,0.068,212.067,203.05,23387.55,13848.649,12581.415,2017,June,Saturday,7
4016,2017-06-17 08:00:00,20.988,78.05,0.067,408.85,402.3,25633.907,14408.732,14064.246,2017,June,Saturday,8
4017,2017-06-17 09:00:00,21.96,71.322,0.068,591.283,307.718,27670.464,14291.476,17482.831,2017,June,Saturday,9
4018,2017-06-17 10:00:00,22.562,68.103,0.07,743.65,51.56,31001.854,15136.59,20594.215,2017,June,Saturday,10
4019,2017-06-17 11:00:00,23.453,65.785,0.066,841.5,46.868,33553.377,16510.603,21712.738,2017,June,Saturday,11
4020,2017-06-17 12:00:00,23.757,64.808,0.055,902.0,42.027,35242.384,18128.482,22313.354,2017,June,Saturday,12
4021,2017-06-17 13:00:00,23.712,63.637,0.055,912.5,43.403,35587.815,20207.277,21677.292,2017,June,Saturday,13
4022,2017-06-17 14:00:00,24.005,61.808,0.057,874.0,40.822,35611.126,22329.106,20204.308,2017,June,Saturday,14
4023,2017-06-17 15:00:00,24.143,61.615,0.057,789.833,38.467,35939.603,22289.189,20379.569,2017,June,Saturday,15
4024,2017-06-17 16:00:00,24.345,60.848,0.056,663.617,35.917,36249.007,22403.326,20606.031,2017,June,Saturday,16
4025,2017-06-17 17:00:00,24.437,60.275,0.058,501.333,223.467,37054.305,22767.568,21161.354,2017,June,Saturday,17
4026,2017-06-17 18:00:00,23.662,65.538,0.069,317.45,343.85,38772.98,24016.84,22851.938,2017,June,Saturday,18
4027,2017-06-17 19:00:00,22.765,70.633,0.068,139.7,154.717,43998.94,28260.499,27969.969,2017,June,Saturday,19
4028,2017-06-17 20:00:00,21.51,80.25,0.068,18.142,18.995,45940.132,27422.869,29556.185,2017,June,Saturday,20
4029,2017-06-17 21:00:00,20.975,84.25,0.069,0.078,0.124,45448.477,26706.861,28770.462,2017,June,Saturday,21
4030,2017-06-17 22:00:00,20.757,85.0,0.067,0.058,0.132,44789.404,25705.821,27824.246,2017,June,Saturday,22
4031,2017-06-17 23:00:00,20.605,85.75,0.066,0.051,0.136,43041.06,24881.913,26700.8,2017,June,Saturday,23
4032,2017-06-18 00:00:00,20.333,86.817,0.066,0.049,0.122,40745.96,23418.711,26069.662,2017,June,Sunday,0
4033,2017-06-18 01:00:00,20.293,86.483,0.067,0.051,0.137,40116.556,23327.651,26351.262,2017,June,Sunday,1
4034,2017-06-18 02:00:00,20.15,86.85,0.066,0.043,0.131,40987.55,23796.674,25817.6,2017,June,Sunday,2
4035,2017-06-18 03:00:00,19.953,87.1,0.066,0.039,0.131,34738.013,20061.954,21419.323,2017,June,Sunday,3
4036,2017-06-18 04:00:00,19.947,86.15,0.067,0.045,0.16,28240.53,15911.227,17555.692,2017,June,Sunday,4
4037,2017-06-18 05:00:00,19.91,83.617,0.068,0.32,0.343,23336.689,12395.426,12792.123,2017,June,Sunday,5
4038,2017-06-18 06:00:00,20.142,82.133,0.069,17.838,15.29,22342.781,11717.464,11916.8,2017,June,Sunday,6
4039,2017-06-18 07:00:00,20.735,79.917,0.069,206.15,195.783,22433.907,12136.59,11737.6,2017,June,Sunday,7
4040,2017-06-18 08:00:00,21.47,76.667,0.07,410.5,401.717,23245.563,12770.894,12456.369,2017,June,Sunday,8
4041,2017-06-18 09:00:00,21.987,72.367,0.068,593.3,310.237,24752.318,13750.728,13750.154,2017,June,Sunday,9
4042,2017-06-18 10:00:00,22.375,70.883,0.068,740.65,46.778,26712.583,15304.99,15265.477,2017,June,Sunday,10
4043,2017-06-18 11:00:00,23.038,68.213,0.069,845.667,45.867,29639.205,16557.38,16580.923,2017,June,Sunday,11
4044,2017-06-18 12:00:00,23.492,64.035,0.069,903.667,46.0,31614.305,17642.62,17883.569,2017,June,Sunday,12
4045,2017-06-18 13:00:00,23.642,63.758,0.069,914.833,45.618,32508.609,18633.68,18957.785,2017,June,Sunday,13
4046,2017-06-18 14:00:00,23.825,64.387,0.07,874.833,47.293,32896.424,18757.796,19430.4,2017,June,Sunday,14
4047,2017-06-18 15:00:00,23.49,69.255,0.068,783.167,57.123,33157.086,19304.782,20206.277,2017,June,Sunday,15
4048,2017-06-18 16:00:00,23.455,69.762,0.069,652.95,57.197,33587.285,19654.678,20562.708,2017,June,Sunday,16
4049,2017-06-18 17:00:00,23.273,69.912,0.069,494.517,220.875,34979.603,20323.909,21158.4,2017,June,Sunday,17
4050,2017-06-18 18:00:00,22.675,73.9,0.068,304.3,319.517,37825.695,22143.867,22775.138,2017,June,Sunday,18
4051,2017-06-18 19:00:00,21.998,78.067,0.067,122.143,125.61,43566.623,25766.32,27712.985,2017,June,Sunday,19
4052,2017-06-18 20:00:00,21.505,81.433,0.067,11.48,10.679,44492.715,26046.985,29495.138,2017,June,Sunday,20
4053,2017-06-18 21:00:00,21.22,81.783,0.065,0.076,0.103,44185.43,25831.809,28965.415,2017,June,Sunday,21
4054,2017-06-18 22:00:00,21.057,81.65,0.066,0.055,0.122,43986.225,26376.299,28153.108,2017,June,Sunday,22
4055,2017-06-18 23:00:00,21.032,81.767,0.065,0.064,0.13,42905.43,25813.721,27137.969,2017,June,Sunday,23
4056,2017-06-19 00:00:00,21.018,82.383,0.068,0.054,0.13,40432.318,24401.04,26321.723,2017,June,Monday,0
4057,2017-06-19 01:00:00,20.768,82.983,0.068,0.055,0.132,39919.47,24358.628,26025.354,2017,June,Monday,1
4058,2017-06-19 02:00:00,19.873,85.267,0.068,0.056,0.127,40834.967,24725.988,25776.246,2017,June,Monday,2
4059,2017-06-19 03:00:00,18.732,88.333,0.068,0.049,0.147,34324.768,21340.541,21754.092,2017,June,Monday,3
4060,2017-06-19 04:00:00,19.165,90.217,0.068,0.051,0.138,28041.325,17636.383,17462.154,2017,June,Monday,4
4061,2017-06-19 05:00:00,18.318,89.917,0.071,0.152,0.202,23805.033,14692.516,13162.338,2017,June,Monday,5
4062,2017-06-19 06:00:00,19.5,89.4,0.068,12.374,9.55,23656.689,14618.919,12455.385,2017,June,Monday,6
4063,2017-06-19 07:00:00,20.165,86.683,0.068,73.792,56.535,24214.04,15406.029,12211.2,2017,June,Monday,7
4064,2017-06-19 08:00:00,20.892,81.25,0.067,325.2,289.267,26292.98,17010.187,13018.585,2017,June,Monday,8
4065,2017-06-19 09:00:00,21.98,75.65,0.068,587.167,319.5,29484.503,19100.208,14876.554,2017,June,Monday,9
4066,2017-06-19 10:00:00,22.293,73.4,0.068,727.317,76.567,31942.781,20744.283,16417.477,2017,June,Monday,10
4067,2017-06-19 11:00:00,22.77,71.102,0.069,832.333,70.518,35981.987,20292.723,17618.708,2017,June,Monday,11
4068,2017-06-19 12:00:00,23.025,69.39,0.069,892.833,68.538,38033.377,20889.605,18614.154,2017,June,Monday,12
4069,2017-06-19 13:00:00,23.438,68.0,0.069,907.833,74.238,38614.04,21659.252,19214.769,2017,June,Monday,13
4070,2017-06-19 14:00:00,23.817,67.782,0.068,878.667,95.617,38594.967,22097.089,20062.523,2017,June,Monday,14
4071,2017-06-19 15:00:00,23.678,69.28,0.068,778.333,71.333,37145.43,23106.237,20388.431,2017,June,Monday,15
4072,2017-06-19 16:00:00,23.643,70.502,0.067,650.733,69.312,36859.338,22856.757,20608.985,2017,June,Monday,16
4073,2017-06-19 17:00:00,23.582,69.997,0.069,483.083,214.925,37342.517,23070.686,21115.077,2017,June,Monday,17
4074,2017-06-19 18:00:00,23.017,73.85,0.068,303.417,313.517,39610.066,24732.225,22357.662,2017,June,Monday,18
4075,2017-06-19 19:00:00,22.32,77.617,0.068,112.025,111.95,45444.238,28448.233,27631.262,2017,June,Monday,19
4076,2017-06-19 20:00:00,21.792,80.633,0.066,14.965,13.618,46126.623,28281.081,29126.892,2017,June,Monday,20
4077,2017-06-19 21:00:00,21.522,82.783,0.068,0.071,0.126,45473.907,28005.405,28545.969,2017,June,Monday,21
4078,2017-06-19 22:00:00,21.433,84.517,0.068,0.062,0.13,45234.437,28013.514,27871.508,2017,June,Monday,22
4079,2017-06-19 23:00:00,21.3,85.65,0.066,0.052,0.144,44005.298,27096.05,26991.262,2017,June,Monday,23
4080,2017-06-20 00:00:00,21.17,87.033,0.066,0.058,0.128,41292.715,25548.025,26134.646,2017,June,Tuesday,0
4081,2017-06-20 01:00:00,21.04,87.6,0.066,0.054,0.134,40317.881,25224.948,26179.938,2017,June,Tuesday,1
4082,2017-06-20 02:00:00,20.838,87.867,0.069,0.054,0.132,40945.166,25433.264,25809.723,2017,June,Tuesday,2
4083,2017-06-20 03:00:00,20.55,88.217,0.07,0.057,0.141,34646.887,22084.615,21339.569,2017,June,Tuesday,3
4084,2017-06-20 04:00:00,20.698,86.667,0.068,0.059,0.132,27952.318,18260.707,17605.908,2017,June,Tuesday,4
4085,2017-06-20 05:00:00,20.838,83.233,0.07,0.155,0.18,23468.079,15325.572,12700.554,2017,June,Tuesday,5
4086,2017-06-20 06:00:00,20.902,81.9,0.068,8.491,6.849,23141.722,14797.297,11943.385,2017,June,Tuesday,6
4087,2017-06-20 07:00:00,21.022,80.517,0.068,69.465,54.5,26625.695,13337.838,12355.938,2017,June,Tuesday,7
4088,2017-06-20 08:00:00,21.453,77.35,0.069,172.083,133.3,29183.576,14295.218,13053.046,2017,June,Tuesday,8
4089,2017-06-20 09:00:00,22.558,72.833,0.068,527.933,271.517,32216.159,15112.266,15711.508,2017,June,Tuesday,9
4090,2017-06-20 10:00:00,23.357,69.198,0.068,693.6,101.217,33517.351,18122.245,17429.662,2017,June,Tuesday,10
4091,2017-06-20 11:00:00,24.35,64.713,0.069,800.5,91.55,34509.139,20680.665,18910.523,2017,June,Tuesday,11
4092,2017-06-20 12:00:00,24.837,63.198,0.07,582.017,87.867,35865.43,21251.351,20585.354,2017,June,Tuesday,12
4093,2017-06-20 13:00:00,24.96,62.557,0.068,870.167,87.25,37418.808,21464.033,21327.754,2017,June,Tuesday,13
4094,2017-06-20 14:00:00,25.138,61.952,0.069,827.833,88.2,39328.212,19964.657,20992.0,2017,June,Tuesday,14
4095,2017-06-20 15:00:00,25.252,62.543,0.069,739.467,90.767,38838.675,21009.979,20054.646,2017,June,Tuesday,15
4096,2017-06-20 16:00:00,25.463,62.432,0.068,616.467,89.067,37668.874,21480.249,20348.062,2017,June,Tuesday,16
4097,2017-06-20 17:00:00,25.402,62.932,0.068,449.3,195.0,38643.709,21905.613,21097.354,2017,June,Tuesday,17
4098,2017-06-20 18:00:00,24.747,66.602,0.069,219.0,214.733,40322.119,23037.63,22536.862,2017,June,Tuesday,18
4099,2017-06-20 19:00:00,24.17,69.075,0.069,115.77,115.865,45906.225,26607.069,27483.569,2017,June,Tuesday,19
4100,2017-06-20 20:00:00,23.412,71.983,0.069,15.396,14.006,47292.185,26924.532,29037.292,2017,June,Tuesday,20
4101,2017-06-20 21:00:00,22.835,75.033,0.07,0.092,0.115,46925.563,26811.642,28654.277,2017,June,Tuesday,21
4102,2017-06-20 22:00:00,22.627,76.167,0.074,0.074,0.104,47029.404,26219.127,27878.4,2017,June,Tuesday,22
4103,2017-06-20 23:00:00,21.927,78.333,0.079,0.06,0.121,45707.02,25443.867,27412.677,2017,June,Tuesday,23
4104,2017-06-21 00:00:00,21.772,75.917,0.078,0.062,0.12,43435.232,24261.954,26245.908,2017,June,Wednesday,0
4105,2017-06-21 01:00:00,21.018,77.55,0.074,0.064,0.12,42411.656,24087.318,25942.646,2017,June,Wednesday,1
4106,2017-06-21 02:00:00,20.522,79.8,0.077,0.054,0.136,42860.927,24038.046,25856.985,2017,June,Wednesday,2
4107,2017-06-21 03:00:00,20.398,80.633,0.077,0.056,0.13,36480.0,20656.341,21743.262,2017,June,Wednesday,3
4108,2017-06-21 04:00:00,20.327,80.833,0.075,0.054,0.131,30048.212,17162.37,17868.8,2017,June,Wednesday,4
4109,2017-06-21 05:00:00,20.397,80.1,0.074,0.275,0.288,25082.914,14011.435,12548.923,2017,June,Wednesday,5
4110,2017-06-21 06:00:00,20.408,79.183,0.076,35.045,30.018,24667.55,13531.185,11942.4,2017,June,Wednesday,6
4111,2017-06-21 07:00:00,20.603,77.817,0.074,129.617,111.183,25515.232,14260.291,12483.938,2017,June,Wednesday,7
4112,2017-06-21 08:00:00,21.085,76.083,0.076,391.867,370.1,27651.391,15727.235,12954.585,2017,June,Wednesday,8
4113,2017-06-21 09:00:00,22.717,68.28,0.078,574.4,302.717,31037.881,17477.339,14291.692,2017,June,Wednesday,9
4114,2017-06-21 10:00:00,24.757,59.133,0.079,725.083,71.517,34199.735,19524.948,15719.385,2017,June,Wednesday,10
4115,2017-06-21 11:00:00,26.858,50.888,0.08,833.0,69.763,36804.238,20855.925,17167.754,2017,June,Wednesday,11
4116,2017-06-21 12:00:00,27.195,52.407,0.073,893.167,66.742,38476.291,21722.869,18534.4,2017,June,Wednesday,12
4117,2017-06-21 13:00:00,26.108,58.35,0.068,900.167,72.502,39254.04,22291.06,19690.338,2017,June,Wednesday,13
4118,2017-06-21 14:00:00,26.535,56.92,0.068,857.167,77.55,38919.205,23061.331,20254.523,2017,June,Wednesday,14
4119,2017-06-21 15:00:00,27.483,53.71,0.068,776.333,72.072,38029.139,23479.21,20370.708,2017,June,Wednesday,15
4120,2017-06-21 16:00:00,29.267,41.418,0.82,660.017,55.238,37793.907,23127.443,20521.354,2017,June,Wednesday,16
4121,2017-06-21 17:00:00,30.412,26.045,4.92,509.083,184.05,38039.735,23128.69,21038.277,2017,June,Wednesday,17
4122,2017-06-21 18:00:00,29.228,26.957,4.92,326.917,350.517,39552.848,24070.478,22417.723,2017,June,Wednesday,18
4123,2017-06-21 19:00:00,27.755,31.792,4.922,146.767,161.25,44630.464,27553.222,27198.031,2017,June,Wednesday,19
4124,2017-06-21 20:00:00,25.605,40.405,4.918,20.514,21.709,46414.834,28002.911,29385.846,2017,June,Wednesday,20
4125,2017-06-21 21:00:00,23.458,52.413,4.919,0.11,0.092,45274.702,27429.73,28668.062,2017,June,Wednesday,21
4126,2017-06-21 22:00:00,21.872,62.493,4.922,0.09,0.088,44821.192,26849.688,27536.738,2017,June,Wednesday,22
4127,2017-06-21 23:00:00,20.667,69.247,4.919,0.071,0.11,44554.172,26323.285,27233.477,2017,June,Wednesday,23
4128,2017-06-22 00:00:00,19.837,71.297,4.916,0.053,0.153,42867.285,25529.314,26566.892,2017,June,Thursday,0
4129,2017-06-22 01:00:00,20.307,60.067,4.919,0.071,0.103,41508.874,25223.701,25939.692,2017,June,Thursday,1
4130,2017-06-22 02:00:00,19.502,64.577,4.919,0.069,0.111,41689.007,25322.869,25682.708,2017,June,Thursday,2
4131,2017-06-22 03:00:00,18.835,60.423,4.918,0.071,0.086,35433.113,21693.555,21848.615,2017,June,Thursday,3
4132,2017-06-22 04:00:00,18.045,61.868,4.92,0.067,0.098,28800.0,18335.551,18140.554,2017,June,Thursday,4
4133,2017-06-22 05:00:00,18.085,63.455,4.918,0.345,0.366,24230.993,15127.235,13201.723,2017,June,Thursday,5
4134,2017-06-22 06:00:00,18.715,68.333,4.919,46.959,40.139,23406.623,14650.104,12399.262,2017,June,Thursday,6
4135,2017-06-22 07:00:00,19.47,68.377,4.917,215.15,205.017,23989.404,15203.95,12544.985,2017,June,Thursday,7
4136,2017-06-22 08:00:00,22.013,58.828,4.919,413.45,406.083,26036.556,16692.1,13312.0,2017,June,Thursday,8
4137,2017-06-22 09:00:00,24.195,47.645,4.92,591.167,304.247,29350.993,18647.401,14528.985,2017,June,Thursday,9
4138,2017-06-22 10:00:00,25.548,40.903,4.919,740.6,43.018,32413.245,20497.921,16178.215,2017,June,Thursday,10
4139,2017-06-22 11:00:00,26.947,34.817,4.923,847.667,46.183,34655.364,21971.102,17574.4,2017,June,Thursday,11
4140,2017-06-22 12:00:00,28.068,32.927,4.919,902.0,51.543,36520.265,23052.599,18760.862,2017,June,Thursday,12
4141,2017-06-22 13:00:00,28.883,33.912,4.918,919.333,70.158,37365.828,23648.233,19817.354,2017,June,Thursday,13
4142,2017-06-22 14:00:00,29.007,30.743,4.917,881.167,54.497,37938.013,23600.832,20071.385,2017,June,Thursday,14
4143,2017-06-22 15:00:00,28.892,29.918,4.92,788.0,45.097,37906.225,23358.836,20194.462,2017,June,Thursday,15
4144,2017-06-22 16:00:00,28.158,28.632,4.923,666.383,40.465,37374.305,22988.358,20209.231,2017,June,Thursday,16
4145,2017-06-22 17:00:00,27.15,30.493,4.922,508.85,167.06,37865.96,22815.593,20804.923,2017,June,Thursday,17
4146,2017-06-22 18:00:00,26.52,35.328,4.919,326.433,347.667,39465.96,24167.152,22208.985,2017,June,Thursday,18
4147,2017-06-22 19:00:00,25.755,36.935,4.917,151.617,163.35,45153.907,27816.424,27236.431,2017,June,Thursday,19
4148,2017-06-22 20:00:00,24.575,40.833,4.919,21.132,19.684,46910.728,27765.281,29303.138,2017,June,Thursday,20
4149,2017-06-22 21:00:00,23.658,45.397,4.917,0.117,0.116,46760.265,27691.06,28719.262,2017,June,Thursday,21
4150,2017-06-22 22:00:00,22.615,54.137,4.92,0.095,0.087,46486.887,27694.179,28077.292,2017,June,Thursday,22
4151,2017-06-22 23:00:00,20.888,64.377,4.922,0.076,0.093,45211.126,27252.599,27469.785,2017,June,Thursday,23
4152,2017-06-23 00:00:00,19.95,70.993,4.918,0.059,0.125,42636.291,25844.906,27094.646,2017,June,Friday,0
4153,2017-06-23 01:00:00,19.187,75.617,4.917,0.069,0.106,41489.801,25361.538,26791.385,2017,June,Friday,1
4154,2017-06-23 02:00:00,18.793,76.267,4.916,0.058,0.127,41809.801,25293.555,25800.862,2017,June,Friday,2
4155,2017-06-23 03:00:00,18.52,74.583,4.917,0.069,0.111,35282.649,21492.723,21562.092,2017,June,Friday,3
4156,2017-06-23 04:00:00,18.352,73.525,4.918,0.059,0.12,28596.556,17883.368,17768.369,2017,June,Friday,4
4157,2017-06-23 05:00:00,17.605,71.783,4.918,0.3,0.285,24021.192,14640.748,12935.877,2017,June,Friday,5
4158,2017-06-23 06:00:00,17.448,67.338,4.918,43.849,38.657,23667.285,14057.588,12133.415,2017,June,Friday,6
4159,2017-06-23 07:00:00,18.693,70.358,4.918,212.85,202.783,23995.762,14712.474,12305.723,2017,June,Friday,7
4160,2017-06-23 08:00:00,20.465,69.412,4.919,404.65,394.55,25695.364,15935.551,13070.769,2017,June,Friday,8
4161,2017-06-23 09:00:00,22.407,61.192,4.921,585.15,300.855,27861.192,17961.331,14396.062,2017,June,Friday,9
4162,2017-06-23 10:00:00,24.612,49.882,4.922,734.3,47.945,30967.947,20122.453,15769.6,2017,June,Friday,10
4163,2017-06-23 11:00:00,26.095,43.387,4.921,845.833,47.7,34994.437,22016.008,17014.154,2017,June,Friday,11
4164,2017-06-23 12:00:00,27.368,38.67,4.923,907.0,47.918,35259.338,22226.819,17692.554,2017,June,Friday,12
4165,2017-06-23 13:00:00,28.18,36.582,4.92,917.333,51.623,36757.616,22571.102,18625.969,2017,June,Friday,13
4166,2017-06-23 14:00:00,28.297,37.962,4.919,876.333,50.462,38319.47,23390.021,19584.0,2017,June,Friday,14
4167,2017-06-23 15:00:00,28.535,35.73,4.922,791.667,49.623,38268.609,23195.426,20140.308,2017,June,Friday,15
4168,2017-06-23 16:00:00,28.79,33.852,4.919,663.817,45.807,37766.358,22926.611,20672.0,2017,June,Friday,16
4169,2017-06-23 17:00:00,28.577,34.335,4.918,498.267,163.218,38393.642,22468.815,21042.215,2017,June,Friday,17
4170,2017-06-23 18:00:00,27.987,33.502,4.919,316.533,337.033,41032.053,22752.599,22462.031,2017,June,Friday,18
4171,2017-06-23 19:00:00,26.547,36.765,4.921,141.1,153.6,46881.06,25894.179,27675.569,2017,June,Friday,19
4172,2017-06-23 20:00:00,24.532,44.33,4.917,18.832,19.475,48648.477,26489.813,29590.646,2017,June,Friday,20
4173,2017-06-23 21:00:00,22.99,51.4,4.917,0.112,0.114,48631.523,26040.748,29382.892,2017,June,Friday,21
4174,2017-06-23 22:00:00,21.87,57.405,4.919,0.095,0.094,48349.669,25471.31,28671.015,2017,June,Friday,22
4175,2017-06-23 23:00:00,20.932,60.595,4.92,0.091,0.098,47050.596,24734.096,27928.615,2017,June,Friday,23
4176,2017-06-24 00:00:00,20.103,62.573,4.921,0.081,0.093,44744.901,23929.522,27121.231,2017,June,Saturday,0
4177,2017-06-24 01:00:00,19.117,64.61,4.92,0.082,0.096,43668.344,23549.688,27364.431,2017,June,Saturday,1
4178,2017-06-24 02:00:00,18.543,65.672,4.919,0.078,0.104,43242.384,23144.283,26589.538,2017,June,Saturday,2
4179,2017-06-24 03:00:00,17.823,67.298,4.92,0.073,0.105,36700.397,19584.823,21726.523,2017,June,Saturday,3
4180,2017-06-24 04:00:00,17.048,70.02,4.921,0.059,0.106,29846.887,15832.017,17862.892,2017,June,Saturday,4
4181,2017-06-24 05:00:00,17.285,71.175,4.92,0.347,0.313,24731.126,12664.865,13212.554,2017,June,Saturday,5
4182,2017-06-24 06:00:00,18.215,76.983,4.92,16.974,13.345,23673.642,12340.541,12473.108,2017,June,Saturday,6
4183,2017-06-24 07:00:00,19.618,80.283,4.919,66.548,52.01,23489.272,12862.578,12799.015,2017,June,Saturday,7
4184,2017-06-24 08:00:00,20.577,82.567,4.917,220.565,184.068,25347.815,13884.2,13604.431,2017,June,Saturday,8
4185,2017-06-24 09:00:00,22.187,77.683,4.916,592.25,310.083,28202.384,15342.412,14956.308,2017,June,Saturday,9
4186,2017-06-24 10:00:00,22.84,72.0,4.917,719.067,66.657,30768.742,17112.474,16640.0,2017,June,Saturday,10
4187,2017-06-24 11:00:00,23.677,67.333,4.92,829.333,64.533,33150.728,18793.347,18608.246,2017,June,Saturday,11
4188,2017-06-24 12:00:00,23.88,67.06,4.922,891.5,65.032,34843.974,19611.642,19968.985,2017,June,Saturday,12
4189,2017-06-24 13:00:00,24.263,68.12,4.921,910.667,74.817,35651.391,19992.723,20971.323,2017,June,Saturday,13
4190,2017-06-24 14:00:00,24.58,67.927,4.921,874.667,79.15,36348.609,20167.983,21558.154,2017,June,Saturday,14
4191,2017-06-24 15:00:00,24.458,70.048,4.919,798.667,79.623,37054.305,20564.033,21953.969,2017,June,Saturday,15
4192,2017-06-24 16:00:00,24.423,70.165,4.922,655.783,58.992,37234.437,20582.744,22273.969,2017,June,Saturday,16
4193,2017-06-24 17:00:00,23.967,72.533,4.921,491.183,197.658,38205.033,20492.931,23200.492,2017,June,Saturday,17
4194,2017-06-24 18:00:00,23.438,75.333,4.921,265.217,265.033,39953.377,21653.638,24915.692,2017,June,Saturday,18
4195,2017-06-24 19:00:00,22.83,77.617,4.918,83.808,78.585,46052.45,25200.0,29811.2,2017,June,Saturday,19
4196,2017-06-24 20:00:00,22.29,79.767,4.92,13.441,12.2,46965.828,25588.565,31273.354,2017,June,Saturday,20
4197,2017-06-24 21:00:00,21.958,82.133,4.922,0.084,0.142,46908.609,25622.869,31410.215,2017,June,Saturday,21
4198,2017-06-24 22:00:00,21.803,81.85,4.918,0.055,0.126,47040.0,25692.723,30864.738,2017,June,Saturday,22
4199,2017-06-24 23:00:00,21.65,80.983,4.917,0.065,0.117,45662.517,24974.844,30013.046,2017,June,Saturday,23
4200,2017-06-25 00:00:00,21.527,79.683,4.918,0.064,0.122,43231.788,23553.43,29056.985,2017,June,Sunday,0
4201,2017-06-25 01:00:00,21.547,78.083,4.917,0.067,0.138,41731.391,22813.098,28586.338,2017,June,Sunday,1
4202,2017-06-25 02:00:00,21.4,77.35,4.917,0.057,0.139,40665.43,22771.933,27641.108,2017,June,Sunday,2
4203,2017-06-25 03:00:00,20.54,79.7,4.917,0.061,0.12,35038.94,19226.819,23168.0,2017,June,Sunday,3
4204,2017-06-25 04:00:00,19.912,82.217,4.917,0.056,0.135,28503.311,15735.343,19183.262,2017,June,Sunday,4
4205,2017-06-25 05:00:00,19.93,82.383,4.916,0.155,0.204,23565.563,12261.954,14138.092,2017,June,Sunday,5
4206,2017-06-25 06:00:00,20.018,81.25,4.918,15.12,11.307,22732.715,11595.218,13391.754,2017,June,Sunday,6
4207,2017-06-25 07:00:00,20.923,78.583,4.917,191.952,163.348,23061.192,11927.651,13436.062,2017,June,Sunday,7
4208,2017-06-25 08:00:00,22.467,71.183,4.918,411.133,385.417,23775.364,12624.948,13852.554,2017,June,Sunday,8
4209,2017-06-25 09:00:00,23.058,69.212,4.917,578.867,303.1,25960.265,13620.374,15388.554,2017,June,Sunday,9
4210,2017-06-25 10:00:00,23.472,68.412,4.919,725.267,65.957,28889.007,14925.78,17260.308,2017,June,Sunday,10
4211,2017-06-25 11:00:00,23.798,66.6,4.922,832.667,61.243,32061.457,16171.31,18555.077,2017,June,Sunday,11
4212,2017-06-25 12:00:00,24.218,66.692,4.923,894.667,58.833,33629.669,17358.212,20285.046,2017,June,Sunday,12
4213,2017-06-25 13:00:00,24.225,67.765,4.92,905.333,55.287,35089.801,18142.204,21671.385,2017,June,Sunday,13
4214,2017-06-25 14:00:00,24.432,67.913,4.922,868.333,53.243,35191.523,19276.091,22725.908,2017,June,Sunday,14
4215,2017-06-25 15:00:00,24.63,67.427,4.92,782.667,49.857,35967.152,20567.152,23535.262,2017,June,Sunday,15
4216,2017-06-25 16:00:00,24.428,66.845,4.922,659.15,47.608,36098.543,20681.289,23833.6,2017,June,Sunday,16
4217,2017-06-25 17:00:00,24.303,67.072,4.919,492.7,185.34,36903.841,21220.79,24077.785,2017,June,Sunday,17
4218,2017-06-25 18:00:00,23.947,69.037,4.921,309.083,326.517,38400.0,22440.748,25651.2,2017,June,Sunday,18
4219,2017-06-25 19:00:00,23.355,73.933,4.922,133.2,142.05,43602.649,25975.884,30471.877,2017,June,Sunday,19
4220,2017-06-25 20:00:00,22.6,78.633,4.922,20.412,20.139,46052.45,26842.827,32519.877,2017,June,Sunday,20
4221,2017-06-25 21:00:00,22.093,82.333,4.921,0.087,0.144,47188.344,27500.832,33293.785,2017,June,Sunday,21
4222,2017-06-25 22:00:00,21.857,84.267,4.918,0.06,0.116,47624.901,27850.728,33127.385,2017,June,Sunday,22
4223,2017-06-25 23:00:00,21.787,85.517,4.917,0.06,0.122,45874.437,26601.455,32212.677,2017,June,Sunday,23
4224,2017-06-26 00:00:00,21.727,86.483,4.916,0.052,0.15,43244.503,25178.17,30855.877,2017,June,Monday,0
4225,2017-06-26 01:00:00,21.013,87.617,4.914,0.049,0.14,39896.159,23211.019,28908.308,2017,June,Monday,1
4226,2017-06-26 02:00:00,20.945,88.1,4.915,0.049,0.151,36975.894,21218.295,27036.554,2017,June,Monday,2
4227,2017-06-26 03:00:00,19.39,89.05,4.917,0.056,0.127,34055.629,19447.609,24690.215,2017,June,Monday,3
4228,2017-06-26 04:00:00,19.275,89.65,4.917,0.051,0.146,29247.152,16582.328,21537.477,2017,June,Monday,4
4229,2017-06-26 05:00:00,19.418,89.667,4.915,0.128,0.187,23805.033,12813.306,16178.215,2017,June,Monday,5
4230,2017-06-26 06:00:00,19.542,89.383,4.914,14.342,11.049,23832.583,13142.62,16605.538,2017,June,Monday,6
4231,2017-06-26 07:00:00,20.658,88.017,4.914,74.978,58.22,25725.033,14310.811,17618.708,2017,June,Monday,7
4232,2017-06-26 08:00:00,21.382,84.683,4.916,216.317,179.35,27197.881,15389.813,18622.031,2017,June,Monday,8
4233,2017-06-26 09:00:00,22.492,78.517,4.916,588.217,311.967,27486.093,15582.536,18905.6,2017,June,Monday,9
4234,2017-06-26 10:00:00,23.63,72.617,4.918,715.35,65.43,28361.325,16124.532,19484.554,2017,June,Monday,10
4235,2017-06-26 11:00:00,24.375,68.693,4.92,823.333,62.938,29298.013,16403.326,20058.585,2017,June,Monday,11
4236,2017-06-26 12:00:00,24.918,67.323,4.922,887.333,60.027,30366.093,17193.555,20983.138,2017,June,Monday,12
4237,2017-06-26 13:00:00,25.033,67.637,4.925,903.833,55.838,31029.404,17729.314,21026.462,2017,June,Monday,13
4238,2017-06-26 14:00:00,25.617,66.022,4.922,865.667,54.8,30138.278,16977.131,21052.062,2017,June,Monday,14
4239,2017-06-26 15:00:00,25.768,64.165,4.919,783.333,53.12,28619.868,16340.956,20219.077,2017,June,Monday,15
4240,2017-06-26 16:00:00,25.417,66.25,4.921,660.183,52.322,27262.517,16087.734,20165.908,2017,June,Monday,16
4241,2017-06-26 17:00:00,25.522,67.422,4.92,491.683,178.305,26978.543,15883.784,19845.908,2017,June,Monday,17
4242,2017-06-26 18:00:00,24.815,72.218,4.922,312.167,328.783,27388.609,15817.672,19789.785,2017,June,Monday,18
4243,2017-06-26 19:00:00,24.18,77.233,4.922,137.35,145.917,30241.06,17611.435,24096.492,2017,June,Monday,19
4244,2017-06-26 20:00:00,23.435,81.9,4.924,19.986,19.595,36965.298,21998.545,30106.585,2017,June,Monday,20
4245,2017-06-26 21:00:00,22.888,84.55,4.917,0.089,0.15,37669.934,22089.605,29813.169,2017,June,Monday,21
4246,2017-06-26 22:00:00,22.757,84.617,4.918,0.061,0.125,38543.046,22318.503,29613.292,2017,June,Monday,22
4247,2017-06-26 23:00:00,22.555,86.467,4.916,0.064,0.144,36671.788,21793.971,28295.877,2017,June,Monday,23
4248,2017-06-27 00:00:00,21.592,88.05,4.917,0.066,0.126,33083.974,20129.938,25578.338,2017,June,Tuesday,0
4249,2017-06-27 01:00:00,20.738,89.533,4.916,0.072,0.13,29334.04,18205.821,22490.585,2017,June,Tuesday,1
4250,2017-06-27 02:00:00,20.202,89.517,4.918,0.06,0.143,26822.781,16801.871,20608.985,2017,June,Tuesday,2
4251,2017-06-27 03:00:00,20.06,89.55,4.918,0.066,0.126,25659.338,16149.48,20057.6,2017,June,Tuesday,3
4252,2017-06-27 04:00:00,20.392,88.833,4.919,0.053,0.128,23590.993,14422.453,18127.754,2017,June,Tuesday,4
4253,2017-06-27 05:00:00,19.705,89.083,4.915,0.182,0.226,19806.093,11196.05,13791.508,2017,June,Tuesday,5
4254,2017-06-27 06:00:00,19.423,90.033,4.916,16.944,13.968,19726.623,10751.975,13391.754,2017,June,Tuesday,6
4255,2017-06-27 07:00:00,19.958,89.967,4.914,71.322,57.04,20535.099,11181.081,13644.8,2017,June,Tuesday,7
4256,2017-06-27 08:00:00,21.078,87.967,4.915,238.35,196.4,21747.285,12444.699,15341.292,2017,June,Tuesday,8
4257,2017-06-27 09:00:00,22.683,79.15,4.916,555.0,288.5,23980.927,13904.158,17375.508,2017,June,Tuesday,9
4258,2017-06-27 10:00:00,24.708,67.035,4.917,705.9,105.983,26678.675,15601.247,19410.708,2017,June,Tuesday,10
4259,2017-06-27 11:00:00,25.992,60.568,4.921,812.667,105.1,28824.371,16803.119,20700.554,2017,June,Tuesday,11
4260,2017-06-27 12:00:00,26.422,57.707,4.924,870.333,106.483,30031.258,17784.823,21941.169,2017,June,Tuesday,12
4261,2017-06-27 13:00:00,26.697,55.203,4.922,883.667,106.533,30807.947,18662.37,22748.554,2017,June,Tuesday,13
4262,2017-06-27 14:00:00,27.088,55.377,4.92,844.667,108.533,31147.02,18832.017,22728.862,2017,June,Tuesday,14
4263,2017-06-27 15:00:00,27.342,55.348,4.923,759.833,110.55,30549.404,18360.499,22575.262,2017,June,Tuesday,15
4264,2017-06-27 16:00:00,27.155,55.37,4.92,633.433,112.717,29710.199,17853.43,22251.323,2017,June,Tuesday,16
4265,2017-06-27 17:00:00,27.015,57.105,4.92,470.633,201.45,28886.887,17501.04,22038.646,2017,June,Tuesday,17
4266,2017-06-27 18:00:00,26.003,62.96,4.919,284.183,272.367,28581.722,17508.524,22315.323,2017,June,Tuesday,18
4267,2017-06-27 19:00:00,24.913,69.9,4.921,121.617,115.74,31793.377,19503.742,26748.062,2017,June,Tuesday,19
4268,2017-06-27 20:00:00,24.08,73.5,4.92,19.055,17.044,38812.185,24161.538,31600.246,2017,June,Tuesday,20
4269,2017-06-27 21:00:00,23.827,74.217,4.924,0.11,0.11,39542.252,24055.509,31168.0,2017,June,Tuesday,21
4270,2017-06-27 22:00:00,22.967,81.1,4.919,0.065,0.109,40540.397,24374.844,30779.077,2017,June,Tuesday,22
4271,2017-06-27 23:00:00,21.298,83.467,4.916,0.06,0.126,38295.099,23477.963,28762.585,2017,June,Tuesday,23
4272,2017-06-28 00:00:00,21.315,82.233,4.92,0.068,0.13,34331.126,21466.528,26135.631,2017,June,Wednesday,0
4273,2017-06-28 01:00:00,22.028,78.717,4.917,0.065,0.121,30720.0,18973.597,23134.523,2017,June,Wednesday,1
4274,2017-06-28 02:00:00,22.08,74.7,4.918,0.063,0.13,28618.808,17641.372,21213.538,2017,June,Wednesday,2
4275,2017-06-28 03:00:00,21.817,70.7,4.918,0.065,0.112,27630.199,16874.844,20204.308,2017,June,Wednesday,3
4276,2017-06-28 04:00:00,21.515,71.817,4.917,0.062,0.125,25185.695,15217.672,18168.123,2017,June,Wednesday,4
4277,2017-06-28 05:00:00,20.53,74.833,4.916,0.225,0.245,20873.113,12556.341,13882.092,2017,June,Wednesday,5
4278,2017-06-28 06:00:00,20.053,75.917,4.916,31.498,26.543,20461.987,12850.104,13552.246,2017,June,Wednesday,6
4279,2017-06-28 07:00:00,20.503,73.6,4.916,179.25,162.817,22128.742,14171.726,14572.308,2017,June,Wednesday,7
4280,2017-06-28 08:00:00,22.39,69.073,4.918,366.733,339.85,25430.464,16243.659,16191.015,2017,June,Wednesday,8
4281,2017-06-28 09:00:00,25.6,60.467,4.919,548.2,274.95,28654.834,18144.699,17907.2,2017,June,Wednesday,9
4282,2017-06-28 10:00:00,27.878,47.377,4.923,698.85,102.233,31565.563,19723.909,19245.292,2017,June,Wednesday,10
4283,2017-06-28 11:00:00,29.3,40.75,4.924,805.0,103.85,33832.053,20969.439,20602.092,2017,June,Wednesday,11
4284,2017-06-28 12:00:00,28.033,46.915,4.924,868.0,103.067,34781.457,21770.894,22022.892,2017,June,Wednesday,12
4285,2017-06-28 13:00:00,27.777,50.533,4.919,879.833,102.517,35386.49,22432.017,22784.985,2017,June,Wednesday,13
4286,2017-06-28 14:00:00,28.145,47.408,4.921,845.833,98.033,35002.914,22432.64,22922.831,2017,June,Wednesday,14
4287,2017-06-28 15:00:00,28.178,48.07,4.919,757.0,99.9,34035.497,21919.958,22522.092,2017,June,Wednesday,15
4288,2017-06-28 16:00:00,27.77,50.84,4.92,636.167,93.8,33376.424,21516.424,22481.723,2017,June,Wednesday,16
4289,2017-06-28 17:00:00,27.912,49.997,4.92,477.883,173.85,32477.881,20729.938,22399.015,2017,June,Wednesday,17
4290,2017-06-28 18:00:00,26.903,55.453,4.922,297.817,302.3,32567.947,20738.669,22517.169,2017,June,Wednesday,18
4291,2017-06-28 19:00:00,25.903,60.385,4.922,128.583,131.933,36203.444,22771.31,27211.815,2017,June,Wednesday,19
4292,2017-06-28 20:00:00,25.037,66.987,4.92,20.977,20.011,43002.914,27066.736,32433.231,2017,June,Wednesday,20
4293,2017-06-28 21:00:00,24.287,73.867,4.923,0.112,0.122,42939.338,27063.617,31962.585,2017,June,Wednesday,21
4294,2017-06-28 22:00:00,23.333,77.467,4.92,0.082,0.11,41701.722,26299.584,30587.077,2017,June,Wednesday,22
4295,2017-06-28 23:00:00,22.375,79.433,4.92,0.078,0.108,39070.728,24484.615,28445.538,2017,June,Wednesday,23
4296,2017-06-29 00:00:00,21.998,81.3,4.918,0.073,0.122,34935.099,22118.295,25789.046,2017,June,Thursday,0
4297,2017-06-29 01:00:00,21.878,82.95,4.916,0.069,0.126,31099.338,19765.696,23063.631,2017,June,Thursday,1
4298,2017-06-29 02:00:00,22.238,83.417,4.917,0.073,0.121,29089.272,18396.05,21546.338,2017,June,Thursday,2
4299,2017-06-29 03:00:00,22.392,83.167,4.916,0.071,0.109,28232.053,17678.17,20587.323,2017,June,Thursday,3
4300,2017-06-29 04:00:00,21.417,81.533,4.918,0.076,0.13,25820.397,15949.896,18677.169,2017,June,Thursday,4
4301,2017-06-29 05:00:00,21.022,81.15,4.917,0.182,0.196,21976.159,12957.38,13875.2,2017,June,Thursday,5
4302,2017-06-29 06:00:00,20.402,81.2,4.915,26.612,22.461,21481.325,13316.632,13581.785,2017,June,Thursday,6
4303,2017-06-29 07:00:00,20.722,81.467,4.914,170.533,147.033,22776.159,14613.306,14513.231,2017,June,Thursday,7
4304,2017-06-29 08:00:00,21.883,78.75,4.915,336.667,302.85,23107.815,16610.395,16089.6,2017,June,Thursday,8
4305,2017-06-29 09:00:00,23.628,71.293,4.918,520.05,283.133,24614.57,18513.306,18050.954,2017,June,Thursday,9
4306,2017-06-29 10:00:00,25.86,62.88,4.919,666.883,143.717,27606.887,20079.418,19889.231,2017,June,Thursday,10
4307,2017-06-29 11:00:00,28.268,53.14,4.923,772.5,145.283,31222.252,20646.362,21375.015,2017,June,Thursday,11
4308,2017-06-29 12:00:00,30.247,45.825,4.924,832.667,149.317,34325.828,19889.813,22202.092,2017,June,Thursday,12
4309,2017-06-29 13:00:00,31.028,45.558,3.338,845.167,149.983,35390.728,19993.971,22764.308,2017,June,Thursday,13
4310,2017-06-29 14:00:00,29.33,52.803,0.068,813.833,140.767,35564.503,20066.944,23182.769,2017,June,Thursday,14
4311,2017-06-29 15:00:00,28.12,54.748,0.067,744.167,126.2,35669.404,19654.678,22856.862,2017,June,Thursday,15
4312,2017-06-29 16:00:00,27.74,55.243,0.067,621.1,117.283,34972.185,18980.457,22881.477,2017,June,Thursday,16
4313,2017-06-29 17:00:00,27.595,54.948,0.067,456.7,179.0,34813.245,18685.447,23088.246,2017,June,Thursday,17
4314,2017-06-29 18:00:00,27.042,56.738,0.677,281.217,268.6,33047.947,20917.048,23690.831,2017,June,Thursday,18
4315,2017-06-29 19:00:00,26.192,59.648,4.919,119.405,113.678,36999.205,23693.763,28413.046,2017,June,Thursday,19
4316,2017-06-29 20:00:00,25.448,62.432,4.92,17.901,15.843,43619.603,27764.657,33598.031,2017,June,Thursday,20
4317,2017-06-29 21:00:00,24.755,64.987,4.921,0.101,0.104,43797.616,27677.339,32801.477,2017,June,Thursday,21
4318,2017-06-29 22:00:00,24.168,71.7,4.922,0.091,0.106,42400.0,27065.489,31751.877,2017,June,Thursday,22
4319,2017-06-29 23:00:00,23.318,75.85,4.923,0.086,0.106,38992.318,25107.069,29602.462,2017,June,Thursday,23
4320,2017-06-30 00:00:00,22.555,76.75,4.922,0.083,0.099,34152.053,22529.314,26459.569,2017,June,Friday,0
4321,2017-06-30 01:00:00,22.38,77.05,4.921,0.077,0.116,30821.722,20348.233,23753.846,2017,June,Friday,1
4322,2017-06-30 02:00:00,22.333,74.517,4.918,0.069,0.134,28752.318,18840.125,21703.877,2017,June,Friday,2
4323,2017-06-30 03:00:00,21.52,77.917,4.916,0.06,0.124,27490.331,17679.418,20594.215,2017,June,Friday,3
4324,2017-06-30 04:00:00,20.795,81.35,4.917,0.066,0.118,25247.152,16224.948,18499.938,2017,June,Friday,4
4325,2017-06-30 05:00:00,20.493,82.783,4.912,0.169,0.195,21301.192,13423.909,14018.954,2017,June,Friday,5
4326,2017-06-30 06:00:00,20.115,84.083,4.913,24.055,19.965,21117.881,13798.129,13597.538,2017,June,Friday,6
4327,2017-06-30 07:00:00,20.23,84.417,4.914,146.867,127.04,22969.007,15208.316,14753.477,2017,June,Friday,7
4328,2017-06-30 08:00:00,21.275,81.65,4.913,325.35,284.817,25663.576,17174.844,16307.2,2017,June,Friday,8
4329,2017-06-30 09:00:00,23.338,72.842,4.916,506.217,277.95,28282.914,19090.852,18179.938,2017,June,Friday,9
4330,2017-06-30 10:00:00,25.268,65.065,4.918,656.717,172.283,31117.351,21102.287,20173.785,2017,June,Friday,10
4331,2017-06-30 11:00:00,26.003,61.585,4.922,770.167,175.283,33260.927,22424.532,21592.615,2017,June,Friday,11
4332,2017-06-30 12:00:00,27.027,56.115,4.923,830.833,171.933,33673.113,22453.222,22311.385,2017,June,Friday,12
4333,2017-06-30 13:00:00,27.367,52.953,4.922,845.0,163.417,34384.106,22768.815,22653.046,2017,June,Friday,13
4334,2017-06-30 14:00:00,28.407,48.188,4.92,814.0,150.133,34493.245,22903.534,22336.0,2017,June,Friday,14
4335,2017-06-30 15:00:00,29.258,43.558,4.918,734.55,132.05,33957.086,22567.36,22108.554,2017,June,Friday,15
4336,2017-06-30 16:00:00,30.273,38.857,4.922,619.183,117.433,33515.232,22015.385,22246.4,2017,June,Friday,16
4337,2017-06-30 17:00:00,29.957,37.45,4.92,475.717,170.683,33004.503,21269.439,22383.262,2017,June,Friday,17
4338,2017-06-30 18:00:00,28.923,40.615,4.92,297.583,287.067,32911.258,21195.842,23277.292,2017,June,Friday,18
4339,2017-06-30 19:00:00,26.977,47.26,4.923,118.84,114.428,36636.821,23616.424,28262.4,2017,June,Friday,19
4340,2017-06-30 20:00:00,25.093,54.245,4.92,17.051,15.432,43746.755,27790.852,33390.277,2017,June,Friday,20
4341,2017-06-30 21:00:00,23.653,59.457,4.92,0.097,0.117,43949.139,27580.042,32830.031,2017,June,Friday,21
4342,2017-06-30 22:00:00,22.42,64.897,4.923,0.081,0.099,42395.762,26674.428,31872.0,2017,June,Friday,22
4343,2017-06-30 23:00:00,21.372,70.425,4.918,0.063,0.132,39131.126,24906.237,29606.4,2017,June,Friday,23
4344,2017-07-01 00:00:00,21.045,70.7,4.917,0.07,0.11,34531.296,22850.633,26995.481,2017,July,Saturday,0
4345,2017-07-01 01:00:00,20.797,72.267,4.918,0.063,0.121,30742.326,20461.392,23572.218,2017,July,Saturday,1
4346,2017-07-01 02:00:00,20.94,70.775,4.917,0.072,0.134,29015.814,19108.861,21705.439,2017,July,Saturday,2
4347,2017-07-01 03:00:00,20.743,72.35,4.917,0.056,0.137,27798.538,18166.456,20740.418,2017,July,Saturday,3
4348,2017-07-01 04:00:00,20.612,72.3,4.917,0.064,0.128,25198.14,16321.519,18708.954,2017,July,Saturday,4
4349,2017-07-01 05:00:00,20.098,73.033,4.915,0.126,0.185,21148.704,13243.038,14186.109,2017,July,Saturday,5
4350,2017-07-01 06:00:00,19.628,75.617,4.916,18.245,15.295,20701.13,13463.924,13880.837,2017,July,Saturday,6
4351,2017-07-01 07:00:00,20.543,72.95,4.916,162.317,144.033,21938.605,14574.051,15045.69,2017,July,Saturday,7
4352,2017-07-01 08:00:00,22.392,65.655,4.918,353.95,320.117,24479.468,16526.582,17484.854,2017,July,Saturday,8
4353,2017-07-01 09:00:00,23.975,58.848,4.919,538.517,276.25,27380.731,18839.241,19471.13,2017,July,Saturday,9
4354,2017-07-01 10:00:00,26.283,50.935,4.921,687.083,129.35,30928.372,20806.962,21477.49,2017,July,Saturday,10
4355,2017-07-01 11:00:00,28.117,45.392,4.923,796.833,126.5,32913.223,21939.873,23018.912,2017,July,Saturday,11
4356,2017-07-01 12:00:00,29.792,37.087,4.92,858.5,119.15,34301.661,22793.038,24360.502,2017,July,Saturday,12
4357,2017-07-01 13:00:00,30.693,34.452,4.92,870.167,109.333,35180.864,23529.747,25036.318,2017,July,Saturday,13
4358,2017-07-01 14:00:00,31.44,33.782,4.922,834.5,99.517,34971.429,23224.684,25289.372,2017,July,Saturday,14
4359,2017-07-01 15:00:00,30.347,44.163,4.922,748.667,91.033,34027.375,22662.025,25138.745,2017,July,Saturday,15
4360,2017-07-01 16:00:00,30.083,43.197,4.922,627.2,83.967,33156.678,22001.266,24702.929,2017,July,Saturday,16
4361,2017-07-01 17:00:00,29.915,42.602,4.921,469.033,136.567,33160.93,21598.734,24697.908,2017,July,Saturday,17
4362,2017-07-01 18:00:00,29.903,42.2,4.923,287.417,285.0,33499.003,21825.949,25913.975,2017,July,Saturday,18
4363,2017-07-01 19:00:00,29.775,41.673,4.921,121.813,120.203,37699.402,24519.62,31058.41,2017,July,Saturday,19
4364,2017-07-01 20:00:00,28.032,43.707,4.919,19.213,17.677,44982.857,29063.924,36663.766,2017,July,Saturday,20
4365,2017-07-01 21:00:00,26.87,48.705,4.921,0.113,0.106,44619.269,28080.38,35330.209,2017,July,Saturday,21
4366,2017-07-01 22:00:00,25.013,59.257,4.921,0.102,0.102,42167.708,26289.873,33758.661,2017,July,Saturday,22
4367,2017-07-01 23:00:00,23.935,65.315,4.921,0.091,0.092,38847.575,24615.19,31658.912,2017,July,Saturday,23
4368,2017-07-02 00:00:00,22.723,68.865,4.92,0.104,0.078,34488.771,22103.797,28552.971,2017,July,Sunday,0
4369,2017-07-02 01:00:00,22.213,75.45,4.92,0.084,0.099,31036.811,19962.658,24984.1,2017,July,Sunday,1
4370,2017-07-02 02:00:00,21.568,79.533,4.919,0.078,0.127,28996.678,18431.646,22762.845,2017,July,Sunday,2
4371,2017-07-02 03:00:00,20.923,81.183,4.917,0.077,0.14,27824.053,17531.646,21635.146,2017,July,Sunday,3
4372,2017-07-02 04:00:00,20.618,81.533,4.917,0.072,0.148,25578.738,15732.911,19959.163,2017,July,Sunday,4
4373,2017-07-02 05:00:00,20.517,82.617,4.916,0.143,0.175,21556.944,12797.468,15072.803,2017,July,Sunday,5
4374,2017-07-02 06:00:00,20.127,81.883,4.915,24.883,20.556,21577.143,12578.481,14905.105,2017,July,Sunday,6
4375,2017-07-02 07:00:00,22.13,82.85,4.915,142.367,122.15,22545.648,13269.62,16304.937,2017,July,Sunday,7
4376,2017-07-02 08:00:00,23.553,78.583,4.916,341.2,303.483,24543.256,14506.329,17773.054,2017,July,Sunday,8
4377,2017-07-02 09:00:00,24.615,73.367,4.916,525.95,267.25,26761.993,16206.329,19992.301,2017,July,Sunday,9
4378,2017-07-02 10:00:00,25.158,70.09,4.918,671.783,137.7,29805.714,17800.0,22009.707,2017,July,Sunday,10
4379,2017-07-02 11:00:00,26.233,60.34,4.922,781.833,128.5,32086.113,19036.076,23605.356,2017,July,Sunday,11
4380,2017-07-02 12:00:00,26.967,56.978,4.921,842.0,126.883,33271.495,19718.987,24731.046,2017,July,Sunday,12
4381,2017-07-02 13:00:00,27.347,59.322,4.923,859.833,125.933,32841.993,20408.861,25316.485,2017,July,Sunday,13
4382,2017-07-02 14:00:00,27.372,64.63,4.92,820.167,139.633,32659.136,20358.228,25366.695,2017,July,Sunday,14
4383,2017-07-02 15:00:00,27.557,65.905,4.92,739.617,152.633,31925.581,20013.291,25131.715,2017,July,Sunday,15
4384,2017-07-02 16:00:00,27.133,69.955,4.92,618.8,185.367,31192.027,19713.924,24968.033,2017,July,Sunday,16
4385,2017-07-02 17:00:00,26.805,70.558,4.921,467.583,224.617,31428.04,19428.481,24766.192,2017,July,Sunday,17
4386,2017-07-02 18:00:00,26.758,68.873,4.924,277.617,257.617,32086.113,19679.114,24993.138,2017,July,Sunday,18
4387,2017-07-02 19:00:00,25.978,73.833,4.922,111.698,103.062,36419.402,22413.924,29768.033,2017,July,Sunday,19
4388,2017-07-02 20:00:00,25.057,80.767,4.921,15.086,12.848,43682.658,26856.329,35311.13,2017,July,Sunday,20
4389,2017-07-02 21:00:00,24.61,83.183,4.923,0.093,0.124,44493.821,27397.468,34563.013,2017,July,Sunday,21
4390,2017-07-02 22:00:00,24.472,82.8,4.922,0.074,0.129,42962.924,27063.291,33008.536,2017,July,Sunday,22
4391,2017-07-02 23:00:00,24.34,82.9,4.918,0.082,0.128,38726.379,24962.025,30343.431,2017,July,Sunday,23
4392,2017-07-03 00:00:00,24.13,85.417,4.916,0.076,0.131,33613.821,22271.519,27036.653,2017,July,Monday,0
4393,2017-07-03 01:00:00,23.872,85.983,4.916,0.073,0.126,30015.15,20141.139,23879.498,2017,July,Monday,1
4394,2017-07-03 02:00:00,23.87,86.4,4.916,0.071,0.146,28655.415,19021.519,22337.071,2017,July,Monday,2
4395,2017-07-03 03:00:00,23.887,84.817,4.916,0.075,0.123,28001.595,18402.532,21766.695,2017,July,Monday,3
4396,2017-07-03 04:00:00,24.108,84.133,4.916,0.058,0.135,25758.405,16889.241,19707.113,2017,July,Monday,4
4397,2017-07-03 05:00:00,23.863,86.65,4.914,0.11,0.171,22371.296,14691.772,14848.87,2017,July,Monday,5
4398,2017-07-03 06:00:00,23.618,87.3,4.914,22.253,17.96,23102.724,15501.899,15376.067,2017,July,Monday,6
4399,2017-07-03 07:00:00,23.748,86.667,4.914,113.6,92.055,23485.449,17293.671,16632.301,2017,July,Monday,7
4400,2017-07-03 08:00:00,24.228,82.717,4.916,122.7,95.2,25579.801,19315.19,18503.096,2017,July,Monday,8
4401,2017-07-03 09:00:00,24.73,80.75,4.918,329.55,231.833,31435.482,21558.228,20695.23,2017,July,Monday,9
4402,2017-07-03 10:00:00,25.33,76.517,4.922,298.2,226.033,34539.801,23010.759,22247.699,2017,July,Monday,10
4403,2017-07-03 11:00:00,25.683,75.083,4.922,370.333,284.5,36647.973,24176.582,23464.77,2017,July,Monday,11
4404,2017-07-03 12:00:00,26.143,73.733,4.924,513.717,359.183,37985.382,24650.0,24684.854,2017,July,Monday,12
4405,2017-07-03 13:00:00,26.508,71.517,4.924,540.383,363.2,37862.06,25113.291,25088.536,2017,July,Monday,13
4406,2017-07-03 14:00:00,26.505,70.817,4.923,676.067,345.9,37199.734,25058.228,25001.172,2017,July,Monday,14
4407,2017-07-03 15:00:00,26.663,70.115,4.919,551.833,335.333,36235.482,24338.608,24724.017,2017,July,Monday,15
4408,2017-07-03 16:00:00,26.277,71.533,4.921,460.083,311.283,35304.186,23474.684,24895.732,2017,July,Monday,16
4409,2017-07-03 17:00:00,26.067,73.283,4.92,330.883,242.333,35109.635,23223.418,25114.644,2017,July,Monday,17
4410,2017-07-03 18:00:00,25.858,74.967,4.923,267.667,243.967,35011.827,23249.367,25773.389,2017,July,Monday,18
4411,2017-07-03 19:00:00,25.273,77.783,4.921,102.642,89.007,39641.728,25815.19,30708.954,2017,July,Monday,19
4412,2017-07-03 20:00:00,24.868,80.917,4.922,15.041,12.053,46397.874,28935.443,35201.674,2017,July,Monday,20
4413,2017-07-03 21:00:00,24.62,84.117,4.919,0.074,0.145,46089.568,28637.975,34587.113,2017,July,Monday,21
4414,2017-07-03 22:00:00,24.48,85.617,4.918,0.074,0.136,43951.628,27862.025,33213.389,2017,July,Monday,22
4415,2017-07-03 23:00:00,24.352,86.3,4.916,0.064,0.144,38954.95,25458.861,30678.828,2017,July,Monday,23
4416,2017-07-04 00:00:00,24.3,87.35,4.917,0.062,0.136,33825.382,22439.873,26939.247,2017,July,Tuesday,0
4417,2017-07-04 01:00:00,24.188,87.2,4.915,0.068,0.159,30067.243,20401.266,23910.628,2017,July,Tuesday,1
4418,2017-07-04 02:00:00,24.207,85.9,4.916,0.061,0.146,28757.475,18962.658,22497.741,2017,July,Tuesday,2
4419,2017-07-04 03:00:00,24.128,84.7,4.918,0.061,0.12,28325.847,18279.747,21985.607,2017,July,Tuesday,3
4420,2017-07-04 04:00:00,24.182,83.233,4.918,0.058,0.143,26182.591,17133.544,19998.326,2017,July,Tuesday,4
4421,2017-07-04 05:00:00,24.112,82.8,4.916,0.13,0.174,22660.465,15049.367,14810.711,2017,July,Tuesday,5
4422,2017-07-04 06:00:00,23.892,83.7,4.916,24.647,19.735,21653.688,15749.367,14924.184,2017,July,Tuesday,6
4423,2017-07-04 07:00:00,24.222,83.667,4.916,166.067,142.067,25362.924,18315.823,16314.979,2017,July,Tuesday,7
4424,2017-07-04 08:00:00,24.79,81.4,4.916,317.233,276.333,26162.392,22112.658,18347.448,2017,July,Tuesday,8
4425,2017-07-04 09:00:00,25.557,77.217,4.917,525.2,249.65,29820.598,24324.051,20496.402,2017,July,Tuesday,9
4426,2017-07-04 10:00:00,26.413,73.45,4.92,667.2,127.883,28598.007,29347.468,23791.13,2017,July,Tuesday,10
4427,2017-07-04 11:00:00,26.662,72.617,4.92,780.667,141.6,29396.412,30174.051,26868.954,2017,July,Tuesday,11
4428,2017-07-04 12:00:00,26.535,71.933,4.924,842.667,161.1,32630.432,26951.266,27822.929,2017,July,Tuesday,12
4429,2017-07-04 13:00:00,26.757,70.535,4.925,865.0,290.117,35105.382,28375.949,25754.31,2017,July,Tuesday,13
4430,2017-07-04 14:00:00,26.932,70.282,4.922,727.183,303.667,34283.588,29124.051,25750.293,2017,July,Tuesday,14
4431,2017-07-04 15:00:00,26.738,71.267,4.922,522.333,296.783,36958.405,25293.671,25386.778,2017,July,Tuesday,15
4432,2017-07-04 16:00:00,26.762,70.7,4.92,529.65,238.867,35977.143,24239.241,25086.527,2017,July,Tuesday,16
4433,2017-07-04 17:00:00,26.478,72.533,4.918,471.25,195.567,35818.738,23206.962,25119.665,2017,July,Tuesday,17
4434,2017-07-04 18:00:00,26.07,74.233,4.921,288.6,272.767,36486.379,23421.519,25811.548,2017,July,Tuesday,18
4435,2017-07-04 19:00:00,25.563,75.817,4.921,82.272,75.61,41189.635,26141.772,31057.406,2017,July,Tuesday,19
4436,2017-07-04 20:00:00,24.913,79.45,4.921,11.92,9.932,46828.439,29603.165,35633.473,2017,July,Tuesday,20
4437,2017-07-04 21:00:00,24.543,82.317,4.922,0.094,0.098,45665.382,29206.962,34878.326,2017,July,Tuesday,21
4438,2017-07-04 22:00:00,24.357,83.733,4.918,0.071,0.14,43581.661,28005.063,33069.791,2017,July,Tuesday,22
4439,2017-07-04 23:00:00,24.303,84.05,4.917,0.074,0.136,38679.601,25606.329,30697.908,2017,July,Tuesday,23
4440,2017-07-05 00:00:00,24.32,85.017,4.915,0.059,0.146,34058.206,22618.987,27317.824,2017,July,Wednesday,0
4441,2017-07-05 01:00:00,24.255,85.833,4.914,0.081,0.12,30621.13,20063.924,24236.987,2017,July,Wednesday,1
4442,2017-07-05 02:00:00,24.27,85.783,4.914,0.07,0.13,28939.269,18794.937,22345.105,2017,July,Wednesday,2
4443,2017-07-05 03:00:00,24.088,85.783,4.916,0.072,0.125,28422.591,18427.848,20951.297,2017,July,Wednesday,3
4444,2017-07-05 04:00:00,24.05,85.9,4.914,0.059,0.156,26378.206,17213.291,19334.561,2017,July,Wednesday,4
4445,2017-07-05 05:00:00,23.99,85.967,4.915,0.082,0.137,22893.289,15177.215,15662.259,2017,July,Wednesday,5
4446,2017-07-05 06:00:00,23.91,86.517,4.916,3.852,2.991,24131.827,15585.443,15780.753,2017,July,Wednesday,6
4447,2017-07-05 07:00:00,23.705,87.35,4.913,29.46,22.608,26039.07,17834.177,16550.962,2017,July,Wednesday,7
4448,2017-07-05 08:00:00,23.812,87.3,4.915,95.162,72.863,29515.482,20048.734,18629.623,2017,July,Wednesday,8
4449,2017-07-05 09:00:00,25.1,80.0,4.917,424.367,177.2,33215.15,21822.152,20978.41,2017,July,Wednesday,9
4450,2017-07-05 10:00:00,26.588,71.517,4.916,679.233,117.567,36416.213,23748.734,23022.929,2017,July,Wednesday,10
4451,2017-07-05 11:00:00,27.407,68.59,4.919,791.833,107.55,38479.734,25142.405,24878.661,2017,July,Wednesday,11
4452,2017-07-05 12:00:00,27.87,65.348,4.922,855.5,104.0,39785.249,25550.0,26271.464,2017,July,Wednesday,12
4453,2017-07-05 13:00:00,28.292,62.008,4.924,875.0,100.833,39329.169,26033.544,26626.946,2017,July,Wednesday,13
4454,2017-07-05 14:00:00,27.923,65.555,4.92,818.833,100.633,39270.698,26358.861,26266.444,2017,July,Wednesday,14
4455,2017-07-05 15:00:00,27.468,68.99,4.921,757.0,104.95,38696.611,25777.848,26171.046,2017,July,Wednesday,15
4456,2017-07-05 16:00:00,27.355,70.46,4.921,628.333,108.45,37885.449,24542.405,26205.188,2017,July,Wednesday,16
4457,2017-07-05 17:00:00,27.107,72.567,4.92,468.183,153.95,37564.385,23984.81,26546.611,2017,July,Wednesday,17
4458,2017-07-05 18:00:00,26.717,74.633,4.92,287.967,278.233,37223.123,23687.975,26221.255,2017,July,Wednesday,18
4459,2017-07-05 19:00:00,26.228,76.517,4.92,119.367,115.085,41687.176,26197.468,31169.874,2017,July,Wednesday,19
4460,2017-07-05 20:00:00,25.512,80.717,4.921,15.025,13.09,47436.545,29503.165,36065.272,2017,July,Wednesday,20
4461,2017-07-05 21:00:00,25.265,82.283,4.923,0.092,0.108,46776.346,29291.772,35678.661,2017,July,Wednesday,21
4462,2017-07-05 22:00:00,25.047,83.783,4.919,0.076,0.117,44720.266,28015.823,33621.088,2017,July,Wednesday,22
4463,2017-07-05 23:00:00,25.012,83.983,4.918,0.074,0.151,39613.023,25677.215,30922.845,2017,July,Wednesday,23
4464,2017-07-06 00:00:00,24.907,84.5,4.916,0.07,0.127,34706.711,22668.987,27150.126,2017,July,Thursday,0
4465,2017-07-06 01:00:00,24.787,84.583,4.917,0.083,0.119,31102.724,20388.608,23994.979,2017,July,Thursday,1
4466,2017-07-06 02:00:00,24.537,84.783,4.917,0.084,0.128,29233.754,19062.025,22133.222,2017,July,Thursday,2
4467,2017-07-06 03:00:00,24.325,84.233,4.918,0.085,0.123,28803.189,18617.089,21391.13,2017,July,Thursday,3
4468,2017-07-06 04:00:00,24.278,83.517,4.917,0.082,0.12,26704.585,17431.646,19808.536,2017,July,Thursday,4
4469,2017-07-06 05:00:00,24.3,82.283,4.916,0.09,0.166,23406.777,15388.608,15694.393,2017,July,Thursday,5
4470,2017-07-06 06:00:00,24.413,81.1,4.917,8.004,6.459,24314.684,15627.848,15161.172,2017,July,Thursday,6
4471,2017-07-06 07:00:00,24.225,80.833,4.918,102.1,84.367,26756.678,17860.759,15983.598,2017,July,Thursday,7
4472,2017-07-06 08:00:00,25.185,77.683,4.918,346.567,312.567,29501.661,19953.797,18156.653,2017,July,Thursday,8
4473,2017-07-06 09:00:00,26.567,71.653,4.917,529.817,224.183,33209.834,21440.506,20714.31,2017,July,Thursday,9
4474,2017-07-06 10:00:00,28.158,63.767,4.917,681.217,96.6,38903.92,21555.063,22815.063,2017,July,Thursday,10
4475,2017-07-06 11:00:00,29.235,58.565,4.921,790.833,93.433,41626.578,22480.38,24708.954,2017,July,Thursday,11
4476,2017-07-06 12:00:00,29.832,54.08,4.927,856.833,90.767,41947.641,22272.785,25715.146,2017,July,Thursday,12
4477,2017-07-06 13:00:00,30.172,53.98,4.922,867.833,92.317,41978.472,22849.367,25948.117,2017,July,Thursday,13
4478,2017-07-06 14:00:00,30.328,52.488,4.924,835.333,89.233,42170.897,22639.873,25828.619,2017,July,Thursday,14
4479,2017-07-06 15:00:00,30.967,49.935,4.922,757.0,84.017,41335.282,22214.557,25432.971,2017,July,Thursday,15
4480,2017-07-06 16:00:00,30.492,50.38,4.922,633.883,79.817,40014.884,21465.19,25112.636,2017,July,Thursday,16
4481,2017-07-06 17:00:00,30.48,50.353,4.922,474.133,108.467,36370.498,22629.747,25290.377,2017,July,Thursday,17
4482,2017-07-06 18:00:00,29.277,60.158,4.922,287.55,288.833,35895.282,23223.418,25685.021,2017,July,Thursday,18
4483,2017-07-06 19:00:00,28.572,64.008,4.922,124.177,126.693,40422.06,26100.0,31097.573,2017,July,Thursday,19
4484,2017-07-06 20:00:00,27.48,70.202,4.923,13.415,12.339,47075.083,29994.304,36082.343,2017,July,Thursday,20
4485,2017-07-06 21:00:00,26.28,78.95,4.922,0.094,0.119,45957.741,29184.81,35269.958,2017,July,Thursday,21
4486,2017-07-06 22:00:00,25.3,81.1,0.867,0.079,0.125,44175.947,28250.0,33731.548,2017,July,Thursday,22
4487,2017-07-06 23:00:00,23.73,83.217,0.059,0.077,0.132,39464.186,25776.582,30972.05,2017,July,Thursday,23
4488,2017-07-07 00:00:00,22.912,82.933,0.057,0.083,0.135,34244.252,22768.987,27393.138,2017,July,Friday,0
4489,2017-07-07 01:00:00,23.033,83.65,0.108,0.085,0.125,30645.581,20206.329,24190.795,2017,July,Friday,1
4490,2017-07-07 02:00:00,23.967,82.733,0.118,0.084,0.138,28881.86,18735.443,22488.703,2017,July,Friday,2
4491,2017-07-07 03:00:00,23.412,75.333,0.061,0.078,0.119,28478.937,18458.228,21830.962,2017,July,Friday,3
4492,2017-07-07 04:00:00,22.867,72.8,0.16,0.076,0.126,26377.143,17129.747,20138.912,2017,July,Friday,4
4493,2017-07-07 05:00:00,22.713,72.7,0.185,0.134,0.184,22859.269,14858.228,14816.736,2017,July,Friday,5
4494,2017-07-07 06:00:00,22.442,71.028,3.969,23.049,18.935,23832.027,15599.367,14503.431,2017,July,Friday,6
4495,2017-07-07 07:00:00,22.587,68.273,4.923,156.65,139.883,26375.017,17795.57,16077.992,2017,July,Friday,7
4496,2017-07-07 08:00:00,24.525,63.018,4.923,348.933,321.1,28960.532,20209.494,18194.812,2017,July,Friday,8
4497,2017-07-07 09:00:00,28.53,52.235,4.924,530.983,223.583,32288.106,22380.38,20970.377,2017,July,Friday,9
4498,2017-07-07 10:00:00,31.967,40.603,4.926,681.65,97.617,34313.355,25837.975,23145.439,2017,July,Friday,10
4499,2017-07-07 11:00:00,34.638,31.057,4.925,798.167,94.983,29575.017,30767.722,26849.874,2017,July,Friday,11
4500,2017-07-07 12:00:00,36.1,29.345,4.923,855.333,95.65,34616.346,26459.494,25514.31,2017,July,Friday,12
4501,2017-07-07 13:00:00,34.467,35.518,2.892,861.0,99.65,37312.425,25418.987,25205.021,2017,July,Friday,13
4502,2017-07-07 14:00:00,34.495,36.67,0.069,824.5,99.517,37257.143,25888.608,24572.385,2017,July,Friday,14
4503,2017-07-07 15:00:00,34.018,37.192,0.069,744.333,98.067,36888.239,25213.291,24050.209,2017,July,Friday,15
4504,2017-07-07 16:00:00,34.873,34.49,0.068,618.867,92.633,35562.525,24156.962,24139.582,2017,July,Friday,16
4505,2017-07-07 17:00:00,34.915,31.932,0.07,462.15,106.6,34674.817,23843.671,24447.866,2017,July,Friday,17
4506,2017-07-07 18:00:00,35.478,29.318,3.953,293.817,281.15,34703.522,23539.873,25327.531,2017,July,Friday,18
4507,2017-07-07 19:00:00,35.092,27.803,4.914,107.575,105.558,38640.266,25827.848,30170.711,2017,July,Friday,19
4508,2017-07-07 20:00:00,32.868,32.403,4.918,10.212,9.264,46107.641,29346.203,35865.439,2017,July,Friday,20
4509,2017-07-07 21:00:00,31.178,35.615,4.919,0.086,0.101,45819.535,28931.013,35128.368,2017,July,Friday,21
4510,2017-07-07 22:00:00,30.538,34.4,4.918,0.091,0.099,44016.478,27913.291,33423.264,2017,July,Friday,22
4511,2017-07-07 23:00:00,28.58,42.388,4.917,0.081,0.105,39522.658,25671.519,30752.134,2017,July,Friday,23
4512,2017-07-08 00:00:00,26.938,46.597,4.915,0.098,0.088,34444.12,22433.544,27448.368,2017,July,Saturday,0
4513,2017-07-08 01:00:00,26.133,46.238,4.915,0.102,0.101,30781.661,20424.684,24360.502,2017,July,Saturday,1
4514,2017-07-08 02:00:00,25.967,42.352,4.914,0.097,0.095,28918.007,19034.177,22538.912,2017,July,Saturday,2
4515,2017-07-08 03:00:00,25.482,43.423,4.915,0.1,0.093,28505.515,18351.266,21700.418,2017,July,Saturday,3
4516,2017-07-08 04:00:00,24.932,47.917,4.915,0.09,0.103,26688.638,17047.468,19977.238,2017,July,Saturday,4
4517,2017-07-08 05:00:00,24.323,46.778,4.914,0.158,0.155,23000.664,14651.899,15101.925,2017,July,Saturday,5
4518,2017-07-08 06:00:00,23.155,50.348,4.914,25.672,21.017,23739.535,15222.152,14726.36,2017,July,Saturday,6
4519,2017-07-08 07:00:00,23.492,49.663,4.916,165.283,149.883,25682.924,17222.785,16441.506,2017,July,Saturday,7
4520,2017-07-08 08:00:00,25.417,43.467,4.918,356.25,330.033,29432.558,19117.722,19251.213,2017,July,Saturday,8
4521,2017-07-08 09:00:00,28.547,34.212,4.918,540.983,218.167,33475.615,21200.633,22000.669,2017,July,Saturday,9
4522,2017-07-08 10:00:00,32.083,24.035,4.919,689.3,98.367,36348.173,22787.975,24240.0,2017,July,Saturday,10
4523,2017-07-08 11:00:00,30.057,39.563,4.912,793.0,98.417,38430.831,23603.797,26017.406,2017,July,Saturday,11
4524,2017-07-08 12:00:00,29.677,42.613,4.911,855.5,96.883,38627.508,23993.671,27187.28,2017,July,Saturday,12
4525,2017-07-08 13:00:00,29.408,51.143,4.913,866.5,96.017,37375.15,24809.494,27573.891,2017,July,Saturday,13
4526,2017-07-08 14:00:00,29.332,54.678,4.912,829.333,95.067,36774.485,24674.051,27213.389,2017,July,Saturday,14
4527,2017-07-08 15:00:00,29.235,59.37,4.911,744.167,96.8,36102.591,23619.62,26727.364,2017,July,Saturday,15
4528,2017-07-08 16:00:00,28.988,62.532,4.91,618.417,97.317,35444.518,23093.671,26906.109,2017,July,Saturday,16
4529,2017-07-08 17:00:00,28.653,63.037,4.91,453.967,113.4,35268.04,22582.278,26766.527,2017,July,Saturday,17
4530,2017-07-08 18:00:00,28.453,61.858,4.908,276.833,261.45,35470.033,22926.582,27444.351,2017,July,Saturday,18
4531,2017-07-08 19:00:00,27.237,66.122,4.905,112.422,109.508,39958.538,25785.443,33073.808,2017,July,Saturday,19
4532,2017-07-08 20:00:00,25.858,74.567,4.904,13.808,12.078,47147.375,29418.987,38368.87,2017,July,Saturday,20
4533,2017-07-08 21:00:00,25.302,77.6,4.905,0.102,0.115,46359.601,28506.962,37279.331,2017,July,Saturday,21
4534,2017-07-08 22:00:00,24.915,79.15,4.905,0.1,0.102,44114.286,27389.873,35405.523,2017,July,Saturday,22
4535,2017-07-08 23:00:00,23.743,84.217,4.908,0.078,0.134,39819.269,24984.81,32322.678,2017,July,Saturday,23
4536,2017-07-09 00:00:00,24.258,77.517,4.912,0.091,0.097,35047.973,22349.367,29105.272,2017,July,Sunday,0
4537,2017-07-09 01:00:00,24.492,71.892,4.91,0.094,0.114,31293.023,20071.519,25606.695,2017,July,Sunday,1
4538,2017-07-09 02:00:00,23.807,75.617,4.91,0.084,0.109,29357.076,18124.051,22984.77,2017,July,Sunday,2
4539,2017-07-09 03:00:00,23.267,77.917,4.911,0.098,0.132,28769.169,17765.823,22344.1,2017,July,Sunday,3
4540,2017-07-09 04:00:00,22.762,79.35,4.91,0.087,0.141,26556.811,16211.392,20847.866,2017,July,Sunday,4
4541,2017-07-09 05:00:00,22.37,79.8,4.91,0.136,0.166,21881.196,12952.532,16318.996,2017,July,Sunday,5
4542,2017-07-09 06:00:00,22.188,79.967,4.91,22.219,18.182,22242.658,13053.797,15540.753,2017,July,Sunday,6
4543,2017-07-09 07:00:00,22.177,78.7,4.91,151.117,133.298,23415.282,13977.215,16968.703,2017,July,Sunday,7
4544,2017-07-09 08:00:00,22.922,74.15,4.909,339.767,307.7,25462.857,15658.861,19564.519,2017,July,Sunday,8
4545,2017-07-09 09:00:00,24.26,65.817,4.91,524.55,206.833,28753.223,17703.797,22639.331,2017,July,Sunday,9
4546,2017-07-09 10:00:00,26.385,57.568,4.909,683.867,95.467,31975.548,19725.316,24924.854,2017,July,Sunday,10
4547,2017-07-09 11:00:00,28.772,45.935,4.912,798.333,90.733,34199.601,20685.443,26567.699,2017,July,Sunday,11
4548,2017-07-09 12:00:00,30.357,39.833,4.913,859.833,90.833,35430.698,20612.658,27468.452,2017,July,Sunday,12
4549,2017-07-09 13:00:00,29.533,54.582,4.911,868.333,97.467,36514.02,19919.62,27981.59,2017,July,Sunday,13
4550,2017-07-09 14:00:00,29.38,55.113,4.909,835.833,93.383,36130.233,19913.291,28073.975,2017,July,Sunday,14
4551,2017-07-09 15:00:00,29.492,55.208,4.909,750.833,88.483,35388.173,19584.81,27608.033,2017,July,Sunday,15
4552,2017-07-09 16:00:00,30.122,52.648,4.912,628.617,84.35,34575.947,19541.772,27401.172,2017,July,Sunday,16
4553,2017-07-09 17:00:00,30.037,52.262,4.91,471.083,94.083,32281.728,20988.608,27324.854,2017,July,Sunday,17
4554,2017-07-09 18:00:00,30.67,44.907,4.916,295.85,279.9,31398.272,22160.759,28173.389,2017,July,Sunday,18
4555,2017-07-09 19:00:00,30.713,32.383,4.916,127.867,131.617,35979.269,25162.025,33598.996,2017,July,Sunday,19
4556,2017-07-09 20:00:00,28.753,38.063,4.916,19.654,19.04,43803.854,30353.165,39525.69,2017,July,Sunday,20
4557,2017-07-09 21:00:00,26.965,42.707,4.914,0.1,0.114,43359.468,31060.759,38431.13,2017,July,Sunday,21
4558,2017-07-09 22:00:00,25.29,53.487,4.916,0.099,0.089,40316.811,29978.481,36499.079,2017,July,Sunday,22
4559,2017-07-09 23:00:00,24.412,57.202,4.916,0.098,0.107,36859.535,27607.595,33275.649,2017,July,Sunday,23
4560,2017-07-10 00:00:00,23.89,56.44,4.914,0.103,0.096,33398.007,24150.633,29672.636,2017,July,Monday,0
4561,2017-07-10 01:00:00,23.347,58.052,4.911,0.104,0.102,30335.15,21425.949,26175.063,2017,July,Monday,1
4562,2017-07-10 02:00:00,22.328,64.1,4.909,0.093,0.102,28754.286,19975.316,24595.481,2017,July,Monday,2
4563,2017-07-10 03:00:00,21.58,65.945,4.91,0.086,0.119,28161.063,19509.494,23678.661,2017,July,Monday,3
4564,2017-07-10 04:00:00,20.977,66.768,4.911,0.088,0.102,26828.97,18309.494,21473.473,2017,July,Monday,4
4565,2017-07-10 05:00:00,20.67,66.775,4.912,0.144,0.148,23678.937,15232.278,16557.992,2017,July,Monday,5
4566,2017-07-10 06:00:00,20.587,68.365,4.911,28.985,22.018,25097.143,15844.304,16417.406,2017,July,Monday,6
4567,2017-07-10 07:00:00,20.928,64.575,4.913,175.117,162.15,27838.937,18155.063,18273.138,2017,July,Monday,7
4568,2017-07-10 08:00:00,23.538,50.087,4.916,365.3,346.633,32196.678,19804.43,21023.598,2017,July,Monday,8
4569,2017-07-10 09:00:00,27.177,34.495,4.915,548.35,188.778,32872.824,22902.532,23408.536,2017,July,Monday,9
4570,2017-07-10 10:00:00,30.392,27.392,4.916,702.15,66.082,37233.754,25298.734,25767.364,2017,July,Monday,10
4571,2017-07-10 11:00:00,32.45,24.265,4.916,814.333,64.248,39572.625,26729.114,27446.36,2017,July,Monday,11
4572,2017-07-10 12:00:00,34.295,22.042,4.918,877.5,64.727,40462.458,27143.038,28748.787,2017,July,Monday,12
4573,2017-07-10 13:00:00,35.158,21.687,4.918,891.167,66.438,40605.98,27634.177,28838.159,2017,July,Monday,13
4574,2017-07-10 14:00:00,35.998,21.828,4.919,852.0,70.417,39913.887,27653.797,28362.176,2017,July,Monday,14
4575,2017-07-10 15:00:00,36.895,20.172,4.916,768.667,69.487,38983.654,26914.557,27949.456,2017,July,Monday,15
4576,2017-07-10 16:00:00,35.407,27.497,4.908,637.117,68.232,37841.86,25703.797,27703.431,2017,July,Monday,16
4577,2017-07-10 17:00:00,34.19,31.548,4.908,474.8,76.1,36882.924,24681.013,27765.69,2017,July,Monday,17
4578,2017-07-10 18:00:00,34.852,27.963,4.915,303.95,284.8,37005.183,24752.532,28396.318,2017,July,Monday,18
4579,2017-07-10 19:00:00,34.02,23.112,4.916,131.595,136.617,41501.13,27227.215,33750.628,2017,July,Monday,19
4580,2017-07-10 20:00:00,32.08,23.657,4.914,17.24,16.702,48333.821,30858.861,39728.536,2017,July,Monday,20
4581,2017-07-10 21:00:00,30.542,23.292,4.915,0.099,0.106,47440.797,30360.759,38713.305,2017,July,Monday,21
4582,2017-07-10 22:00:00,28.635,28.112,4.914,0.085,0.116,45075.349,29453.165,36880.669,2017,July,Monday,22
4583,2017-07-10 23:00:00,27.255,31.438,4.915,0.084,0.094,40498.605,27332.278,33393.138,2017,July,Monday,23
4584,2017-07-11 00:00:00,26.505,33.018,4.915,0.091,0.113,35495.548,24210.759,29531.046,2017,July,Tuesday,0
4585,2017-07-11 01:00:00,25.495,37.037,4.914,0.084,0.106,31790.565,21626.582,26256.402,2017,July,Tuesday,1
4586,2017-07-11 02:00:00,24.357,40.328,4.914,0.091,0.102,30139.535,20303.797,24326.36,2017,July,Tuesday,2
4587,2017-07-11 03:00:00,23.648,42.217,4.914,0.097,0.096,29900.332,19972.785,23617.406,2017,July,Tuesday,3
4588,2017-07-11 04:00:00,22.132,45.795,4.914,0.093,0.098,27693.289,18556.329,22067.95,2017,July,Tuesday,4
4589,2017-07-11 05:00:00,21.503,49.363,4.913,0.132,0.158,24158.405,16054.43,17538.075,2017,July,Tuesday,5
4590,2017-07-11 06:00:00,21.215,49.752,4.912,23.332,18.645,25673.355,16673.418,17070.126,2017,July,Tuesday,6
4591,2017-07-11 07:00:00,21.957,49.273,4.914,162.133,147.433,28579.934,19215.823,18482.008,2017,July,Tuesday,7
4592,2017-07-11 08:00:00,25.232,53.812,4.912,351.367,327.75,31824.585,22251.266,21329.874,2017,July,Tuesday,8
4593,2017-07-11 09:00:00,26.76,62.263,4.906,533.917,174.15,35639.07,24433.544,24210.879,2017,July,Tuesday,9
4594,2017-07-11 10:00:00,27.847,59.307,4.907,684.283,80.733,38696.611,26214.557,25754.31,2017,July,Tuesday,10
4595,2017-07-11 11:00:00,27.482,62.893,4.908,795.333,82.2,40468.837,27201.266,27677.322,2017,July,Tuesday,11
4596,2017-07-11 12:00:00,27.622,62.192,4.909,858.5,82.267,41759.468,27343.038,28709.623,2017,July,Tuesday,12
4597,2017-07-11 13:00:00,28.37,61.418,4.911,872.667,81.083,40527.309,28010.127,29026.946,2017,July,Tuesday,13
4598,2017-07-11 14:00:00,28.517,61.713,4.91,837.167,80.4,39897.94,28277.215,28828.117,2017,July,Tuesday,14
4599,2017-07-11 15:00:00,28.988,59.447,4.91,758.833,74.683,38792.292,27229.114,28384.268,2017,July,Tuesday,15
4600,2017-07-11 16:00:00,28.87,60.43,4.91,635.417,71.917,37791.894,26012.658,28648.368,2017,July,Tuesday,16
4601,2017-07-11 17:00:00,28.758,59.502,4.912,476.6,78.84,36920.133,24933.544,28615.23,2017,July,Tuesday,17
4602,2017-07-11 18:00:00,28.437,58.235,4.909,296.2,278.633,37220.997,24911.392,28914.477,2017,July,Tuesday,18
4603,2017-07-11 19:00:00,27.802,57.16,4.909,123.483,127.743,41669.103,27583.544,34519.833,2017,July,Tuesday,19
4604,2017-07-11 20:00:00,27.198,59.66,4.909,15.165,14.376,48277.475,31568.987,39997.657,2017,July,Tuesday,20
4605,2017-07-11 21:00:00,26.318,66.123,4.911,0.103,0.119,47607.708,30932.278,39100.921,2017,July,Tuesday,21
4606,2017-07-11 22:00:00,24.327,69.942,4.912,0.099,0.096,45404.917,29470.886,36991.13,2017,July,Tuesday,22
4607,2017-07-11 23:00:00,23.523,73.067,4.909,0.099,0.088,40420.997,27066.456,33362.008,2017,July,Tuesday,23
4608,2017-07-12 00:00:00,22.997,75.033,4.909,0.096,0.107,35515.748,24001.266,29824.268,2017,July,Wednesday,0
4609,2017-07-12 01:00:00,23.003,75.7,4.908,0.1,0.104,31795.88,21612.025,26095.732,2017,July,Wednesday,1
4610,2017-07-12 02:00:00,23.142,75.017,4.908,0.099,0.103,30066.179,20316.456,24440.837,2017,July,Wednesday,2
4611,2017-07-12 03:00:00,23.328,70.683,4.908,0.094,0.104,29601.595,19764.557,23779.079,2017,July,Wednesday,3
4612,2017-07-12 04:00:00,22.78,72.083,4.908,0.09,0.131,28154.684,18607.595,22137.238,2017,July,Wednesday,4
4613,2017-07-12 05:00:00,21.575,77.267,4.908,0.118,0.164,24608.106,16123.418,17461.757,2017,July,Wednesday,5
4614,2017-07-12 06:00:00,20.93,80.633,4.906,19.732,15.986,26010.365,16510.127,17108.285,2017,July,Wednesday,6
4615,2017-07-12 07:00:00,22.053,79.85,4.91,148.983,130.595,28392.824,18991.772,18867.615,2017,July,Wednesday,7
4616,2017-07-12 08:00:00,24.408,77.417,4.908,339.5,307.55,31567.309,21767.722,21607.029,2017,July,Wednesday,8
4617,2017-07-12 09:00:00,26.037,73.7,4.909,532.067,173.367,35037.342,24574.051,24740.084,2017,July,Wednesday,9
4618,2017-07-12 10:00:00,27.225,68.96,4.906,685.55,91.967,38601.993,26944.937,25808.536,2017,July,Wednesday,10
4619,2017-07-12 11:00:00,27.592,68.767,4.907,799.333,87.533,41175.814,27824.051,28551.967,2017,July,Wednesday,11
4620,2017-07-12 12:00:00,28.473,65.652,4.908,863.667,85.05,41800.93,28155.696,30080.335,2017,July,Wednesday,12
4621,2017-07-12 13:00:00,29.16,64.25,4.907,876.833,83.767,41333.156,28182.911,29845.356,2017,July,Wednesday,13
4622,2017-07-12 14:00:00,29.378,62.785,4.908,840.833,82.183,40979.136,28762.658,29714.812,2017,July,Wednesday,14
4623,2017-07-12 15:00:00,29.493,62.523,4.908,759.667,80.217,40003.189,27577.848,29134.393,2017,July,Wednesday,15
4624,2017-07-12 16:00:00,29.512,60.277,4.908,634.217,79.667,38657.276,26058.228,28275.816,2017,July,Wednesday,16
4625,2017-07-12 17:00:00,29.545,51.522,4.909,476.383,78.1,37800.399,25299.367,28689.54,2017,July,Wednesday,17
4626,2017-07-12 18:00:00,29.32,49.625,4.908,296.717,269.2,38009.834,25204.43,29122.343,2017,July,Wednesday,18
4627,2017-07-12 19:00:00,28.397,57.29,4.909,122.695,126.597,42343.123,27764.557,35168.536,2017,July,Wednesday,19
4628,2017-07-12 20:00:00,27.043,67.065,4.91,14.18,13.249,49516.013,31418.354,40887.364,2017,July,Wednesday,20
4629,2017-07-12 21:00:00,25.892,78.45,4.908,0.09,0.152,48603.854,30651.899,39196.318,2017,July,Wednesday,21
4630,2017-07-12 22:00:00,24.64,82.783,4.909,0.071,0.142,46186.312,29467.089,37353.64,2017,July,Wednesday,22
4631,2017-07-12 23:00:00,24.37,83.967,4.909,0.066,0.144,40481.595,27220.253,34050.879,2017,July,Wednesday,23
4632,2017-07-13 00:00:00,24.285,85.183,4.908,0.075,0.126,35439.203,24173.418,29865.439,2017,July,Thursday,0
4633,2017-07-13 01:00:00,23.927,86.483,4.909,0.06,0.125,32089.302,21713.291,26219.247,2017,July,Thursday,1
4634,2017-07-13 02:00:00,23.847,86.75,4.911,0.058,0.144,30579.668,20342.405,23850.377,2017,July,Thursday,2
4635,2017-07-13 03:00:00,23.887,86.35,4.909,0.062,0.144,30179.934,19549.367,23492.887,2017,July,Thursday,3
4636,2017-07-13 04:00:00,23.712,84.65,4.914,0.065,0.147,28340.731,18055.063,22044.854,2017,July,Thursday,4
4637,2017-07-13 05:00:00,22.085,80.017,4.914,0.103,0.173,24715.482,16234.81,17334.226,2017,July,Thursday,5
4638,2017-07-13 06:00:00,21.82,73.8,4.914,26.27,21.448,26034.817,16736.709,16619.247,2017,July,Thursday,6
4639,2017-07-13 07:00:00,22.13,72.183,4.913,121.783,97.917,28679.867,18997.468,18072.301,2017,July,Thursday,7
4640,2017-07-13 08:00:00,24.535,76.283,4.91,374.3,324.617,31487.575,21489.241,20908.117,2017,July,Thursday,8
4641,2017-07-13 09:00:00,25.623,74.333,4.91,548.6,217.933,35028.837,23951.899,23910.628,2017,July,Thursday,9
4642,2017-07-13 10:00:00,26.718,69.928,4.908,687.367,116.15,38329.834,25991.139,25645.858,2017,July,Thursday,10
4643,2017-07-13 11:00:00,27.328,67.852,4.908,803.167,104.183,41215.15,29247.468,25579.582,2017,July,Thursday,11
4644,2017-07-13 12:00:00,28.053,65.287,4.908,873.333,91.4,41550.033,29517.722,27404.184,2017,July,Thursday,12
4645,2017-07-13 13:00:00,28.46,64.255,4.78,880.667,99.567,40904.718,30213.924,27470.46,2017,July,Thursday,13
4646,2017-07-13 14:00:00,28.888,60.27,4.91,842.0,101.017,40586.844,28856.329,29400.502,2017,July,Thursday,14
4647,2017-07-13 15:00:00,28.803,60.242,4.91,755.5,102.25,39784.186,27494.304,29105.272,2017,July,Thursday,15
4648,2017-07-13 16:00:00,28.397,63.305,4.91,628.0,102.217,38661.528,26313.291,28580.084,2017,July,Thursday,16
4649,2017-07-13 17:00:00,28.267,64.183,4.911,463.8,103.633,37640.93,25441.772,28794.979,2017,July,Thursday,17
4650,2017-07-13 18:00:00,27.767,67.15,4.91,279.217,242.517,37790.831,25006.962,29669.623,2017,July,Thursday,18
4651,2017-07-13 19:00:00,26.975,72.967,4.911,111.942,106.118,42464.319,27865.823,35422.594,2017,July,Thursday,19
4652,2017-07-13 20:00:00,26.18,78.217,4.911,12.476,10.811,48285.98,31601.266,40870.293,2017,July,Thursday,20
4653,2017-07-13 21:00:00,25.54,82.183,4.91,0.088,0.144,47396.146,31003.797,39442.343,2017,July,Thursday,21
4654,2017-07-13 22:00:00,25.077,84.533,4.91,0.08,0.134,43998.405,29684.177,37767.364,2017,July,Thursday,22
4655,2017-07-13 23:00:00,24.333,85.717,4.913,0.07,0.135,41270.432,27034.81,35087.197,2017,July,Thursday,23
4656,2017-07-14 00:00:00,23.852,86.333,4.913,0.068,0.149,36106.844,24164.557,31247.197,2017,July,Friday,0
4657,2017-07-14 01:00:00,23.135,87.85,4.914,0.066,0.139,32028.704,21703.165,27250.544,2017,July,Friday,1
4658,2017-07-14 02:00:00,23.14,89.233,4.913,0.071,0.114,30025.781,20155.063,24924.854,2017,July,Friday,2
4659,2017-07-14 03:00:00,23.242,89.333,4.914,0.059,0.149,29918.405,19602.532,23691.715,2017,July,Friday,3
4660,2017-07-14 04:00:00,23.827,86.733,4.915,0.062,0.137,28620.332,18624.684,22228.619,2017,July,Friday,4
4661,2017-07-14 05:00:00,24.097,82.267,4.913,0.07,0.157,23535.415,16256.329,17779.08,2017,July,Friday,5
4662,2017-07-14 06:00:00,23.988,81.6,4.912,5.818,4.556,23240.93,16844.937,17344.268,2017,July,Friday,6
4663,2017-07-14 07:00:00,23.925,81.6,4.912,52.378,40.293,25913.621,19174.684,19074.477,2017,July,Friday,7
4664,2017-07-14 08:00:00,24.248,79.233,4.913,162.867,124.983,29073.223,22222.785,21167.197,2017,July,Friday,8
4665,2017-07-14 09:00:00,25.342,75.2,4.914,477.45,169.95,32071.229,24862.658,24184.77,2017,July,Friday,9
4666,2017-07-14 10:00:00,26.423,70.507,4.911,689.917,104.767,35468.97,26645.57,26674.142,2017,July,Friday,10
4667,2017-07-14 11:00:00,26.962,69.245,4.911,799.0,100.067,37495.282,27358.861,28527.866,2017,July,Friday,11
4668,2017-07-14 12:00:00,27.383,67.602,4.912,869.833,98.95,36262.06,27139.241,29201.674,2017,July,Friday,12
4669,2017-07-14 13:00:00,27.558,67.233,4.912,887.0,97.533,36270.565,26940.506,29145.439,2017,July,Friday,13
4670,2017-07-14 14:00:00,27.995,66.752,4.913,853.0,89.9,39032.558,24675.316,28569.038,2017,July,Friday,14
4671,2017-07-14 15:00:00,27.945,66.09,4.912,771.333,80.35,41266.179,23506.962,28113.138,2017,July,Friday,15
4672,2017-07-14 16:00:00,27.988,65.423,4.912,644.95,71.788,40442.259,22881.646,28161.339,2017,July,Friday,16
4673,2017-07-14 17:00:00,27.698,67.867,4.912,474.233,77.0,35474.286,23064.557,28424.435,2017,July,Friday,17
4674,2017-07-14 18:00:00,27.15,70.855,4.912,283.717,251.533,33525.581,24406.329,29478.828,2017,July,Friday,18
4675,2017-07-14 19:00:00,26.527,74.117,4.913,103.538,102.967,37721.728,27208.228,35791.13,2017,July,Friday,19
4676,2017-07-14 20:00:00,25.835,76.383,4.913,4.845,4.002,44447.043,31016.456,41985.941,2017,July,Friday,20
4677,2017-07-14 21:00:00,25.63,78.1,4.914,0.093,0.12,43184.053,30303.797,40591.13,2017,July,Friday,21
4678,2017-07-14 22:00:00,25.497,79.667,4.914,0.085,0.137,41004.651,29215.823,38511.464,2017,July,Friday,22
4679,2017-07-14 23:00:00,25.457,80.8,4.915,0.088,0.122,36070.698,27251.266,35346.276,2017,July,Friday,23
4680,2017-07-15 00:00:00,25.377,81.967,4.914,0.08,0.147,31709.767,24536.709,31650.879,2017,July,Saturday,0
4681,2017-07-15 01:00:00,25.062,83.7,4.916,0.07,0.137,28082.392,22069.62,27813.891,2017,July,Saturday,1
4682,2017-07-15 02:00:00,24.92,85.25,4.915,0.072,0.115,28507.641,20363.924,25326.527,2017,July,Saturday,2
4683,2017-07-15 03:00:00,24.82,84.833,4.914,0.074,0.142,29435.748,19637.342,24146.611,2017,July,Saturday,3
4684,2017-07-15 04:00:00,24.753,84.65,4.914,0.062,0.142,27796.412,18601.899,22812.05,2017,July,Saturday,4
4685,2017-07-15 05:00:00,25.08,81.667,4.912,0.077,0.154,24232.824,16012.658,18576.402,2017,July,Saturday,5
4686,2017-07-15 06:00:00,25.182,82.0,4.912,7.29,5.676,25151.362,16130.38,18137.573,2017,July,Saturday,6
4687,2017-07-15 07:00:00,25.315,82.417,4.913,116.388,97.29,26923.588,17978.481,19261.255,2017,July,Saturday,7
4688,2017-07-15 08:00:00,26.032,78.25,4.914,382.367,337.717,29889.701,20646.203,22021.757,2017,July,Saturday,8
4689,2017-07-15 09:00:00,27.227,71.567,4.913,544.533,233.483,33464.983,23170.253,24996.151,2017,July,Saturday,9
4690,2017-07-15 10:00:00,27.837,67.423,4.913,688.217,141.767,36438.538,24823.418,27430.293,2017,July,Saturday,10
4691,2017-07-15 11:00:00,28.198,65.467,4.914,802.5,129.6,38734.884,26086.076,29195.649,2017,July,Saturday,11
4692,2017-07-15 12:00:00,28.385,66.033,4.913,797.15,197.267,39767.176,26458.861,30602.51,2017,July,Saturday,12
4693,2017-07-15 13:00:00,28.467,66.702,4.914,753.967,225.083,39418.472,26686.076,31138.745,2017,July,Saturday,13
4694,2017-07-15 14:00:00,27.908,70.03,4.915,491.9,278.333,38718.937,26431.646,30564.351,2017,July,Saturday,14
4695,2017-07-15 15:00:00,27.888,66.503,4.915,417.5,275.367,37944.983,25904.43,30214.895,2017,July,Saturday,15
4696,2017-07-15 16:00:00,28.198,64.117,4.916,347.183,234.05,36976.478,25031.646,30269.121,2017,July,Saturday,16
4697,2017-07-15 17:00:00,27.38,69.857,4.916,234.167,168.217,36594.817,24665.823,30340.418,2017,July,Saturday,17
4698,2017-07-15 18:00:00,27.097,72.05,4.916,144.433,108.7,36498.073,24784.177,31547.448,2017,July,Saturday,18
4699,2017-07-15 19:00:00,26.782,74.983,4.914,111.167,101.455,41337.409,27862.658,37898.912,2017,July,Saturday,19
4700,2017-07-15 20:00:00,26.342,78.583,4.913,5.434,4.468,48894.086,31233.544,43915.983,2017,July,Saturday,20
4701,2017-07-15 21:00:00,26.012,81.367,4.916,0.066,0.15,48169.037,30192.405,42415.732,2017,July,Saturday,21
4702,2017-07-15 22:00:00,26.075,82.583,4.917,0.057,0.138,46263.92,28912.658,39973.556,2017,July,Saturday,22
4703,2017-07-15 23:00:00,26.168,82.367,4.915,0.057,0.138,41747.774,26429.114,36532.218,2017,July,Saturday,23
4704,2017-07-16 00:00:00,25.873,83.583,4.915,0.066,0.118,36998.804,24134.177,32779.582,2017,July,Sunday,0
4705,2017-07-16 01:00:00,25.775,84.467,4.916,0.058,0.144,33513.887,21862.025,29174.561,2017,July,Sunday,1
4706,2017-07-16 02:00:00,25.577,85.9,4.917,0.066,0.142,31423.787,20055.063,26818.745,2017,July,Sunday,2
4707,2017-07-16 03:00:00,25.373,86.117,4.917,0.049,0.153,30846.512,18751.266,25539.414,2017,July,Sunday,3
4708,2017-07-16 04:00:00,25.503,87.583,4.917,0.06,0.144,29165.714,17579.114,23938.745,2017,July,Sunday,4
4709,2017-07-16 05:00:00,25.397,88.967,4.916,0.041,0.144,25238.538,14768.354,19195.983,2017,July,Sunday,5
4710,2017-07-16 06:00:00,25.477,89.433,4.916,13.45,10.686,25427.774,14497.468,18854.561,2017,July,Sunday,6
4711,2017-07-16 07:00:00,25.668,89.25,4.916,104.448,84.892,26395.216,15660.759,20460.251,2017,July,Sunday,7
4712,2017-07-16 08:00:00,26.415,86.05,4.916,288.217,247.367,28347.11,17617.089,22975.732,2017,July,Sunday,8
4713,2017-07-16 09:00:00,27.087,81.417,4.916,432.0,213.4,31644.917,19355.696,25176.904,2017,July,Sunday,9
4714,2017-07-16 10:00:00,27.905,74.102,4.916,640.55,227.4,34283.588,21177.215,27238.494,2017,July,Sunday,10
4715,2017-07-16 11:00:00,28.387,70.758,4.916,653.65,309.333,35858.073,22135.443,29064.1,2017,July,Sunday,11
4716,2017-07-16 12:00:00,28.04,72.9,4.916,439.8,301.267,36502.326,22600.0,30274.142,2017,July,Sunday,12
4717,2017-07-16 13:00:00,27.902,70.567,4.918,285.183,221.367,36957.342,22726.582,30924.854,2017,July,Sunday,13
4718,2017-07-16 14:00:00,28.155,70.757,4.916,482.4,280.517,36389.635,22641.772,30251.046,2017,July,Sunday,14
4719,2017-07-16 15:00:00,28.453,70.447,4.918,713.017,293.85,35648.638,22136.076,29994.979,2017,July,Sunday,15
4720,2017-07-16 16:00:00,27.725,73.983,4.916,290.567,217.617,34681.196,21925.316,29877.49,2017,July,Sunday,16
4721,2017-07-16 17:00:00,27.553,74.817,4.918,329.917,160.217,34403.721,21875.949,30007.029,2017,July,Sunday,17
4722,2017-07-16 18:00:00,27.552,75.45,4.919,270.067,226.9,34884.252,21902.532,31171.883,2017,July,Sunday,18
4723,2017-07-16 19:00:00,26.973,78.417,4.916,117.583,111.002,40531.561,25435.443,37687.029,2017,July,Sunday,19
4724,2017-07-16 20:00:00,26.457,82.383,4.915,22.36,18.29,47317.475,29473.418,42533.222,2017,July,Sunday,20
4725,2017-07-16 21:00:00,26.028,85.05,4.917,0.078,0.128,47288.771,29966.456,41249.874,2017,July,Sunday,21
4726,2017-07-16 22:00:00,25.872,85.483,4.919,0.071,0.157,45100.864,28800.0,38971.381,2017,July,Sunday,22
4727,2017-07-16 23:00:00,25.872,83.733,4.917,0.064,0.153,40246.645,26339.873,35722.845,2017,July,Sunday,23
4728,2017-07-17 00:00:00,25.792,83.45,4.917,0.077,0.147,35405.183,23613.291,31425.941,2017,July,Monday,0
4729,2017-07-17 01:00:00,25.307,85.417,4.921,0.076,0.148,31766.113,21334.177,27812.887,2017,July,Monday,1
4730,2017-07-17 02:00:00,25.135,84.85,4.929,0.069,0.135,30073.621,19731.646,25459.079,2017,July,Monday,2
4731,2017-07-17 03:00:00,24.997,81.183,4.924,0.08,0.124,29589.9,19067.089,24320.335,2017,July,Monday,3
4732,2017-07-17 04:00:00,24.64,79.733,4.926,0.068,0.142,28344.983,18233.544,22577.071,2017,July,Monday,4
4733,2017-07-17 05:00:00,24.517,79.2,4.925,0.079,0.137,24514.551,15794.937,17756.987,2017,July,Monday,5
4734,2017-07-17 06:00:00,24.152,80.3,4.921,18.489,15.398,25213.023,16492.405,17461.757,2017,July,Monday,6
4735,2017-07-17 07:00:00,24.483,79.283,4.923,153.083,136.658,27860.199,19022.785,19887.866,2017,July,Monday,7
4736,2017-07-17 08:00:00,25.592,74.033,4.925,336.0,303.883,31737.409,21925.316,22463.598,2017,July,Monday,8
4737,2017-07-17 09:00:00,27.807,63.797,4.926,518.55,126.283,35348.837,24361.392,25827.615,2017,July,Monday,9
4738,2017-07-17 10:00:00,30.52,47.023,4.932,674.417,85.85,38595.615,26235.443,27471.464,2017,July,Monday,10
4739,2017-07-17 11:00:00,32.628,38.082,4.932,792.333,80.567,40464.585,27137.342,29394.477,2017,July,Monday,11
4740,2017-07-17 12:00:00,30.682,51.813,4.919,855.0,83.433,41462.857,27869.62,30446.862,2017,July,Monday,12
4741,2017-07-17 13:00:00,30.695,50.06,4.919,865.833,84.267,41435.216,28110.127,30834.477,2017,July,Monday,13
4742,2017-07-17 14:00:00,31.147,46.22,4.92,834.833,81.467,41192.824,28499.367,30720.0,2017,July,Monday,14
4743,2017-07-17 15:00:00,31.483,42.543,4.922,754.5,76.083,39756.545,27565.19,30161.674,2017,July,Monday,15
4744,2017-07-17 16:00:00,31.708,41.76,4.92,627.567,71.582,38998.538,26504.43,30137.573,2017,July,Monday,16
4745,2017-07-17 17:00:00,32.39,38.843,4.92,471.65,64.66,37956.678,25669.62,30388.619,2017,July,Monday,17
4746,2017-07-17 18:00:00,32.688,37.63,4.922,292.633,225.833,37938.605,25514.557,31131.715,2017,July,Monday,18
4747,2017-07-17 19:00:00,32.527,35.893,4.925,123.428,130.005,43073.488,28896.203,37466.109,2017,July,Monday,19
4748,2017-07-17 20:00:00,31.422,33.93,4.925,14.437,13.966,49288.505,31930.38,42523.18,2017,July,Monday,20
4749,2017-07-17 21:00:00,29.247,40.673,4.924,0.105,0.093,48427.375,31055.063,41188.619,2017,July,Monday,21
4750,2017-07-17 22:00:00,27.667,44.295,4.923,0.101,0.108,45766.379,29681.646,39223.431,2017,July,Monday,22
4751,2017-07-17 23:00:00,26.827,46.812,4.921,0.095,0.104,40836.678,27369.62,35659.582,2017,July,Monday,23
4752,2017-07-18 00:00:00,25.808,50.838,4.924,0.102,0.076,35638.007,24345.57,31639.833,2017,July,Tuesday,0
4753,2017-07-18 01:00:00,24.767,54.413,4.923,0.099,0.102,32154.153,21656.329,27657.238,2017,July,Tuesday,1
4754,2017-07-18 02:00:00,23.71,56.86,4.919,0.106,0.093,30257.542,20301.266,25494.226,2017,July,Tuesday,2
4755,2017-07-18 03:00:00,23.653,55.962,4.917,0.085,0.112,30067.243,19791.772,24254.059,2017,July,Tuesday,3
4756,2017-07-18 04:00:00,22.828,57.313,4.92,0.111,0.093,28514.02,18759.494,22385.272,2017,July,Tuesday,4
4757,2017-07-18 05:00:00,22.107,58.228,4.919,0.117,0.081,24890.897,16131.646,17682.678,2017,July,Tuesday,5
4758,2017-07-18 06:00:00,22.213,56.28,4.921,22.08,19.56,25654.219,16515.19,17967.866,2017,July,Tuesday,6
4759,2017-07-18 07:00:00,22.858,52.965,4.92,169.05,156.833,27989.9,19479.114,19613.724,2017,July,Tuesday,7
4760,2017-07-18 08:00:00,24.917,48.123,4.921,364.283,338.6,31729.967,22490.506,22557.992,2017,July,Tuesday,8
4761,2017-07-18 09:00:00,28.185,40.572,4.922,548.367,97.293,35462.591,25206.962,25989.289,2017,July,Tuesday,9
4762,2017-07-18 10:00:00,30.763,34.663,4.921,696.95,63.337,39289.834,27368.354,28287.866,2017,July,Tuesday,10
4763,2017-07-18 11:00:00,32.958,29.838,4.924,807.5,66.35,41318.272,28436.709,29890.544,2017,July,Tuesday,11
4764,2017-07-18 12:00:00,34.888,26.413,4.927,869.0,68.615,41591.495,29120.886,31083.515,2017,July,Tuesday,12
4765,2017-07-18 13:00:00,35.917,23.012,4.927,883.833,69.047,41957.209,29376.582,31319.498,2017,July,Tuesday,13
4766,2017-07-18 14:00:00,36.247,22.678,4.927,848.167,68.62,41474.551,28985.443,30921.841,2017,July,Tuesday,14
4767,2017-07-18 15:00:00,36.5,23.117,4.928,764.167,63.682,40624.053,28192.405,30194.812,2017,July,Tuesday,15
4768,2017-07-18 16:00:00,36.62,21.122,4.93,642.383,59.802,39030.432,27291.772,30251.046,2017,July,Tuesday,16
4769,2017-07-18 17:00:00,36.155,23.263,4.926,481.15,57.027,38313.887,26185.443,30923.849,2017,July,Tuesday,17
4770,2017-07-18 18:00:00,34.373,25.84,4.925,299.6,218.883,38768.904,26282.278,32326.695,2017,July,Tuesday,18
4771,2017-07-18 19:00:00,32.585,27.527,4.92,125.81,133.5,43771.96,29275.316,38893.054,2017,July,Tuesday,19
4772,2017-07-18 20:00:00,30.758,29.81,4.917,15.835,15.546,49124.784,32357.595,43407.866,2017,July,Tuesday,20
4773,2017-07-18 21:00:00,29.147,32.367,4.918,0.106,0.11,48569.834,31275.949,41560.167,2017,July,Tuesday,21
4774,2017-07-18 22:00:00,27.897,36.632,4.917,0.099,0.122,46250.1,29932.911,39762.678,2017,July,Tuesday,22
4775,2017-07-18 23:00:00,26.635,42.448,4.919,0.088,0.137,41352.292,27385.443,36236.987,2017,July,Tuesday,23
4776,2017-07-19 00:00:00,25.423,47.778,4.915,0.081,0.124,35450.897,24626.582,32473.305,2017,July,Wednesday,0
4777,2017-07-19 01:00:00,24.01,52.605,4.914,0.1,0.109,32384.85,22158.228,28589.121,2017,July,Wednesday,1
4778,2017-07-19 02:00:00,23.415,51.433,4.916,0.082,0.13,30379.801,20470.253,26317.657,2017,July,Wednesday,2
4779,2017-07-19 03:00:00,22.818,51.933,4.917,0.091,0.117,30477.608,19905.063,25468.117,2017,July,Wednesday,3
4780,2017-07-19 04:00:00,22.643,51.277,4.917,0.084,0.116,28784.053,18970.886,23865.439,2017,July,Wednesday,4
4781,2017-07-19 05:00:00,22.688,50.568,4.916,0.096,0.134,24961.063,16071.519,19102.594,2017,July,Wednesday,5
4782,2017-07-19 06:00:00,22.062,52.848,4.915,22.628,22.23,25592.558,16506.329,18605.523,2017,July,Wednesday,6
4783,2017-07-19 07:00:00,22.69,50.697,4.915,176.333,165.733,28356.678,19327.215,20520.502,2017,July,Wednesday,7
4784,2017-07-19 08:00:00,24.757,45.9,4.919,366.783,339.017,32113.754,22219.62,23814.226,2017,July,Wednesday,8
4785,2017-07-19 09:00:00,28.487,34.868,4.916,551.733,79.88,35967.575,24924.051,26966.36,2017,July,Wednesday,9
4786,2017-07-19 10:00:00,32.307,29.122,4.918,706.217,52.438,39877.741,26084.81,29031.967,2017,July,Wednesday,10
4787,2017-07-19 11:00:00,34.503,28.678,4.918,814.5,55.38,42706.711,26692.405,30411.715,2017,July,Wednesday,11
4788,2017-07-19 12:00:00,32.477,37.478,4.911,870.333,59.132,43690.1,27625.949,31893.891,2017,July,Wednesday,12
4789,2017-07-19 13:00:00,33.737,32.322,4.912,884.5,56.722,42538.738,27859.494,32097.741,2017,July,Wednesday,13
4790,2017-07-19 14:00:00,34.0,30.46,4.912,846.0,60.53,42869.369,27843.038,31660.921,2017,July,Wednesday,14
4791,2017-07-19 15:00:00,33.218,31.638,4.912,757.667,66.817,41788.173,27165.19,31003.18,2017,July,Wednesday,15
4792,2017-07-19 16:00:00,33.372,32.177,4.913,631.4,68.313,40535.814,26277.848,31322.51,2017,July,Wednesday,16
4793,2017-07-19 17:00:00,33.643,32.447,4.912,467.1,70.51,39931.96,25470.253,31875.816,2017,July,Wednesday,17
4794,2017-07-19 18:00:00,32.863,35.0,4.911,284.583,197.267,39880.93,25279.114,32498.41,2017,July,Wednesday,18
4795,2017-07-19 19:00:00,30.572,43.342,4.909,112.002,112.792,44465.116,28303.165,38799.665,2017,July,Wednesday,19
4796,2017-07-19 20:00:00,29.055,49.157,4.91,11.972,10.785,50965.05,31738.608,44186.109,2017,July,Wednesday,20
4797,2017-07-19 21:00:00,27.638,55.718,4.914,0.107,0.106,49003.588,30750.633,42507.113,2017,July,Wednesday,21
4798,2017-07-19 22:00:00,26.273,58.648,4.918,0.106,0.101,44995.615,29362.025,39759.665,2017,July,Wednesday,22
4799,2017-07-19 23:00:00,27.872,47.8,4.916,0.1,0.115,40585.781,26714.557,36150.628,2017,July,Wednesday,23
4800,2017-07-20 00:00:00,27.918,42.685,4.913,0.098,0.114,36900.997,23422.785,31878.828,2017,July,Thursday,0
4801,2017-07-20 01:00:00,26.518,49.187,4.916,0.102,0.107,32441.196,21416.456,28029.791,2017,July,Thursday,1
4802,2017-07-20 02:00:00,23.685,58.965,4.91,0.097,0.107,29884.385,20756.962,26076.653,2017,July,Thursday,2
4803,2017-07-20 03:00:00,23.14,59.652,4.91,0.104,0.095,30225.648,20086.076,25385.774,2017,July,Thursday,3
4804,2017-07-20 04:00:00,22.867,62.137,4.912,0.092,0.116,28726.645,19048.734,24101.423,2017,July,Thursday,4
4805,2017-07-20 05:00:00,22.553,60.022,4.911,0.095,0.132,24551.761,16268.987,19188.954,2017,July,Thursday,5
4806,2017-07-20 06:00:00,22.265,59.237,4.911,16.195,13.847,24207.309,16446.835,18953.975,2017,July,Thursday,6
4807,2017-07-20 07:00:00,22.335,58.418,4.912,140.377,123.103,28133.422,18994.304,20321.674,2017,July,Thursday,7
4808,2017-07-20 08:00:00,23.992,54.772,4.915,322.083,271.233,31672.558,22238.608,23293.054,2017,July,Thursday,8
4809,2017-07-20 09:00:00,27.583,52.337,4.914,503.267,130.333,35359.468,24548.101,26166.025,2017,July,Thursday,9
4810,2017-07-20 10:00:00,29.437,48.962,4.91,655.733,127.517,38443.588,26843.671,28560.0,2017,July,Thursday,10
4811,2017-07-20 11:00:00,29.303,52.853,3.175,767.0,135.4,40652.757,28001.899,30246.025,2017,July,Thursday,11
4812,2017-07-20 12:00:00,28.95,56.363,0.065,833.5,137.0,41486.246,28169.62,31773.389,2017,July,Thursday,12
4813,2017-07-20 13:00:00,29.347,56.258,0.066,846.333,135.233,41346.977,28841.139,31981.255,2017,July,Thursday,13
4814,2017-07-20 14:00:00,30.285,53.208,0.066,807.667,139.683,40419.934,28458.861,31708.117,2017,July,Thursday,14
4815,2017-07-20 15:00:00,30.817,50.812,0.067,720.817,138.533,39566.246,27494.937,31082.51,2017,July,Thursday,15
4816,2017-07-20 16:00:00,31.533,44.307,0.066,583.317,141.85,38281.993,26748.101,30847.531,2017,July,Thursday,16
4817,2017-07-20 17:00:00,32.173,40.632,0.066,423.45,157.167,37624.983,25865.823,31230.126,2017,July,Thursday,17
4818,2017-07-20 18:00:00,32.283,38.033,0.068,248.35,217.867,37663.256,25708.228,32043.515,2017,July,Thursday,18
4819,2017-07-20 19:00:00,31.615,39.588,0.068,86.877,76.823,42356.944,28748.734,38383.933,2017,July,Thursday,19
4820,2017-07-20 20:00:00,30.605,42.185,0.069,20.794,17.237,48625.116,32310.759,43371.715,2017,July,Thursday,20
4821,2017-07-20 21:00:00,27.925,54.958,0.07,0.109,0.09,47615.15,31339.241,41686.695,2017,July,Thursday,21
4822,2017-07-20 22:00:00,27.033,53.812,0.069,0.095,0.106,45054.086,30071.519,39631.13,2017,July,Thursday,22
4823,2017-07-20 23:00:00,26.697,53.707,0.078,0.096,0.11,40200.93,27503.165,35855.397,2017,July,Thursday,23
4824,2017-07-21 00:00:00,26.592,50.567,0.078,0.103,0.101,35176.611,24365.823,31015.23,2017,July,Friday,0
4825,2017-07-21 01:00:00,27.118,44.378,0.076,0.098,0.107,31395.083,21627.215,27149.121,2017,July,Friday,1
4826,2017-07-21 02:00:00,27.1,43.923,0.076,0.098,0.108,29600.532,20283.544,24966.025,2017,July,Friday,2
4827,2017-07-21 03:00:00,27.25,44.203,0.08,0.1,0.087,28937.143,19597.468,24449.874,2017,July,Friday,3
4828,2017-07-21 04:00:00,26.617,45.672,0.076,0.102,0.114,27627.375,18589.241,23010.879,2017,July,Friday,4
4829,2017-07-21 05:00:00,25.678,47.628,0.077,0.102,0.112,23459.934,15664.557,18592.469,2017,July,Friday,5
4830,2017-07-21 06:00:00,25.723,48.3,0.075,15.515,12.717,24425.249,16225.949,18566.36,2017,July,Friday,6
4831,2017-07-21 07:00:00,27.123,41.845,0.076,130.043,109.667,26980.997,18856.962,19898.912,2017,July,Friday,7
4832,2017-07-21 08:00:00,28.133,38.773,0.077,296.517,232.867,30620.066,21936.709,23195.649,2017,July,Friday,8
4833,2017-07-21 09:00:00,31.115,31.29,0.078,495.85,134.867,34247.442,24347.468,25882.845,2017,July,Friday,9
4834,2017-07-21 10:00:00,34.663,25.845,0.077,657.767,121.633,37211.429,25976.582,27850.042,2017,July,Friday,10
4835,2017-07-21 11:00:00,36.495,22.688,0.078,774.667,109.617,38898.605,27200.0,30100.418,2017,July,Friday,11
4836,2017-07-21 12:00:00,37.833,18.81,0.073,851.5,91.783,37908.837,27207.595,30595.481,2017,July,Friday,12
4837,2017-07-21 13:00:00,39.032,14.725,0.07,871.5,90.267,38310.698,27139.873,30434.812,2017,July,Friday,13
4838,2017-07-21 14:00:00,39.695,14.355,0.069,837.667,89.917,38372.359,27117.089,29649.54,2017,July,Friday,14
4839,2017-07-21 15:00:00,39.652,14.402,0.07,755.667,86.05,37702.591,26526.582,29190.628,2017,July,Friday,15
4840,2017-07-21 16:00:00,39.108,12.71,0.069,632.817,91.467,36894.618,25875.949,29564.184,2017,July,Friday,16
4841,2017-07-21 17:00:00,38.668,14.967,0.069,463.15,105.683,36156.811,25420.886,30077.322,2017,July,Friday,17
4842,2017-07-21 18:00:00,37.602,14.582,2.965,282.683,259.85,36404.518,25450.633,31465.105,2017,July,Friday,18
4843,2017-07-21 19:00:00,36.1,16.797,4.908,115.237,115.172,41352.292,28514.557,37945.105,2017,July,Friday,19
4844,2017-07-21 20:00:00,34.112,21.595,4.91,13.554,12.475,48003.189,31379.114,43211.046,2017,July,Friday,20
4845,2017-07-21 21:00:00,32.775,23.435,4.913,0.102,0.112,47288.771,30607.595,41838.326,2017,July,Friday,21
4846,2017-07-21 22:00:00,30.932,25.293,4.91,0.099,0.113,44858.472,29555.063,39258.577,2017,July,Friday,22
4847,2017-07-21 23:00:00,29.178,27.853,4.908,0.109,0.098,39877.741,27304.43,35735.9,2017,July,Friday,23
4848,2017-07-22 00:00:00,27.603,33.17,4.906,0.102,0.102,34645.05,24572.152,31756.318,2017,July,Saturday,0
4849,2017-07-22 01:00:00,27.555,30.91,4.906,0.104,0.109,31436.545,21686.709,28030.795,2017,July,Saturday,1
4850,2017-07-22 02:00:00,27.785,27.638,4.906,0.091,0.12,29534.618,20203.165,25188.954,2017,July,Saturday,2
4851,2017-07-22 03:00:00,27.475,27.912,4.907,0.096,0.113,29279.468,19748.734,24456.904,2017,July,Saturday,3
4852,2017-07-22 04:00:00,25.652,35.467,4.908,0.095,0.12,27578.472,18356.329,22904.435,2017,July,Saturday,4
4853,2017-07-22 05:00:00,24.705,38.715,4.906,0.101,0.12,23365.316,15763.924,18427.782,2017,July,Saturday,5
4854,2017-07-22 06:00:00,23.967,40.915,4.906,21.88,22.141,23704.452,15831.013,18031.13,2017,July,Saturday,6
4855,2017-07-22 07:00:00,24.357,41.582,4.909,165.35,152.3,25704.186,17696.835,20422.092,2017,July,Saturday,7
4856,2017-07-22 08:00:00,26.858,35.458,4.91,353.683,286.933,29077.475,20301.899,23291.046,2017,July,Saturday,8
4857,2017-07-22 09:00:00,30.015,30.763,4.909,536.883,63.515,33281.063,23268.354,26298.577,2017,July,Saturday,9
4858,2017-07-22 10:00:00,30.903,48.712,4.908,687.917,60.83,36316.279,25093.038,28849.205,2017,July,Saturday,10
4859,2017-07-22 11:00:00,30.518,58.603,4.907,795.167,67.772,38097.01,26796.835,30470.962,2017,July,Saturday,11
4860,2017-07-22 12:00:00,30.84,59.118,4.907,849.333,75.433,38430.831,26957.595,31811.548,2017,July,Saturday,12
4861,2017-07-22 13:00:00,30.907,57.267,4.907,862.167,77.433,38796.545,26655.696,32582.762,2017,July,Saturday,13
4862,2017-07-22 14:00:00,31.25,56.612,4.909,822.5,81.45,38469.103,26236.076,31888.87,2017,July,Saturday,14
4863,2017-07-22 15:00:00,31.862,53.358,4.909,737.583,83.183,37599.468,25715.19,31591.632,2017,July,Saturday,15
4864,2017-07-22 16:00:00,32.735,49.327,4.909,610.6,80.567,36992.425,24899.367,31703.096,2017,July,Saturday,16
4865,2017-07-22 17:00:00,32.57,50.573,4.909,457.217,80.183,36504.452,24546.203,32075.649,2017,July,Saturday,17
4866,2017-07-22 18:00:00,30.24,60.927,4.908,277.667,254.75,36638.405,24963.924,33378.075,2017,July,Saturday,18
4867,2017-07-22 19:00:00,28.857,67.682,4.908,110.895,112.103,41923.189,28134.81,40511.799,2017,July,Saturday,19
4868,2017-07-22 20:00:00,28.283,70.69,4.908,13.958,12.923,48284.917,31842.405,46164.351,2017,July,Saturday,20
4869,2017-07-22 21:00:00,27.592,66.605,4.909,0.091,0.131,46555.216,31073.418,44084.686,2017,July,Saturday,21
4870,2017-07-22 22:00:00,28.31,30.798,4.909,0.104,0.127,44394.95,29382.278,41429.623,2017,July,Saturday,22
4871,2017-07-22 23:00:00,26.982,32.077,4.91,0.096,0.113,39858.605,26668.354,37748.285,2017,July,Saturday,23
4872,2017-07-23 00:00:00,25.462,34.912,4.911,0.096,0.121,35161.728,24110.127,33597.992,2017,July,Sunday,0
4873,2017-07-23 01:00:00,24.528,37.232,4.91,0.099,0.116,31565.183,21820.253,29941.757,2017,July,Sunday,1
4874,2017-07-23 02:00:00,24.852,39.125,4.908,0.11,0.101,29419.801,19804.43,26860.921,2017,July,Sunday,2
4875,2017-07-23 03:00:00,23.575,41.102,4.908,0.1,0.119,28897.807,18987.975,25564.519,2017,July,Sunday,3
4876,2017-07-23 04:00:00,22.39,42.832,4.911,0.1,0.105,27155.349,17636.076,23769.038,2017,July,Sunday,4
4877,2017-07-23 05:00:00,22.158,48.517,4.908,0.094,0.138,22892.226,14724.051,19464.1,2017,July,Sunday,5
4878,2017-07-23 06:00:00,22.413,56.21,4.908,19.786,19.089,22746.578,14271.519,18497.071,2017,July,Sunday,6
4879,2017-07-23 07:00:00,22.948,54.795,4.908,163.617,153.167,23940.465,15561.392,21098.912,2017,July,Sunday,7
4880,2017-07-23 08:00:00,24.673,49.942,4.908,356.467,284.567,26100.731,17941.772,24176.736,2017,July,Sunday,8
4881,2017-07-23 09:00:00,27.315,40.127,4.906,542.3,47.255,29397.475,20071.519,27147.113,2017,July,Sunday,9
4882,2017-07-23 10:00:00,29.168,35.62,4.907,695.1,47.568,32210.498,21893.671,29676.653,2017,July,Sunday,10
4883,2017-07-23 11:00:00,30.942,30.13,4.908,812.333,47.457,34497.276,23191.772,30951.967,2017,July,Sunday,11
4884,2017-07-23 12:00:00,32.237,29.522,4.907,876.333,46.963,35067.11,24013.291,32149.958,2017,July,Sunday,12
4885,2017-07-23 13:00:00,33.265,27.647,4.908,893.833,45.327,36160.0,24140.506,32774.561,2017,July,Sunday,13
4886,2017-07-23 14:00:00,33.198,33.463,4.908,851.667,44.933,35332.89,23777.848,32663.096,2017,July,Sunday,14
4887,2017-07-23 15:00:00,32.355,35.872,4.908,776.5,37.872,34722.658,23231.013,31988.285,2017,July,Sunday,15
4888,2017-07-23 16:00:00,31.312,34.602,4.909,654.317,33.827,34310.166,22760.759,32105.774,2017,July,Sunday,16
4889,2017-07-23 17:00:00,31.147,30.298,4.909,493.717,31.247,33999.734,22707.595,32350.795,2017,July,Sunday,17
4890,2017-07-23 18:00:00,30.567,30.858,4.908,306.167,268.683,34421.794,23411.392,33562.845,2017,July,Sunday,18
4891,2017-07-23 19:00:00,29.157,37.052,4.907,127.062,142.0,40285.98,26901.266,40782.929,2017,July,Sunday,19
4892,2017-07-23 20:00:00,27.513,47.677,4.908,11.948,12.322,47569.435,31074.684,46708.619,2017,July,Sunday,20
4893,2017-07-23 21:00:00,25.755,58.337,4.907,0.094,0.116,47414.219,31046.835,44603.849,2017,July,Sunday,21
4894,2017-07-23 22:00:00,25.182,59.732,4.907,0.084,0.111,45268.837,29976.582,41764.017,2017,July,Sunday,22
4895,2017-07-23 23:00:00,24.742,58.243,4.905,0.088,0.118,40749.502,27668.354,37864.77,2017,July,Sunday,23
4896,2017-07-24 00:00:00,24.232,64.61,4.906,0.08,0.128,35715.615,24829.114,33458.41,2017,July,Monday,0
4897,2017-07-24 01:00:00,25.372,53.618,4.905,0.087,0.127,32415.681,22155.063,29501.925,2017,July,Monday,1
4898,2017-07-24 02:00:00,25.355,49.473,4.906,0.096,0.11,30632.824,20760.759,27008.536,2017,July,Monday,2
4899,2017-07-24 03:00:00,24.635,53.63,4.907,0.098,0.109,30133.156,20226.582,26293.556,2017,July,Monday,3
4900,2017-07-24 04:00:00,24.76,53.032,4.906,0.078,0.117,28855.282,19450.633,24964.017,2017,July,Monday,4
4901,2017-07-24 05:00:00,24.165,60.535,4.905,0.089,0.129,24911.096,16825.316,20010.377,2017,July,Monday,5
4902,2017-07-24 06:00:00,23.847,59.582,4.906,19.832,19.177,26034.817,17188.608,19844.686,2017,July,Monday,6
4903,2017-07-24 07:00:00,24.107,60.85,4.907,161.317,152.217,28724.518,20182.278,22133.222,2017,July,Monday,7
4904,2017-07-24 08:00:00,25.25,59.248,4.906,351.917,266.35,32126.512,23119.62,25166.862,2017,July,Monday,8
4905,2017-07-24 09:00:00,26.365,57.657,4.906,535.85,38.332,35996.279,29450.633,24781.255,2017,July,Monday,9
4906,2017-07-24 10:00:00,27.778,52.087,4.906,691.917,38.043,39638.538,32052.532,26956.318,2017,July,Monday,10
4907,2017-07-24 11:00:00,29.422,47.135,4.908,805.333,38.61,41926.379,33695.57,28379.247,2017,July,Monday,11
4908,2017-07-24 12:00:00,31.245,40.46,4.908,873.0,37.8,42940.598,34255.063,29818.243,2017,July,Monday,12
4909,2017-07-24 13:00:00,32.4,36.18,4.908,886.167,39.15,43096.877,34394.304,30834.477,2017,July,Monday,13
4910,2017-07-24 14:00:00,33.117,32.805,4.908,852.5,39.582,42538.738,34808.861,30624.603,2017,July,Monday,14
4911,2017-07-24 15:00:00,33.567,31.345,4.91,769.5,40.417,41477.741,33962.025,29905.607,2017,July,Monday,15
4912,2017-07-24 16:00:00,32.812,35.432,4.908,642.117,39.677,40208.372,32910.127,29788.117,2017,July,Monday,16
4913,2017-07-24 17:00:00,31.88,36.858,4.907,481.9,36.998,40002.126,32308.861,29984.937,2017,July,Monday,17
4914,2017-07-24 18:00:00,30.995,37.893,4.907,298.5,249.65,40194.551,32410.759,30928.87,2017,July,Monday,18
4915,2017-07-24 19:00:00,30.005,36.258,4.908,121.375,133.773,44969.037,34933.544,38840.837,2017,July,Monday,19
4916,2017-07-24 20:00:00,28.773,32.905,4.91,11.987,12.176,51138.339,34767.722,47223.766,2017,July,Monday,20
4917,2017-07-24 21:00:00,27.503,33.918,4.91,0.09,0.104,49812.625,33874.684,45827.95,2017,July,Monday,21
4918,2017-07-24 22:00:00,26.387,35.395,4.909,0.098,0.097,47126.113,32196.203,43174.895,2017,July,Monday,22
4919,2017-07-24 23:00:00,24.895,43.738,4.909,0.102,0.102,42423.92,29750.0,39669.289,2017,July,Monday,23
4920,2017-07-25 00:00:00,24.023,47.288,4.909,0.097,0.096,37492.093,26558.228,35410.544,2017,July,Tuesday,0
4921,2017-07-25 01:00:00,22.965,53.708,4.908,0.091,0.111,33584.053,23796.835,30970.042,2017,July,Tuesday,1
4922,2017-07-25 02:00:00,22.373,57.413,4.907,0.086,0.126,31520.532,22215.823,28081.004,2017,July,Tuesday,2
4923,2017-07-25 03:00:00,21.592,61.512,4.907,0.087,0.128,31212.226,21729.747,27008.536,2017,July,Tuesday,3
4924,2017-07-25 04:00:00,21.147,61.465,4.908,0.078,0.113,29924.784,20583.544,25687.029,2017,July,Tuesday,4
4925,2017-07-25 05:00:00,20.498,59.548,4.908,0.08,0.122,25877.475,17935.443,21306.778,2017,July,Tuesday,5
4926,2017-07-25 06:00:00,19.812,62.368,4.908,16.512,14.477,26305.914,18193.038,21098.912,2017,July,Tuesday,6
4927,2017-07-25 07:00:00,20.03,62.392,4.908,146.0,133.177,28849.967,20784.177,23351.297,2017,July,Tuesday,7
4928,2017-07-25 08:00:00,23.353,60.395,4.908,333.533,232.3,32895.15,24004.43,26450.209,2017,July,Tuesday,8
4929,2017-07-25 09:00:00,26.003,66.25,4.908,515.3,63.365,37436.811,27117.089,29507.95,2017,July,Tuesday,9
4930,2017-07-25 10:00:00,26.687,65.038,4.908,673.717,58.64,40453.953,29072.785,31689.038,2017,July,Tuesday,10
4931,2017-07-25 11:00:00,27.352,60.398,4.907,788.0,60.878,42584.452,30391.772,33354.979,2017,July,Tuesday,11
4932,2017-07-25 12:00:00,28.24,54.395,4.907,854.833,63.793,43161.728,30775.949,34307.95,2017,July,Tuesday,12
4933,2017-07-25 13:00:00,28.763,48.463,4.909,871.667,60.803,43105.382,30198.101,34461.59,2017,July,Tuesday,13
4934,2017-07-25 14:00:00,28.88,46.828,4.909,837.833,58.525,42854.485,30103.165,33598.996,2017,July,Tuesday,14
4935,2017-07-25 15:00:00,28.952,48.278,4.91,755.667,56.598,41777.542,29157.595,32914.142,2017,July,Tuesday,15
4936,2017-07-25 16:00:00,28.938,49.853,4.911,630.733,54.077,40279.601,27949.367,32818.745,2017,July,Tuesday,16
4937,2017-07-25 17:00:00,28.963,48.692,4.909,467.8,53.26,39588.571,27380.38,33211.381,2017,July,Tuesday,17
4938,2017-07-25 18:00:00,28.773,47.727,4.908,285.083,235.7,39809.701,28046.203,34556.987,2017,July,Tuesday,18
4939,2017-07-25 19:00:00,28.13,50.715,4.908,112.827,119.633,44404.518,31308.228,41537.071,2017,July,Tuesday,19
4940,2017-07-25 20:00:00,26.867,57.94,4.908,9.61,9.736,50886.379,34489.241,46954.644,2017,July,Tuesday,20
4941,2017-07-25 21:00:00,25.582,66.152,4.909,0.081,0.119,49523.455,32962.658,45479.498,2017,July,Tuesday,21
4942,2017-07-25 22:00:00,24.015,70.507,4.909,0.087,0.111,47113.355,31693.671,42616.569,2017,July,Tuesday,22
4943,2017-07-25 23:00:00,23.228,73.483,4.908,0.085,0.122,42156.013,29133.544,38431.13,2017,July,Tuesday,23
4944,2017-07-26 00:00:00,22.67,75.483,4.907,0.079,0.126,37244.385,25906.962,33865.105,2017,July,Wednesday,0
4945,2017-07-26 01:00:00,22.538,73.315,4.906,0.082,0.14,33585.116,23191.772,29494.895,2017,July,Wednesday,1
4946,2017-07-26 02:00:00,22.865,63.642,4.906,0.079,0.127,31513.09,21782.278,27059.749,2017,July,Wednesday,2
4947,2017-07-26 03:00:00,22.632,61.797,4.906,0.068,0.119,31183.522,21146.835,26353.808,2017,July,Wednesday,3
4948,2017-07-26 04:00:00,22.722,59.425,4.908,0.073,0.107,30105.515,20055.063,25148.787,2017,July,Wednesday,4
4949,2017-07-26 05:00:00,22.203,60.223,4.907,0.075,0.125,25922.126,17336.076,20985.439,2017,July,Wednesday,5
4950,2017-07-26 06:00:00,21.857,60.152,4.905,15.789,13.51,26844.917,17624.684,20314.644,2017,July,Wednesday,6
4951,2017-07-26 07:00:00,22.452,57.483,4.906,145.283,130.975,29318.804,19789.241,21534.728,2017,July,Wednesday,7
4952,2017-07-26 08:00:00,24.45,53.515,4.906,335.45,223.85,32865.382,22338.608,24290.209,2017,July,Wednesday,8
4953,2017-07-26 09:00:00,28.357,42.615,4.907,523.65,58.365,36293.953,25350.0,27514.644,2017,July,Wednesday,9
4954,2017-07-26 10:00:00,32.107,32.735,4.906,682.517,57.233,40136.08,27831.013,30068.285,2017,July,Wednesday,10
4955,2017-07-26 11:00:00,34.403,29.887,4.908,795.333,57.663,41902.99,28963.291,31658.912,2017,July,Wednesday,11
4956,2017-07-26 12:00:00,34.675,36.052,4.907,856.5,60.343,43012.89,29342.405,33137.071,2017,July,Wednesday,12
4957,2017-07-26 13:00:00,34.035,37.43,4.907,871.0,64.02,42575.947,29998.734,34164.351,2017,July,Wednesday,13
4958,2017-07-26 14:00:00,34.705,33.678,4.907,835.667,64.655,42213.422,30179.747,33415.23,2017,July,Wednesday,14
4959,2017-07-26 15:00:00,34.633,34.645,4.909,750.0,63.447,41034.419,29329.114,32756.485,2017,July,Wednesday,15
4960,2017-07-26 16:00:00,34.897,32.063,4.908,616.617,64.557,39773.555,28188.608,32654.059,2017,July,Wednesday,16
4961,2017-07-26 17:00:00,35.097,32.067,4.906,453.7,63.503,38708.306,27346.203,32755.481,2017,July,Wednesday,17
4962,2017-07-26 18:00:00,35.582,30.707,4.908,273.283,207.45,39064.452,27529.747,34311.967,2017,July,Wednesday,18
4963,2017-07-26 19:00:00,35.945,22.837,4.907,113.487,116.473,44260.997,31166.456,41843.347,2017,July,Wednesday,19
4964,2017-07-26 20:00:00,33.32,30.693,4.907,11.004,10.2,50546.179,34388.608,47136.402,2017,July,Wednesday,20
4965,2017-07-26 21:00:00,30.968,39.105,4.908,0.102,0.112,49365.05,33215.19,44982.427,2017,July,Wednesday,21
4966,2017-07-26 22:00:00,29.58,42.185,4.908,0.099,0.099,46691.296,31607.595,41779.079,2017,July,Wednesday,22
4967,2017-07-26 23:00:00,28.035,45.175,4.909,0.086,0.128,41908.306,29123.418,37704.1,2017,July,Wednesday,23
4968,2017-07-27 00:00:00,26.735,45.7,4.908,0.102,0.109,36755.349,26203.797,33556.82,2017,July,Thursday,0
4969,2017-07-27 01:00:00,25.73,46.623,4.908,0.093,0.126,33223.654,23481.646,29363.347,2017,July,Thursday,1
4970,2017-07-27 02:00:00,25.545,45.938,4.908,0.102,0.099,31222.857,22027.848,27019.582,2017,July,Thursday,2
4971,2017-07-27 03:00:00,24.33,48.828,4.908,0.091,0.115,30814.618,21349.367,26086.695,2017,July,Thursday,3
4972,2017-07-27 04:00:00,23.917,48.308,4.909,0.1,0.116,29879.07,20341.139,24272.134,2017,July,Thursday,4
4973,2017-07-27 05:00:00,23.347,49.18,4.908,0.099,0.111,25787.11,17325.316,19806.527,2017,July,Thursday,5
4974,2017-07-27 06:00:00,23.17,48.777,4.908,13.577,11.302,26443.056,17731.013,19139.749,2017,July,Thursday,6
4975,2017-07-27 07:00:00,23.86,47.143,4.909,133.622,116.128,29538.87,20429.114,21192.301,2017,July,Thursday,7
4976,2017-07-27 08:00:00,26.463,39.685,4.909,322.667,204.383,33088.638,23644.304,24686.862,2017,July,Thursday,8
4977,2017-07-27 09:00:00,29.642,31.995,4.908,511.717,89.433,37207.176,26938.608,27729.54,2017,July,Thursday,9
4978,2017-07-27 10:00:00,33.175,27.205,4.908,669.567,91.15,40415.681,28977.215,29876.485,2017,July,Thursday,10
4979,2017-07-27 11:00:00,35.912,21.642,4.908,779.833,94.133,42103.92,30191.772,32095.732,2017,July,Thursday,11
4980,2017-07-27 12:00:00,37.21,20.873,4.907,842.5,108.15,43142.591,30484.177,33426.276,2017,July,Thursday,12
4981,2017-07-27 13:00:00,34.64,31.505,4.906,800.167,228.6,42810.897,30677.848,33716.485,2017,July,Thursday,13
4982,2017-07-27 14:00:00,31.807,43.828,4.907,320.183,216.417,42401.595,30746.203,32814.728,2017,July,Thursday,14
4983,2017-07-27 15:00:00,29.705,59.205,4.905,701.467,194.6,41333.156,29706.962,32264.435,2017,July,Thursday,15
4984,2017-07-27 16:00:00,30.657,50.757,4.907,605.267,97.333,40147.774,28782.278,32251.381,2017,July,Thursday,16
4985,2017-07-27 17:00:00,31.182,46.632,4.907,443.483,96.533,39228.173,28122.785,33111.967,2017,July,Thursday,17
4986,2017-07-27 18:00:00,28.655,61.902,4.908,254.8,178.233,39397.209,28152.532,34527.866,2017,July,Thursday,18
4987,2017-07-27 19:00:00,28.347,59.86,4.908,110.172,100.662,44782.99,31555.696,42371.548,2017,July,Thursday,19
4988,2017-07-27 20:00:00,27.843,61.208,4.907,13.574,11.095,50973.555,34620.253,47100.251,2017,July,Thursday,20
4989,2017-07-27 21:00:00,27.21,62.087,4.908,0.083,0.085,49683.987,33116.456,45202.343,2017,July,Thursday,21
4990,2017-07-27 22:00:00,26.567,71.41,4.906,0.089,0.101,46999.601,31694.937,42529.205,2017,July,Thursday,22
4991,2017-07-27 23:00:00,25.615,79.433,4.904,0.095,0.101,42360.133,29539.241,38654.059,2017,July,Thursday,23
4992,2017-07-28 00:00:00,26.215,72.022,4.904,0.099,0.094,37245.449,26379.747,34202.51,2017,July,Friday,0
4993,2017-07-28 01:00:00,27.585,56.598,4.908,0.097,0.098,33682.924,23526.582,29722.845,2017,July,Friday,1
4994,2017-07-28 02:00:00,27.398,55.34,4.908,0.101,0.094,31615.15,21331.013,26486.36,2017,July,Friday,2
4995,2017-07-28 03:00:00,26.473,58.33,4.908,0.099,0.1,31051.694,20787.342,25378.745,2017,July,Friday,3
4996,2017-07-28 04:00:00,25.985,59.438,4.908,0.101,0.104,30000.266,19901.266,23680.669,2017,July,Friday,4
4997,2017-07-28 05:00:00,25.067,61.198,4.906,0.098,0.109,25748.837,17119.62,19022.259,2017,July,Friday,5
4998,2017-07-28 06:00:00,24.863,60.932,4.906,11.099,9.045,26322.924,17646.835,19061.423,2017,July,Friday,6
4999,2017-07-28 07:00:00,25.435,57.977,4.906,124.23,105.883,28519.336,20587.342,21534.728,2017,July,Friday,7
5000,2017-07-28 08:00:00,26.837,52.495,4.907,306.6,183.35,33006.777,23894.304,24423.766,2017,July,Friday,8
5001,2017-07-28 09:00:00,29.702,41.282,4.906,494.383,92.367,36858.472,27337.342,27994.644,2017,July,Friday,9
5002,2017-07-28 10:00:00,31.645,34.97,4.907,650.75,94.783,39634.286,30022.152,30542.259,2017,July,Friday,10
5003,2017-07-28 11:00:00,33.048,32.825,4.908,767.167,95.25,41521.329,30987.342,32307.615,2017,July,Friday,11
5004,2017-07-28 12:00:00,34.327,30.477,4.908,833.5,94.65,40666.578,30030.38,33347.95,2017,July,Friday,12
5005,2017-07-28 13:00:00,35.6,27.555,4.908,847.5,96.883,41160.93,29617.722,33745.607,2017,July,Friday,13
5006,2017-07-28 14:00:00,35.955,29.012,4.908,810.833,99.283,41491.561,29966.456,32826.778,2017,July,Friday,14
5007,2017-07-28 15:00:00,35.91,25.933,4.908,729.517,97.6,40852.625,29574.684,32037.49,2017,July,Friday,15
5008,2017-07-28 16:00:00,35.187,24.452,4.908,607.767,90.733,40159.468,28833.544,31843.682,2017,July,Friday,16
5009,2017-07-28 17:00:00,34.632,26.31,4.908,443.833,83.6,39231.362,28300.0,27654.226,2017,July,Friday,17
5010,2017-07-28 18:00:00,33.722,30.605,4.909,248.917,171.383,39297.276,28249.367,29118.326,2017,July,Friday,18
5011,2017-07-28 19:00:00,31.732,37.962,4.908,94.625,90.767,44128.106,31702.532,35719.833,2017,July,Friday,19
5012,2017-07-28 20:00:00,29.423,42.263,4.909,8.767,7.636,49604.252,34791.772,40389.289,2017,July,Friday,20
5013,2017-07-28 21:00:00,28.297,44.2,4.91,0.086,0.096,48818.605,33684.81,38277.49,2017,July,Friday,21
5014,2017-07-28 22:00:00,27.153,47.368,4.909,0.087,0.103,46778.472,31903.797,36450.879,2017,July,Friday,22
5015,2017-07-28 23:00:00,26.342,46.888,4.91,0.096,0.088,42511.096,29532.278,33614.059,2017,July,Friday,23
5016,2017-07-29 00:00:00,25.58,50.372,4.911,0.102,0.092,37452.757,26891.139,30039.163,2017,July,Saturday,0
5017,2017-07-29 01:00:00,25.648,47.922,4.908,0.091,0.096,33663.787,23791.139,26551.632,2017,July,Saturday,1
5018,2017-07-29 02:00:00,26.315,42.183,4.908,0.099,0.112,31474.817,21901.899,23705.774,2017,July,Saturday,2
5019,2017-07-29 03:00:00,26.217,40.058,4.908,0.092,0.085,30683.854,20783.544,22665.439,2017,July,Saturday,3
5020,2017-07-29 04:00:00,25.595,42.675,4.908,0.084,0.104,29916.279,19837.342,20846.862,2017,July,Saturday,4
5021,2017-07-29 05:00:00,24.717,51.89,4.908,0.097,0.106,25597.874,17130.38,17186.611,2017,July,Saturday,5
5022,2017-07-29 06:00:00,24.338,55.052,4.907,17.333,15.445,26156.013,17241.772,16958.661,2017,July,Saturday,6
5023,2017-07-29 07:00:00,25.167,51.18,4.907,156.683,147.183,28440.664,19256.962,18696.904,2017,July,Saturday,7
5024,2017-07-29 08:00:00,26.977,42.55,4.908,350.033,188.247,32273.223,22351.266,21901.255,2017,July,Saturday,8
5025,2017-07-29 09:00:00,28.0,43.723,4.908,538.667,32.293,36508.704,25325.316,24637.657,2017,July,Saturday,9
5026,2017-07-29 10:00:00,29.138,42.745,4.907,694.4,35.183,39515.216,27156.329,25917.992,2017,July,Saturday,10
5027,2017-07-29 11:00:00,30.917,38.603,4.909,805.5,37.912,41688.239,28140.506,26928.201,2017,July,Saturday,11
5028,2017-07-29 12:00:00,32.265,35.125,4.907,874.667,37.343,41712.691,28387.342,27887.197,2017,July,Saturday,12
5029,2017-07-29 13:00:00,33.518,33.198,4.908,883.833,40.78,41749.9,27946.835,28107.113,2017,July,Saturday,13
5030,2017-07-29 14:00:00,34.128,32.218,4.908,850.833,39.713,41375.681,27682.278,28076.987,2017,July,Saturday,14
5031,2017-07-29 15:00:00,34.052,30.503,4.908,773.833,37.597,40297.674,27051.899,27788.787,2017,July,Saturday,15
5032,2017-07-29 16:00:00,33.503,29.938,4.909,644.733,34.322,39503.522,26831.646,28155.314,2017,July,Saturday,16
5033,2017-07-29 17:00:00,33.003,26.705,4.908,482.35,32.107,39355.748,26653.797,28766.862,2017,July,Saturday,17
5034,2017-07-29 18:00:00,32.058,29.222,4.91,292.567,178.65,39672.558,26942.405,29860.418,2017,July,Saturday,18
5035,2017-07-29 19:00:00,30.133,37.503,4.909,114.968,126.965,45331.561,30794.937,37071.464,2017,July,Saturday,19
5036,2017-07-29 20:00:00,27.71,48.517,4.907,9.322,9.052,51010.764,33937.342,41760.0,2017,July,Saturday,20
5037,2017-07-29 21:00:00,26.168,56.412,4.908,0.106,0.081,49385.249,32696.203,39747.615,2017,July,Saturday,21
5038,2017-07-29 22:00:00,25.292,60.577,4.908,0.102,0.094,46701.927,31218.987,37100.586,2017,July,Saturday,22
5039,2017-07-29 23:00:00,24.55,64.377,4.908,0.101,0.104,42551.495,29245.57,34277.824,2017,July,Saturday,23
5040,2017-07-30 00:00:00,23.992,67.012,4.904,0.095,0.101,37830.166,26186.709,30990.126,2017,July,Sunday,0
5041,2017-07-30 01:00:00,23.698,66.067,4.904,0.092,0.098,34045.449,23681.013,28152.301,2017,July,Sunday,1
5042,2017-07-30 02:00:00,23.598,64.467,4.906,0.091,0.106,31758.671,21743.038,24539.247,2017,July,Sunday,2
5043,2017-07-30 03:00:00,23.887,60.083,4.906,0.107,0.098,31016.611,20438.608,22836.151,2017,July,Sunday,3
5044,2017-07-30 04:00:00,23.525,61.227,4.906,0.092,0.103,29746.179,19421.519,21253.556,2017,July,Sunday,4
5045,2017-07-30 05:00:00,23.032,66.223,4.904,0.082,0.148,25171.561,15736.076,17355.314,2017,July,Sunday,5
5046,2017-07-30 06:00:00,23.183,70.058,4.904,5.039,4.021,24716.545,15240.506,17262.929,2017,July,Sunday,6
5047,2017-07-30 07:00:00,23.388,72.217,4.904,89.17,68.717,25874.286,16425.316,19045.356,2017,July,Sunday,7
5048,2017-07-30 08:00:00,24.153,70.095,4.906,217.083,111.35,28622.458,19069.62,21977.573,2017,July,Sunday,8
5049,2017-07-30 09:00:00,25.788,64.335,4.904,422.467,155.283,32111.628,21512.025,24582.427,2017,July,Sunday,9
5050,2017-07-30 10:00:00,27.587,56.412,4.906,562.917,157.283,35135.15,23487.975,26057.573,2017,July,Sunday,10
5051,2017-07-30 11:00:00,29.252,50.475,4.907,736.45,191.8,37273.09,24805.063,27483.515,2017,July,Sunday,11
5052,2017-07-30 12:00:00,30.072,45.695,4.909,633.533,244.6,37771.694,25451.899,28699.582,2017,July,Sunday,12
5053,2017-07-30 13:00:00,30.692,47.2,4.908,903.5,179.45,37873.754,25830.38,29112.301,2017,July,Sunday,13
5054,2017-07-30 14:00:00,30.748,45.523,4.91,847.5,128.35,37479.336,25648.101,29128.368,2017,July,Sunday,14
5055,2017-07-30 15:00:00,30.3,46.94,4.909,741.817,90.067,36505.515,25060.127,28880.335,2017,July,Sunday,15
5056,2017-07-30 16:00:00,29.135,50.502,4.91,613.133,93.417,35689.037,24987.975,29173.556,2017,July,Sunday,16
5057,2017-07-30 17:00:00,28.533,50.882,4.91,458.55,418.467,35845.316,25151.266,29432.636,2017,July,Sunday,17
5058,2017-07-30 18:00:00,27.54,52.0,4.909,280.583,297.7,36334.352,25767.722,30888.703,2017,July,Sunday,18
5059,2017-07-30 19:00:00,26.365,55.848,4.91,106.263,114.748,42446.246,29725.949,37970.209,2017,July,Sunday,19
5060,2017-07-30 20:00:00,25.127,60.337,4.908,7.99,7.454,48769.701,33146.203,42493.054,2017,July,Sunday,20
5061,2017-07-30 21:00:00,24.078,62.693,4.911,0.105,0.085,48140.332,32251.899,39709.456,2017,July,Sunday,21
5062,2017-07-30 22:00:00,23.565,63.078,4.909,0.086,0.099,46432.957,30794.937,36700.921,2017,July,Sunday,22
5063,2017-07-30 23:00:00,23.267,63.325,4.909,0.102,0.09,42944.85,28425.316,33936.402,2017,July,Sunday,23
5064,2017-07-31 00:00:00,22.905,66.507,4.905,0.087,0.108,38112.957,25668.987,30953.975,2017,July,Monday,0
5065,2017-07-31 01:00:00,22.382,68.067,4.905,0.084,0.116,34047.575,23511.392,27483.515,2017,July,Monday,1
5066,2017-07-31 02:00:00,22.307,68.353,4.906,0.083,0.108,31840.532,21637.975,24109.456,2017,July,Monday,2
5067,2017-07-31 03:00:00,22.188,67.553,4.905,0.065,0.127,31367.442,20671.519,22833.138,2017,July,Monday,3
5068,2017-07-31 04:00:00,22.163,66.122,4.906,0.067,0.13,30401.063,19922.152,21551.799,2017,July,Monday,4
5069,2017-07-31 05:00:00,21.65,66.662,4.905,0.077,0.122,26149.635,16958.228,18269.121,2017,July,Monday,5
5070,2017-07-31 06:00:00,20.397,73.183,4.904,10.326,8.628,27049.037,17701.266,17322.176,2017,July,Monday,6
5071,2017-07-31 07:00:00,20.248,72.5,4.904,148.483,134.962,29553.754,20537.342,19566.527,2017,July,Monday,7
5072,2017-07-31 08:00:00,21.92,66.833,4.905,348.05,124.983,33378.87,23862.025,22717.657,2017,July,Monday,8
5073,2017-07-31 09:00:00,24.18,57.74,4.906,525.067,41.363,37141.262,26593.038,25595.649,2017,July,Monday,9
5074,2017-07-31 10:00:00,26.708,47.43,4.906,684.467,44.713,40480.532,28736.076,25803.515,2017,July,Monday,10
5075,2017-07-31 11:00:00,28.743,39.21,4.904,799.667,47.74,42362.259,30135.443,27304.77,2017,July,Monday,11
5076,2017-07-31 12:00:00,30.518,33.383,4.905,862.167,51.793,43308.439,30524.051,29306.109,2017,July,Monday,12
5077,2017-07-31 13:00:00,29.843,42.188,4.904,871.0,55.353,43062.857,30687.975,29804.184,2017,July,Monday,13
5078,2017-07-31 14:00:00,29.74,40.708,4.904,833.167,58.278,42768.372,30587.342,29512.971,2017,July,Monday,14
5079,2017-07-31 15:00:00,29.99,40.003,4.906,744.417,63.702,42116.678,30018.987,28983.766,2017,July,Monday,15
5080,2017-07-31 16:00:00,30.763,34.7,4.905,616.633,89.002,40607.043,29045.57,28728.703,2017,July,Monday,16
5081,2017-07-31 17:00:00,30.187,40.382,4.905,456.367,429.783,39484.385,28658.861,29912.636,2017,July,Monday,17
5082,2017-07-31 18:00:00,28.098,51.897,4.906,252.783,277.367,39218.605,28521.519,30957.992,2017,July,Monday,18
5083,2017-07-31 19:00:00,26.968,58.437,4.904,100.582,104.32,45099.801,32125.316,37745.272,2017,July,Monday,19
5084,2017-07-31 20:00:00,26.287,65.093,4.905,8.36,7.788,50505.781,34640.506,41213.724,2017,July,Monday,20
5085,2017-07-31 21:00:00,25.6,70.742,4.907,0.111,0.072,49439.468,33151.266,39249.54,2017,July,Monday,21
5086,2017-07-31 22:00:00,25.315,69.792,4.905,0.095,0.08,46555.216,31496.203,36561.339,2017,July,Monday,22
5087,2017-07-31 23:00:00,25.103,71.802,4.904,0.082,0.106,42014.618,28817.089,33541.757,2017,July,Monday,23
5088,2017-08-01 00:00:00,24.648,77.55,4.906,0.073,0.126,36791.121,25861.457,29989.718,2017,August,Tuesday,0
5089,2017-08-01 01:00:00,24.477,74.45,4.905,0.074,0.117,33451.898,23062.936,26954.232,2017,August,Tuesday,1
5090,2017-08-01 02:00:00,24.288,74.767,4.905,0.08,0.123,31316.67,21400.422,24532.665,2017,August,Tuesday,2
5091,2017-08-01 03:00:00,23.97,75.683,4.907,0.076,0.128,31023.663,20644.562,23247.649,2017,August,Tuesday,3
5092,2017-08-01 04:00:00,23.953,75.833,4.907,0.079,0.125,30187.259,19882.999,21673.73,2017,August,Tuesday,4
5093,2017-08-01 05:00:00,23.788,77.783,4.91,0.088,0.124,26015.893,16865.259,17940.063,2017,August,Tuesday,5
5094,2017-08-01 06:00:00,23.607,77.5,4.91,8.762,6.711,26656.249,17163.675,17329.154,2017,August,Tuesday,6
5095,2017-08-01 07:00:00,24.275,76.283,4.91,73.763,58.025,29225.128,19503.485,19112.727,2017,August,Tuesday,7
5096,2017-08-01 08:00:00,25.61,73.683,4.91,252.267,113.467,32896.781,22611.827,21467.085,2017,August,Tuesday,8
5097,2017-08-01 09:00:00,26.567,73.083,4.908,449.15,142.2,36175.272,25163.886,22902.571,2017,August,Tuesday,9
5098,2017-08-01 10:00:00,27.175,70.455,4.909,617.917,152.383,39394.095,27072.862,25134.545,2017,August,Tuesday,10
5099,2017-08-01 11:00:00,27.933,67.51,4.909,741.0,161.95,41501.62,28435.058,26597.116,2017,August,Tuesday,11
5100,2017-08-01 12:00:00,28.647,65.467,4.907,804.0,161.65,42391.299,28596.621,27446.771,2017,August,Tuesday,12
5101,2017-08-01 13:00:00,28.352,69.288,4.906,821.333,166.6,42058.868,28773.39,27817.931,2017,August,Tuesday,13
5102,2017-08-01 14:00:00,28.357,72.733,4.905,788.667,195.883,41954.451,28870.961,27802.884,2017,August,Tuesday,14
5103,2017-08-01 15:00:00,28.563,71.333,4.906,707.767,201.467,40960.355,28035.903,27364.514,2017,August,Tuesday,15
5104,2017-08-01 16:00:00,28.927,70.305,4.906,601.2,267.783,39469.745,27103.273,27366.52,2017,August,Tuesday,16
5105,2017-08-01 17:00:00,28.588,72.45,4.905,352.767,307.833,38340.333,26391.763,27192.978,2017,August,Tuesday,17
5106,2017-08-01 18:00:00,28.38,73.15,4.906,240.15,221.683,38254.029,26206.125,28075.737,2017,August,Tuesday,18
5107,2017-08-01 19:00:00,27.788,75.633,4.904,81.148,72.253,44382.686,30256.6,35295.298,2017,August,Tuesday,19
5108,2017-08-01 20:00:00,26.753,81.083,4.906,5.222,4.353,49336.115,33057.656,38691.912,2017,August,Tuesday,20
5109,2017-08-01 21:00:00,26.572,81.75,4.906,0.067,0.106,47791.165,32237.804,37485.141,2017,August,Tuesday,21
5110,2017-08-01 22:00:00,26.348,82.767,4.909,0.069,0.108,44839.778,30427.666,35379.561,2017,August,Tuesday,22
5111,2017-08-01 23:00:00,26.215,84.1,4.911,0.076,0.128,39844.795,28125.871,32081.254,2017,August,Tuesday,23
5112,2017-08-02 00:00:00,26.168,84.367,4.911,0.078,0.123,34744.329,24612.038,28285.392,2017,August,Wednesday,0
5113,2017-08-02 01:00:00,26.102,85.033,4.909,0.07,0.136,31278.313,22135.375,25038.245,2017,August,Wednesday,1
5114,2017-08-02 02:00:00,25.848,88.1,4.911,0.08,0.132,29463.796,20654.699,22915.611,2017,August,Wednesday,2
5115,2017-08-02 03:00:00,25.382,90.583,4.909,0.082,0.131,29032.275,19829.145,21538.307,2017,August,Wednesday,3
5116,2017-08-02 04:00:00,25.242,91.983,4.911,0.089,0.114,28287.503,19238.015,20187.085,2017,August,Wednesday,4
5117,2017-08-02 05:00:00,25.14,92.65,4.912,0.095,0.09,24196.049,16483.844,16902.821,2017,August,Wednesday,5
5118,2017-08-02 06:00:00,25.073,93.1,4.91,1.585,1.225,24696.826,16212.672,16662.069,2017,August,Wednesday,6
5119,2017-08-02 07:00:00,25.078,93.333,4.91,17.446,12.99,28007.281,18595.565,18751.599,2017,August,Wednesday,7
5120,2017-08-02 08:00:00,25.178,93.533,4.908,52.11,39.517,31930.388,21789.44,21643.636,2017,August,Wednesday,8
5121,2017-08-02 09:00:00,25.26,93.483,4.91,91.89,69.537,35996.271,24776.769,24025.078,2017,August,Wednesday,9
5122,2017-08-02 10:00:00,25.655,92.917,4.91,197.083,144.683,39730.788,26557.761,26295.172,2017,August,Wednesday,10
5123,2017-08-02 11:00:00,26.183,90.167,4.908,284.117,213.383,41268.28,28300.106,27682.508,2017,August,Wednesday,11
5124,2017-08-02 12:00:00,27.022,85.317,4.91,349.783,251.983,42070.588,29292.925,28940.439,2017,August,Wednesday,12
5125,2017-08-02 13:00:00,27.127,81.767,4.91,85.303,60.908,42315.649,29580.57,29107.962,2017,August,Wednesday,13
5126,2017-08-02 14:00:00,26.553,82.433,4.911,100.917,76.052,41510.144,29487.434,25867.837,2017,August,Wednesday,14
5127,2017-08-02 15:00:00,26.722,82.75,4.913,120.133,91.25,40338.113,28530.729,25320.125,2017,August,Wednesday,15
5128,2017-08-02 16:00:00,26.485,84.533,4.911,299.55,221.117,39556.049,27676.663,24781.442,2017,August,Wednesday,16
5129,2017-08-02 17:00:00,26.673,83.567,4.911,402.417,316.883,38744.151,27124.182,25658.182,2017,August,Wednesday,17
5130,2017-08-02 18:00:00,27.818,76.483,4.908,331.383,286.167,38975.361,27458.078,26858.934,2017,August,Wednesday,18
5131,2017-08-02 19:00:00,28.213,51.727,4.904,100.048,89.178,44991.077,31311.51,33115.486,2017,August,Wednesday,19
5132,2017-08-02 20:00:00,26.725,54.653,4.905,7.015,5.956,49962.619,34162.619,36810.031,2017,August,Wednesday,20
5133,2017-08-02 21:00:00,25.715,59.318,4.905,0.08,0.099,48690.433,32781.415,34973.292,2017,August,Wednesday,21
5134,2017-08-02 22:00:00,25.213,61.802,4.907,0.087,0.081,45801.909,31362.196,33272.978,2017,August,Wednesday,22
5135,2017-08-02 23:00:00,24.712,65.323,4.909,0.082,0.111,41082.886,28724.604,30605.643,2017,August,Wednesday,23
5136,2017-08-03 00:00:00,24.058,69.415,4.909,0.069,0.131,36032.497,25598.522,27553.103,2017,August,Thursday,0
5137,2017-08-03 01:00:00,23.958,67.907,4.91,0.058,0.119,32465.261,22616.262,24160.502,2017,August,Thursday,1
5138,2017-08-03 02:00:00,23.543,69.567,4.91,0.05,0.133,30193.651,20775.713,21387.837,2017,August,Thursday,2
5139,2017-08-03 03:00:00,23.107,72.05,4.91,0.063,0.138,29975.228,20008.448,20638.495,2017,August,Thursday,3
5140,2017-08-03 04:00:00,22.828,74.15,4.911,0.067,0.112,29406.26,19280.465,19510.972,2017,August,Thursday,4
5141,2017-08-03 05:00:00,22.518,75.317,4.909,0.059,0.131,25189.079,16402.746,16058.182,2017,August,Thursday,5
5142,2017-08-03 06:00:00,22.425,75.383,4.911,4.827,3.816,25650.433,16650.475,15056.05,2017,August,Thursday,6
5143,2017-08-03 07:00:00,22.408,74.633,4.912,104.62,84.928,28447.325,19265.259,17194.734,2017,August,Thursday,7
5144,2017-08-03 08:00:00,23.297,71.388,4.91,286.417,115.4,32197.825,22646.674,20499.06,2017,August,Thursday,8
5145,2017-08-03 09:00:00,25.412,61.39,4.908,473.25,100.083,36388.368,25941.922,22662.821,2017,August,Thursday,9
5146,2017-08-03 10:00:00,27.558,55.083,4.906,631.267,103.683,40147.392,28193.664,24238.746,2017,August,Thursday,10
5147,2017-08-03 11:00:00,29.953,48.223,4.905,742.333,105.85,42246.393,29841.605,25672.226,2017,August,Thursday,11
5148,2017-08-03 12:00:00,29.53,52.962,4.905,805.833,105.017,38313.696,31791.763,25475.611,2017,August,Thursday,12
5149,2017-08-03 13:00:00,29.243,53.037,4.905,822.333,103.6,41434.495,33051.954,24368.15,2017,August,Thursday,13
5150,2017-08-03 14:00:00,29.358,50.788,4.905,783.167,107.233,41083.951,31527.561,26162.759,2017,August,Thursday,14
5151,2017-08-03 15:00:00,29.798,47.022,4.904,696.517,113.933,40048.302,30033.58,26320.251,2017,August,Thursday,15
5152,2017-08-03 16:00:00,30.165,45.89,4.906,567.883,146.883,38937.003,28900.739,26453.668,2017,August,Thursday,16
5153,2017-08-03 17:00:00,30.263,45.538,4.904,407.283,387.333,38948.724,28429.989,27150.846,2017,August,Thursday,17
5154,2017-08-03 18:00:00,30.23,45.297,4.906,233.233,233.133,38498.024,28884.266,28290.408,2017,August,Thursday,18
5155,2017-08-03 19:00:00,30.09,45.545,4.904,79.745,77.125,44426.371,33371.278,34790.721,2017,August,Thursday,19
5156,2017-08-03 20:00:00,29.217,50.017,4.906,5.335,4.609,49322.264,36254.699,38216.426,2017,August,Thursday,20
5157,2017-08-03 21:00:00,27.337,60.572,4.905,0.102,0.077,47805.017,34906.441,36961.505,2017,August,Thursday,21
5158,2017-08-03 22:00:00,26.142,64.018,4.905,0.105,0.078,45279.822,33004.435,34516.865,2017,August,Thursday,22
5159,2017-08-03 23:00:00,26.76,59.265,4.905,0.102,0.082,40848.479,30389.652,31820.439,2017,August,Thursday,23
5160,2017-08-04 00:00:00,26.993,49.813,4.904,0.096,0.092,35917.425,27151.426,28997.618,2017,August,Friday,0
5161,2017-08-04 01:00:00,26.562,49.467,4.904,0.094,0.094,32082.752,24328.194,25940.063,2017,August,Friday,1
5162,2017-08-04 02:00:00,25.935,49.155,4.904,0.093,0.109,30232.009,22474.974,22982.821,2017,August,Friday,2
5163,2017-08-04 03:00:00,25.337,52.312,4.905,0.101,0.096,29373.23,21515.734,21698.809,2017,August,Friday,3
5164,2017-08-04 04:00:00,24.343,57.018,4.903,0.1,0.1,28909.745,21131.785,20602.382,2017,August,Friday,4
5165,2017-08-04 05:00:00,23.725,59.337,4.903,0.106,0.078,24926.97,18401.69,17164.639,2017,August,Friday,5
5166,2017-08-04 06:00:00,23.243,60.663,4.903,4.404,3.573,24948.28,18359.873,16610.909,2017,August,Friday,6
5167,2017-08-04 07:00:00,23.303,62.56,4.903,90.432,68.165,27792.053,20911.299,18270.094,2017,August,Friday,7
5168,2017-08-04 08:00:00,24.788,62.888,4.904,207.9,138.783,31667.214,24643.717,20927.398,2017,August,Friday,8
5169,2017-08-04 09:00:00,26.365,72.717,4.906,374.617,197.35,35580.733,27991.552,23777.304,2017,August,Friday,9
5170,2017-08-04 10:00:00,27.0,72.817,4.906,515.417,243.767,39073.385,30373.178,25652.163,2017,August,Friday,10
5171,2017-08-04 11:00:00,27.12,74.733,4.906,573.9,269.483,41595.383,31499.683,26839.875,2017,August,Friday,11
5172,2017-08-04 12:00:00,27.418,73.6,4.905,528.95,315.383,40636.448,31287.434,27935.298,2017,August,Friday,12
5173,2017-08-04 13:00:00,27.005,74.533,4.904,437.8,290.733,40342.375,31151.848,27751.724,2017,August,Friday,13
5174,2017-08-04 14:00:00,26.932,74.383,4.905,315.417,215.683,40809.057,30879.409,26969.279,2017,August,Friday,14
5175,2017-08-04 15:00:00,26.803,74.333,4.904,341.183,243.083,41057.314,29492.503,26745.58,2017,August,Friday,15
5176,2017-08-04 16:00:00,27.377,70.733,4.906,356.183,252.633,40152.719,28455.966,27166.897,2017,August,Friday,16
5177,2017-08-04 17:00:00,27.45,70.262,4.904,242.85,184.133,39207.636,28027.033,27572.163,2017,August,Friday,17
5178,2017-08-04 18:00:00,27.132,73.017,4.904,169.767,132.333,39175.671,27989.018,28790.972,2017,August,Friday,18
5179,2017-08-04 19:00:00,26.513,77.467,4.904,65.855,51.215,45227.614,32097.149,35622.32,2017,August,Friday,19
5180,2017-08-04 20:00:00,26.273,78.267,4.905,3.728,3.011,50108.59,34824.71,38471.223,2017,August,Friday,20
5181,2017-08-04 21:00:00,25.69,82.35,4.905,0.062,0.112,48950.411,33472.65,36900.313,2017,August,Friday,21
5182,2017-08-04 22:00:00,25.21,84.683,4.907,0.066,0.133,46435.871,31933.052,34643.26,2017,August,Friday,22
5183,2017-08-04 23:00:00,25.137,85.25,4.91,0.066,0.135,41728.568,29208.025,31408.15,2017,August,Friday,23
5184,2017-08-05 00:00:00,24.798,85.433,4.908,0.059,0.118,36878.491,26582.471,28842.132,2017,August,Saturday,0
5185,2017-08-05 01:00:00,24.688,84.8,4.907,0.063,0.136,33219.623,24028.511,25530.784,2017,August,Saturday,1
5186,2017-08-05 02:00:00,24.395,84.683,4.908,0.066,0.132,31009.811,22397.677,22753.103,2017,August,Saturday,2
5187,2017-08-05 03:00:00,24.917,85.017,4.909,0.065,0.135,30251.188,21295.248,21446.019,2017,August,Saturday,3
5188,2017-08-05 04:00:00,24.578,87.367,4.91,0.065,0.122,29863.352,20380.993,19816.928,2017,August,Saturday,4
5189,2017-08-05 05:00:00,24.373,88.417,4.909,0.072,0.119,25795.339,17557.761,16089.279,2017,August,Saturday,5
5190,2017-08-05 06:00:00,24.065,89.317,4.91,2.34,1.784,25955.161,17222.598,15579.687,2017,August,Saturday,6
5191,2017-08-05 07:00:00,24.167,89.383,4.91,29.243,21.742,27991.299,19246.885,17958.119,2017,August,Saturday,7
5192,2017-08-05 08:00:00,24.462,89.1,4.91,105.998,79.982,31878.18,22590.285,21341.693,2017,August,Saturday,8
5193,2017-08-05 09:00:00,25.19,87.3,4.909,252.583,168.85,35867.347,25587.751,23970.909,2017,August,Saturday,9
5194,2017-08-05 10:00:00,26.27,82.417,4.909,485.9,237.7,38787.836,27412.46,25220.815,2017,August,Saturday,10
5195,2017-08-05 11:00:00,27.967,71.808,4.905,657.267,293.1,40778.158,28552.27,26490.784,2017,August,Saturday,11
5196,2017-08-05 12:00:00,29.708,59.71,4.904,727.833,320.0,40839.956,28893.77,27582.194,2017,August,Saturday,12
5197,2017-08-05 13:00:00,29.292,61.398,4.904,622.117,340.733,40935.849,28619.43,27713.605,2017,August,Saturday,13
5198,2017-08-05 14:00:00,29.457,60.615,4.905,511.8,285.117,40437.203,28061.246,27560.125,2017,August,Saturday,14
5199,2017-08-05 15:00:00,28.71,63.438,4.906,347.033,239.333,39492.12,27182.471,27157.868,2017,August,Saturday,15
5200,2017-08-05 16:00:00,28.535,60.948,4.904,162.9,124.55,38653.585,27137.487,27571.16,2017,August,Saturday,16
5201,2017-08-05 17:00:00,28.773,60.787,4.904,172.333,131.983,38509.745,27134.319,28299.436,2017,August,Saturday,17
5202,2017-08-05 18:00:00,28.378,65.04,4.904,108.548,87.25,38901.842,27520.803,29221.317,2017,August,Saturday,18
5203,2017-08-05 19:00:00,26.865,80.1,4.905,41.863,33.088,45728.391,31980.57,36969.53,2017,August,Saturday,19
5204,2017-08-05 20:00:00,26.435,84.15,4.908,2.009,1.624,50614.695,34950.792,40217.68,2017,August,Saturday,20
5205,2017-08-05 21:00:00,25.957,84.8,4.908,0.078,0.138,49462.908,34111.299,37997.743,2017,August,Saturday,21
5206,2017-08-05 22:00:00,25.93,84.533,4.908,0.07,0.145,46862.064,32543.189,35445.768,2017,August,Saturday,22
5207,2017-08-05 23:00:00,25.888,85.017,4.909,0.073,0.119,42648.08,29946.146,32554.734,2017,August,Saturday,23
5208,2017-08-06 00:00:00,25.633,88.167,4.91,0.068,0.135,37693.585,26598.944,29339.687,2017,August,Sunday,0
5209,2017-08-06 01:00:00,25.862,88.4,4.909,0.06,0.151,34368.213,24155.861,26126.646,2017,August,Sunday,1
5210,2017-08-06 02:00:00,26.205,85.25,4.908,0.065,0.136,31902.686,22254.488,22898.558,2017,August,Sunday,2
5211,2017-08-06 03:00:00,27.382,75.05,4.907,0.072,0.112,31213.319,21179.937,21863.323,2017,August,Sunday,3
5212,2017-08-06 04:00:00,26.305,80.283,4.909,0.071,0.138,30740.244,20535.586,20870.219,2017,August,Sunday,4
5213,2017-08-06 05:00:00,25.328,84.6,4.909,0.07,0.137,26009.501,17186.484,16744.326,2017,August,Sunday,5
5214,2017-08-06 06:00:00,24.47,86.3,4.91,3.949,3.154,25445.86,16241.816,15920.752,2017,August,Sunday,6
5215,2017-08-06 07:00:00,24.913,87.517,4.911,68.638,51.852,25657.891,17251.109,18017.304,2017,August,Sunday,7
5216,2017-08-06 08:00:00,26.063,85.867,4.911,126.3,90.967,27652.475,19628.3,21202.257,2017,August,Sunday,8
5217,2017-08-06 09:00:00,26.727,83.05,4.908,300.567,176.683,30480.266,22028.3,23560.627,2017,August,Sunday,9
5218,2017-08-06 10:00:00,28.25,76.2,4.906,543.75,221.867,33313.385,23828.3,25302.069,2017,August,Sunday,10
5219,2017-08-06 11:00:00,29.745,65.645,4.905,450.083,238.5,38240.178,24853.432,26283.135,2017,August,Sunday,11
5220,2017-08-06 12:00:00,31.242,56.64,4.904,629.6,241.983,38794.229,25533.263,27176.928,2017,August,Sunday,12
5221,2017-08-06 13:00:00,30.608,63.422,4.905,752.767,183.783,39289.678,25452.165,27944.326,2017,August,Sunday,13
5222,2017-08-06 14:00:00,29.205,69.327,4.906,728.517,174.7,38647.192,25422.386,27463.824,2017,August,Sunday,14
5223,2017-08-06 15:00:00,29.523,67.68,4.906,686.65,158.4,37670.144,25065.048,27198.997,2017,August,Sunday,15
5224,2017-08-06 16:00:00,29.612,67.167,4.907,549.583,163.317,37516.715,24957.973,27756.74,2017,August,Sunday,16
5225,2017-08-06 17:00:00,29.508,67.535,4.907,385.55,327.533,37721.287,25219.007,28377.68,2017,August,Sunday,17
5226,2017-08-06 18:00:00,29.007,69.713,4.906,175.1,149.15,34942.508,25442.027,29069.843,2017,August,Sunday,18
5227,2017-08-06 19:00:00,27.948,78.483,4.904,67.088,52.8,39190.588,31096.727,36730.784,2017,August,Sunday,19
5228,2017-08-06 20:00:00,27.78,78.933,4.904,3.442,2.579,44288.923,34873.495,39363.009,2017,August,Sunday,20
5229,2017-08-06 21:00:00,28.228,75.117,4.904,0.1,0.096,43363.019,34451.531,37483.135,2017,August,Sunday,21
5230,2017-08-06 22:00:00,27.982,72.442,4.906,0.097,0.109,40965.683,32643.295,35057.555,2017,August,Sunday,22
5231,2017-08-06 23:00:00,27.452,75.5,4.907,0.089,0.129,37139.534,30046.251,32411.285,2017,August,Sunday,23
5232,2017-08-07 00:00:00,27.098,76.017,4.906,0.088,0.127,33870.633,26942.978,29185.204,2017,August,Monday,0
5233,2017-08-07 01:00:00,26.823,75.85,4.906,0.08,0.128,31967.68,24222.386,25875.862,2017,August,Monday,1
5234,2017-08-07 02:00:00,27.562,67.838,4.904,0.08,0.125,30318.313,22670.116,22554.483,2017,August,Monday,2
5235,2017-08-07 03:00:00,26.767,71.117,4.905,0.092,0.116,29645.993,22022.598,20591.348,2017,August,Monday,3
5236,2017-08-07 04:00:00,25.88,77.45,4.906,0.089,0.122,27880.488,21669.06,20913.354,2017,August,Monday,4
5237,2017-08-07 05:00:00,26.387,74.35,4.904,0.08,0.118,24652.075,18703.907,17808.652,2017,August,Monday,5
5238,2017-08-07 06:00:00,26.23,66.23,4.904,1.697,1.301,25477.825,19016.895,16113.354,2017,August,Monday,6
5239,2017-08-07 07:00:00,26.37,63.87,4.905,53.802,41.527,28250.211,21390.919,18128.652,2017,August,Monday,7
5240,2017-08-07 08:00:00,26.468,64.755,4.905,187.25,95.548,32027.347,25040.971,21071.85,2017,August,Monday,8
5241,2017-08-07 09:00:00,28.513,60.21,4.904,358.067,160.05,36363.862,27529.673,23676.991,2017,August,Monday,9
5242,2017-08-07 10:00:00,32.08,40.615,4.903,527.317,218.75,39154.362,28922.914,25088.401,2017,August,Monday,10
5243,2017-08-07 11:00:00,33.287,32.9,4.906,345.683,244.467,41666.77,30107.075,26049.404,2017,August,Monday,11
5244,2017-08-07 12:00:00,33.102,38.582,4.906,251.783,203.117,43943.707,30794.509,27469.843,2017,August,Monday,12
5245,2017-08-07 13:00:00,30.605,52.817,4.904,455.317,295.617,43811.587,31158.817,27889.154,2017,August,Monday,13
5246,2017-08-07 14:00:00,30.855,51.003,4.905,671.817,230.067,43059.356,31078.986,27640.376,2017,August,Monday,14
5247,2017-08-07 15:00:00,31.213,48.827,4.906,637.167,193.467,42235.738,31344.456,25930.031,2017,August,Monday,15
5248,2017-08-07 16:00:00,30.603,51.062,4.906,277.633,194.333,40913.474,32288.49,24580.815,2017,August,Monday,16
5249,2017-08-07 17:00:00,28.945,61.027,4.904,195.7,150.75,40250.744,29499.472,27834.984,2017,August,Monday,17
5250,2017-08-07 18:00:00,28.31,67.185,4.904,201.8,166.55,40875.117,28744.879,30417.053,2017,August,Monday,18
5251,2017-08-07 19:00:00,27.71,73.417,4.903,69.413,56.952,47799.689,33422.598,38191.348,2017,August,Monday,19
5252,2017-08-07 20:00:00,27.33,78.317,4.905,6.699,5.378,51844.262,35937.276,40687.147,2017,August,Monday,20
5253,2017-08-07 21:00:00,27.102,82.65,4.907,0.087,0.124,50174.65,34734.741,38602.633,2017,August,Monday,21
5254,2017-08-07 22:00:00,26.762,85.167,4.911,0.092,0.141,47120.977,32927.138,36456.928,2017,August,Monday,22
5255,2017-08-07 23:00:00,26.487,85.9,4.909,0.08,0.128,42600.133,29873.284,33106.458,2017,August,Monday,23
5256,2017-08-08 00:00:00,26.407,84.45,4.908,0.084,0.137,37819.312,27216.684,29616.552,2017,August,Tuesday,0
5257,2017-08-08 01:00:00,26.272,85.033,4.908,0.094,0.13,34177.492,24532.207,26056.426,2017,August,Tuesday,1
5258,2017-08-08 02:00:00,25.895,88.333,4.908,0.082,0.146,31870.721,22302.64,23279.749,2017,August,Tuesday,2
5259,2017-08-08 03:00:00,25.858,89.667,4.909,0.078,0.133,30893.674,21518.268,21816.176,2017,August,Tuesday,3
5260,2017-08-08 04:00:00,25.777,90.483,4.91,0.092,0.148,30747.703,21096.304,20835.11,2017,August,Tuesday,4
5261,2017-08-08 05:00:00,25.652,91.433,4.908,0.08,0.148,26667.969,18115.945,17648.15,2017,August,Tuesday,5
5262,2017-08-08 06:00:00,25.543,92.533,4.911,3.006,2.303,27014.251,17820.063,16762.382,2017,August,Tuesday,6
5263,2017-08-08 07:00:00,25.645,92.583,4.908,34.707,26.137,30485.594,19578.247,18671.348,2017,August,Tuesday,7
5264,2017-08-08 08:00:00,25.772,91.817,4.908,113.867,86.22,33822.686,23986.695,22299.687,2017,August,Tuesday,8
5265,2017-08-08 09:00:00,26.488,88.283,4.91,213.333,159.55,37966.349,26754.171,25162.633,2017,August,Tuesday,9
5266,2017-08-08 10:00:00,27.155,83.783,4.909,415.75,247.283,41257.625,29240.338,26847.9,2017,August,Tuesday,10
5267,2017-08-08 11:00:00,27.732,80.717,4.909,565.85,284.517,43060.422,30388.384,27934.295,2017,August,Tuesday,11
5268,2017-08-08 12:00:00,28.43,76.183,4.906,672.683,301.417,43452.519,30765.998,29403.887,2017,August,Tuesday,12
5269,2017-08-08 13:00:00,28.817,73.467,4.904,600.517,340.967,43682.664,30912.355,30013.793,2017,August,Tuesday,13
5270,2017-08-08 14:00:00,29.242,71.565,4.905,703.633,306.117,42250.655,30968.11,29789.091,2017,August,Tuesday,14
5271,2017-08-08 15:00:00,28.83,75.367,4.905,587.25,283.5,39029.7,30081.732,29421.944,2017,August,Tuesday,15
5272,2017-08-08 16:00:00,28.743,74.467,4.904,509.95,213.117,37978.069,29044.562,29400.878,2017,August,Tuesday,16
5273,2017-08-08 17:00:00,29.167,67.945,4.906,349.083,273.083,39134.118,28547.835,30036.865,2017,August,Tuesday,17
5274,2017-08-08 18:00:00,29.053,68.917,4.904,212.733,195.35,41206.482,28639.071,31452.288,2017,August,Tuesday,18
5275,2017-08-08 19:00:00,27.503,81.467,4.902,41.145,35.992,47702.73,32937.276,38360.878,2017,August,Tuesday,19
5276,2017-08-08 20:00:00,26.847,84.367,4.907,1.805,1.5,51192.186,35108.553,40433.354,2017,August,Tuesday,20
5277,2017-08-08 21:00:00,26.95,83.617,4.906,0.087,0.132,49672.808,33930.095,38073.981,2017,August,Tuesday,21
5278,2017-08-08 22:00:00,26.755,85.1,4.907,0.09,0.13,46693.718,32073.073,35873.103,2017,August,Tuesday,22
5279,2017-08-08 23:00:00,26.352,86.517,4.91,0.09,0.116,41824.462,29536.22,33230.846,2017,August,Tuesday,23
5280,2017-08-09 00:00:00,25.937,88.25,4.91,0.076,0.12,36727.192,26745.935,29799.122,2017,August,Wednesday,0
5281,2017-08-09 01:00:00,25.733,89.267,4.909,0.077,0.129,33194.051,23865.048,26335.298,2017,August,Wednesday,1
5282,2017-08-09 02:00:00,25.725,89.5,4.909,0.081,0.14,30845.727,21802.112,22835.361,2017,August,Wednesday,2
5283,2017-08-09 03:00:00,25.563,89.467,4.91,0.087,0.134,30113.74,20916.367,21055.799,2017,August,Wednesday,3
5284,2017-08-09 04:00:00,25.612,88.35,4.91,0.093,0.121,29853.762,20465.259,19790.846,2017,August,Wednesday,4
5285,2017-08-09 05:00:00,25.913,87.783,4.908,0.072,0.148,24946.149,17572.334,17298.056,2017,August,Wednesday,5
5286,2017-08-09 06:00:00,25.952,88.083,4.909,0.645,0.564,23801.82,17294.826,17177.68,2017,August,Wednesday,6
5287,2017-08-09 07:00:00,25.963,88.733,4.909,13.535,10.762,29628.946,19932.418,18944.201,2017,August,Wednesday,7
5288,2017-08-09 08:00:00,26.018,88.817,4.91,52.855,40.058,33114.14,23287.223,22191.348,2017,August,Wednesday,8
5289,2017-08-09 09:00:00,26.397,86.583,4.906,181.333,133.067,33408.213,26320.803,24474.483,2017,August,Wednesday,9
5290,2017-08-09 10:00:00,27.625,79.383,4.908,443.567,196.033,35817.27,29302.429,26205.893,2017,August,Wednesday,10
5291,2017-08-09 11:00:00,28.88,72.717,4.907,692.517,176.4,40091.987,30824.287,27917.241,2017,August,Wednesday,11
5292,2017-08-09 12:00:00,29.845,67.765,4.905,724.167,242.0,41692.342,31443.295,28973.542,2017,August,Wednesday,12
5293,2017-08-09 13:00:00,30.455,64.572,4.906,618.583,254.233,42182.464,32045.829,29331.661,2017,August,Wednesday,13
5294,2017-08-09 14:00:00,30.648,63.298,4.905,757.017,231.333,41552.764,31793.031,29151.097,2017,August,Wednesday,14
5295,2017-08-09 15:00:00,30.413,63.23,4.906,570.233,244.217,40911.343,30546.146,28804.013,2017,August,Wednesday,15
5296,2017-08-09 16:00:00,29.817,64.743,4.905,359.383,207.3,40030.189,29203.59,28456.928,2017,August,Wednesday,16
5297,2017-08-09 17:00:00,30.82,61.543,4.906,417.817,331.517,39069.123,28682.788,28760.878,2017,August,Wednesday,17
5298,2017-08-09 18:00:00,30.648,63.492,4.906,208.417,196.567,39016.915,28706.864,29990.721,2017,August,Wednesday,18
5299,2017-08-09 19:00:00,30.178,64.578,4.904,56.46,52.782,45767.814,33235.058,37323.636,2017,August,Wednesday,19
5300,2017-08-09 20:00:00,30.643,49.195,4.907,2.858,2.479,49142.198,35693.981,37813.166,2017,August,Wednesday,20
5301,2017-08-09 21:00:00,29.61,50.46,4.904,0.1,0.074,47061.31,34587.117,35903.197,2017,August,Wednesday,21
5302,2017-08-09 22:00:00,28.88,53.517,4.906,0.1,0.096,44161.065,32696.515,34877.994,2017,August,Wednesday,22
5303,2017-08-09 23:00:00,28.398,54.015,4.904,0.099,0.094,39287.547,29629.356,32030.094,2017,August,Wednesday,23
5304,2017-08-10 00:00:00,27.835,55.963,4.904,0.1,0.087,34319.201,26238.437,28357.618,2017,August,Thursday,0
5305,2017-08-10 01:00:00,27.607,55.653,4.903,0.109,0.076,31315.605,23712.355,25181.693,2017,August,Thursday,1
5306,2017-08-10 02:00:00,26.983,58.332,4.902,0.112,0.088,29160.133,22139.81,22297.68,2017,August,Thursday,2
5307,2017-08-10 03:00:00,26.6,58.202,4.902,0.096,0.084,28483.552,21197.677,21231.348,2017,August,Thursday,3
5308,2017-08-10 04:00:00,26.908,54.763,4.903,0.1,0.099,28310.943,20873.284,20447.9,2017,August,Thursday,4
5309,2017-08-10 05:00:00,26.333,60.153,4.902,0.089,0.117,24120.4,17818.796,17212.79,2017,August,Thursday,5
5310,2017-08-10 06:00:00,25.428,65.457,4.903,2.863,2.342,24061.798,17849.842,16047.147,2017,August,Thursday,6
5311,2017-08-10 07:00:00,25.578,63.188,4.903,36.1,27.185,26983.352,20787.117,18350.345,2017,August,Thursday,7
5312,2017-08-10 08:00:00,26.558,59.498,4.902,150.617,108.707,30386.504,24479.62,21951.599,2017,August,Thursday,8
5313,2017-08-10 09:00:00,27.085,59.727,4.902,184.633,143.1,32472.719,27268.004,24232.727,2017,August,Thursday,9
5314,2017-08-10 10:00:00,27.798,56.837,4.902,265.1,194.283,37997.248,27716.579,25336.176,2017,August,Thursday,10
5315,2017-08-10 11:00:00,29.168,52.51,4.903,577.333,265.633,41625.216,29020.486,27063.574,2017,August,Thursday,11
5316,2017-08-10 12:00:00,32.073,41.025,4.905,823.5,119.617,42071.654,29602.112,27982.445,2017,August,Thursday,12
5317,2017-08-10 13:00:00,34.7,30.193,4.905,790.633,174.517,42170.744,29628.722,28264.326,2017,August,Thursday,13
5318,2017-08-10 14:00:00,34.755,33.362,4.908,781.167,152.133,41669.967,29463.992,27729.655,2017,August,Thursday,14
5319,2017-08-10 15:00:00,32.675,40.88,4.906,588.5,243.25,40749.39,28606.125,27388.589,2017,August,Thursday,15
5320,2017-08-10 16:00:00,32.423,40.532,4.907,473.417,239.533,39368.524,27881.943,27641.379,2017,August,Thursday,16
5321,2017-08-10 17:00:00,34.412,29.533,4.906,385.467,292.2,38433.03,27703.907,28403.762,2017,August,Thursday,17
5322,2017-08-10 18:00:00,33.542,25.873,4.905,171.55,143.2,39052.075,28137.276,30622.696,2017,August,Thursday,18
5323,2017-08-10 19:00:00,32.44,27.425,4.905,41.827,33.238,46907.88,33193.875,37284.514,2017,August,Thursday,19
5324,2017-08-10 20:00:00,30.868,29.422,4.906,1.321,1.029,50597.647,35033.791,38574.545,2017,August,Thursday,20
5325,2017-08-10 21:00:00,29.633,30.223,4.906,0.086,0.093,48869.434,33691.869,37282.508,2017,August,Thursday,21
5326,2017-08-10 22:00:00,28.928,30.87,4.908,0.08,0.086,45410.877,31747.413,34958.245,2017,August,Thursday,22
5327,2017-08-10 23:00:00,28.72,30.877,4.907,0.072,0.09,40747.259,29109.82,32178.558,2017,August,Thursday,23
5328,2017-08-11 00:00:00,28.23,32.71,4.907,0.093,0.088,35935.538,26353.115,28919.373,2017,August,Friday,0
5329,2017-08-11 01:00:00,27.863,34.545,4.906,0.09,0.075,32408.79,23588.807,25404.389,2017,August,Friday,1
5330,2017-08-11 02:00:00,27.212,36.875,4.905,0.084,0.097,30428.058,21980.148,22579.561,2017,August,Friday,2
5331,2017-08-11 03:00:00,26.862,36.722,4.905,0.09,0.087,29801.554,20887.223,21591.473,2017,August,Friday,3
5332,2017-08-11 04:00:00,25.817,40.965,4.906,0.086,0.103,30014.65,20813.728,19924.263,2017,August,Friday,4
5333,2017-08-11 05:00:00,25.17,45.403,4.905,0.087,0.082,25905.083,18037.381,16608.903,2017,August,Friday,5
5334,2017-08-11 06:00:00,24.28,51.455,4.903,3.599,2.825,25520.444,17711.721,16541.693,2017,August,Friday,6
5335,2017-08-11 07:00:00,24.258,50.638,4.903,91.34,62.782,28023.263,20278.353,18461.693,2017,August,Friday,7
5336,2017-08-11 08:00:00,25.397,46.528,4.904,267.517,95.45,31751.387,23273.918,20968.527,2017,August,Friday,8
5337,2017-08-11 09:00:00,28.467,34.993,4.904,458.9,105.883,35495.494,25808.87,23605.768,2017,August,Friday,9
5338,2017-08-11 10:00:00,31.84,20.083,4.904,622.433,113.8,38647.192,27985.216,25242.884,2017,August,Friday,10
5339,2017-08-11 11:00:00,34.147,14.718,4.905,734.583,123.117,40481.953,28981.837,26613.166,2017,August,Friday,11
5340,2017-08-11 12:00:00,34.945,17.662,4.904,797.833,130.5,39581.62,29000.845,27748.715,2017,August,Friday,12
5341,2017-08-11 13:00:00,33.805,25.348,4.905,806.5,133.217,39728.657,28654.91,27607.273,2017,August,Friday,13
5342,2017-08-11 14:00:00,35.318,21.053,4.905,766.833,135.933,39433.518,28745.512,26613.166,2017,August,Friday,14
5343,2017-08-11 15:00:00,35.02,22.963,4.904,674.567,141.017,39071.254,27913.622,25964.138,2017,August,Friday,15
5344,2017-08-11 16:00:00,35.165,20.768,4.905,532.3,161.95,38129.367,27249.63,26473.73,2017,August,Friday,16
5345,2017-08-11 17:00:00,35.275,19.097,4.906,367.717,246.867,37319.6,26654.065,27126.771,2017,August,Friday,17
5346,2017-08-11 18:00:00,34.872,19.562,4.907,204.067,190.717,37512.453,26564.097,28733.793,2017,August,Friday,18
5347,2017-08-11 19:00:00,33.29,14.237,4.904,55.857,50.632,45407.68,31244.351,35832.978,2017,August,Friday,19
5348,2017-08-11 20:00:00,30.873,20.712,4.907,1.196,0.976,48787.392,33572.122,37484.138,2017,August,Friday,20
5349,2017-08-11 21:00:00,29.927,25.735,4.907,0.088,0.086,47476.848,32761.774,36255.298,2017,August,Friday,21
5350,2017-08-11 22:00:00,29.247,27.872,4.907,0.083,0.091,44545.705,31255.755,34280.125,2017,August,Friday,22
5351,2017-08-11 23:00:00,27.585,33.893,4.908,0.074,0.093,39798.979,28622.598,31622.821,2017,August,Friday,23
5352,2017-08-12 00:00:00,26.588,38.797,4.905,0.078,0.099,34760.311,25297.571,28569.279,2017,August,Saturday,0
5353,2017-08-12 01:00:00,27.613,31.965,4.906,0.07,0.093,31385.927,22698.627,25437.492,2017,August,Saturday,1
5354,2017-08-12 02:00:00,27.455,32.082,4.905,0.078,0.087,29501.088,21213.516,22851.411,2017,August,Saturday,2
5355,2017-08-12 03:00:00,27.042,33.612,4.906,0.082,0.078,28839.423,20317.001,21200.251,2017,August,Saturday,3
5356,2017-08-12 04:00:00,26.687,36.703,4.907,0.087,0.091,28859.667,20076.874,20470.972,2017,August,Saturday,4
5357,2017-08-12 05:00:00,25.563,48.788,4.904,0.078,0.091,24837.469,17156.705,17531.787,2017,August,Saturday,5
5358,2017-08-12 06:00:00,24.922,55.928,4.902,2.953,2.346,24601.998,16740.444,15831.473,2017,August,Saturday,6
5359,2017-08-12 07:00:00,24.358,62.867,4.901,71.322,54.538,27151.698,18558.184,18025.329,2017,August,Saturday,7
5360,2017-08-12 08:00:00,24.563,66.16,4.904,205.5,82.075,30718.935,21428.933,21344.702,2017,August,Saturday,8
5361,2017-08-12 09:00:00,25.937,60.087,4.902,467.8,110.917,34449.19,24290.813,23880.627,2017,August,Saturday,9
5362,2017-08-12 10:00:00,27.71,48.655,4.903,489.933,109.95,36963.729,26398.099,25328.15,2017,August,Saturday,10
5363,2017-08-12 11:00:00,28.98,40.342,4.903,392.133,161.767,38882.664,27009.504,26590.094,2017,August,Saturday,11
5364,2017-08-12 12:00:00,30.913,29.772,4.904,865.167,138.633,39507.037,27772.967,27679.498,2017,August,Saturday,12
5365,2017-08-12 13:00:00,31.615,23.655,4.904,844.333,122.267,39850.122,27976.98,27893.166,2017,August,Saturday,13
5366,2017-08-12 14:00:00,31.897,19.017,4.906,814.667,91.833,39006.26,27617.107,27457.806,2017,August,Saturday,14
5367,2017-08-12 15:00:00,31.765,16.723,4.904,706.583,114.983,38100.599,26582.471,27553.103,2017,August,Saturday,15
5368,2017-08-12 16:00:00,31.47,15.018,4.904,568.333,149.667,37317.469,25998.944,27898.182,2017,August,Saturday,16
5369,2017-08-12 17:00:00,30.74,14.95,4.904,364.45,228.917,37086.26,25846.251,28538.182,2017,August,Saturday,17
5370,2017-08-12 18:00:00,29.937,17.418,4.904,222.917,197.667,37591.299,26445.618,30907.586,2017,August,Saturday,18
5371,2017-08-12 19:00:00,28.542,23.268,4.907,87.257,74.848,45834.939,31964.731,38406.019,2017,August,Saturday,19
5372,2017-08-12 20:00:00,26.825,29.672,4.908,2.096,1.649,49257.27,33914.889,39225.58,2017,August,Saturday,20
5373,2017-08-12 21:00:00,25.343,39.418,4.906,0.101,0.082,47661.176,32899.894,37423.95,2017,August,Saturday,21
5374,2017-08-12 22:00:00,24.232,47.417,4.904,0.09,0.077,44764.129,31109.398,34976.301,2017,August,Saturday,22
5375,2017-08-12 23:00:00,23.55,58.325,4.902,0.102,0.087,40355.161,28751.848,32288.903,2017,August,Saturday,23
5376,2017-08-13 00:00:00,23.243,60.882,4.902,0.087,0.097,35772.519,26119.324,29450.031,2017,August,Sunday,0
5377,2017-08-13 01:00:00,22.978,63.03,4.902,0.099,0.084,32438.624,23297.36,26093.542,2017,August,Sunday,1
5378,2017-08-13 02:00:00,22.865,60.347,4.902,0.091,0.109,30160.622,21215.417,23188.464,2017,August,Sunday,2
5379,2017-08-13 03:00:00,23.142,50.588,4.903,0.103,0.083,29293.319,20273.284,21870.345,2017,August,Sunday,3
5380,2017-08-13 04:00:00,22.653,50.227,4.903,0.101,0.093,27139.978,19556.705,20834.107,2017,August,Sunday,4
5381,2017-08-13 05:00:00,22.335,48.922,4.904,0.102,0.086,24222.686,16497.782,17710.345,2017,August,Sunday,5
5382,2017-08-13 06:00:00,21.547,50.538,4.903,9.014,7.765,23928.613,15686.167,16534.671,2017,August,Sunday,6
5383,2017-08-13 07:00:00,21.87,49.26,4.903,135.263,80.828,25333.984,16863.358,18622.194,2017,August,Sunday,7
5384,2017-08-13 08:00:00,23.252,49.55,4.903,327.483,30.118,28395.117,19431.89,21262.445,2017,August,Sunday,8
5385,2017-08-13 09:00:00,24.407,47.122,4.904,519.983,34.015,31665.083,21752.059,23223.574,2017,August,Sunday,9
5386,2017-08-13 10:00:00,25.557,43.918,4.904,682.25,37.782,35333.541,23401.901,24523.636,2017,August,Sunday,10
5387,2017-08-13 11:00:00,27.105,38.192,4.903,801.167,49.657,37658.424,24274.34,25366.27,2017,August,Sunday,11
5388,2017-08-13 12:00:00,27.985,37.912,4.904,850.5,63.895,38169.856,25195.565,26486.771,2017,August,Sunday,12
5389,2017-08-13 13:00:00,28.598,35.85,4.903,853.833,72.602,38341.398,25434.425,27236.113,2017,August,Sunday,13
5390,2017-08-13 14:00:00,28.353,36.653,4.905,810.333,91.583,37403.774,25087.223,27003.386,2017,August,Sunday,14
5391,2017-08-13 15:00:00,27.99,36.895,4.904,690.55,111.15,36462.952,24399.155,26481.755,2017,August,Sunday,15
5392,2017-08-13 16:00:00,27.247,33.338,4.904,544.267,101.9,35770.388,24141.922,26803.762,2017,August,Sunday,16
5393,2017-08-13 17:00:00,26.485,33.237,4.904,418.517,246.2,35580.733,24151.426,27270.219,2017,August,Sunday,17
5394,2017-08-13 18:00:00,25.158,39.447,4.904,230.25,245.483,36416.071,25005.491,29392.853,2017,August,Sunday,18
5395,2017-08-13 19:00:00,23.798,45.915,4.903,93.777,103.895,44163.196,30183.105,36425.831,2017,August,Sunday,19
5396,2017-08-13 20:00:00,22.602,50.547,4.904,2.616,2.213,47545.039,32125.66,37679.749,2017,August,Sunday,20
5397,2017-08-13 21:00:00,21.792,52.067,4.903,0.084,0.104,46745.927,31368.532,36184.075,2017,August,Sunday,21
5398,2017-08-13 22:00:00,21.182,51.988,4.904,0.093,0.077,43951.165,30183.738,33934.044,2017,August,Sunday,22
5399,2017-08-13 23:00:00,20.563,52.627,4.903,0.091,0.088,38965.771,27567.054,31060.063,2017,August,Sunday,23
5400,2017-08-14 00:00:00,20.013,56.992,4.902,0.094,0.091,34383.13,24522.703,27858.056,2017,August,Monday,0
5401,2017-08-14 01:00:00,19.46,58.903,4.903,0.107,0.093,31157.913,21829.989,24560.752,2017,August,Monday,1
5402,2017-08-14 02:00:00,19.642,59.883,4.903,0.102,0.091,29187.836,20133.263,22085.016,2017,August,Monday,2
5403,2017-08-14 03:00:00,19.853,50.382,4.904,0.092,0.096,28664.684,19310.243,20701.693,2017,August,Monday,3
5404,2017-08-14 04:00:00,19.738,46.182,4.905,0.107,0.076,28542.153,18878.141,19818.934,2017,August,Monday,4
5405,2017-08-14 05:00:00,19.547,48.272,4.908,0.098,0.074,24738.38,16163.886,16790.47,2017,August,Monday,5
5406,2017-08-14 06:00:00,20.072,45.622,4.909,4.405,3.723,23938.202,18278.141,13311.599,2017,August,Monday,6
5407,2017-08-14 07:00:00,20.743,43.932,4.909,102.36,53.142,26162.93,19759.451,15191.473,2017,August,Monday,7
5408,2017-08-14 08:00:00,22.052,44.378,4.908,287.5,48.178,29126.038,21171.067,19754.734,2017,August,Monday,8
5409,2017-08-14 09:00:00,23.667,49.333,4.908,507.367,77.802,32663.441,23226.399,22888.527,2017,August,Monday,9
5410,2017-08-14 10:00:00,25.215,47.322,4.906,640.183,106.3,36462.952,25601.69,24590.846,2017,August,Monday,10
5411,2017-08-14 11:00:00,26.462,40.598,4.911,789.167,67.635,38767.592,26768.11,25426.458,2017,August,Monday,11
5412,2017-08-14 12:00:00,27.14,39.832,4.908,846.167,52.908,39703.085,27099.472,26279.122,2017,August,Monday,12
5413,2017-08-14 13:00:00,27.773,39.787,4.908,846.0,46.64,39973.718,27152.693,26618.182,2017,August,Monday,13
5414,2017-08-14 14:00:00,28.302,39.297,4.909,806.667,66.627,39151.165,27081.732,26316.238,2017,August,Monday,14
5415,2017-08-14 15:00:00,28.283,37.642,4.91,674.917,115.55,38487.37,26620.486,26155.737,2017,August,Monday,15
5416,2017-08-14 16:00:00,28.183,32.868,4.909,519.533,92.818,37270.588,25896.938,26362.382,2017,August,Monday,16
5417,2017-08-14 17:00:00,27.147,39.31,4.909,433.817,217.405,37503.929,25894.403,26634.232,2017,August,Monday,17
5418,2017-08-14 18:00:00,26.063,39.065,4.91,247.25,273.117,37886.437,26300.528,28442.884,2017,August,Monday,18
5419,2017-08-14 19:00:00,24.953,40.993,4.907,83.05,93.335,46245.15,31480.676,36209.154,2017,August,Monday,19
5420,2017-08-14 20:00:00,23.75,49.83,4.906,2.004,1.696,48945.083,32920.169,36833.103,2017,August,Monday,20
5421,2017-08-14 21:00:00,23.298,50.532,4.906,0.092,0.071,47696.337,32379.092,35231.097,2017,August,Monday,21
5422,2017-08-14 22:00:00,22.732,52.593,4.905,0.1,0.081,44468.99,30580.359,33178.683,2017,August,Monday,22
5423,2017-08-14 23:00:00,21.715,58.918,4.907,0.096,0.076,39665.794,27565.153,30364.89,2017,August,Monday,23
5424,2017-08-15 00:00:00,21.155,62.888,4.906,0.075,0.082,34801.865,24472.017,27285.266,2017,August,Tuesday,0
5425,2017-08-15 01:00:00,21.3,60.903,4.908,0.074,0.089,31226.104,22129.673,23835.486,2017,August,Tuesday,1
5426,2017-08-15 02:00:00,21.725,49.632,4.904,0.087,0.082,29315.694,20408.87,20930.408,2017,August,Tuesday,2
5427,2017-08-15 03:00:00,21.082,54.517,4.904,0.091,0.085,28617.802,19379.937,19236.113,2017,August,Tuesday,3
5428,2017-08-15 04:00:00,20.708,53.41,4.904,0.084,0.068,28847.947,19312.144,18807.774,2017,August,Tuesday,4
5429,2017-08-15 05:00:00,20.4,53.465,4.905,0.09,0.07,25142.198,16582.049,16597.868,2017,August,Tuesday,5
5430,2017-08-15 06:00:00,20.238,52.487,4.906,5.963,5.029,24951.476,18100.739,12425.831,2017,August,Tuesday,6
5431,2017-08-15 07:00:00,20.945,54.692,4.904,112.903,56.885,28229.967,20249.208,13983.699,2017,August,Tuesday,7
5432,2017-08-15 08:00:00,22.182,54.378,4.907,302.05,27.622,32293.718,23078.775,16872.727,2017,August,Tuesday,8
5433,2017-08-15 09:00:00,23.983,53.757,4.908,488.183,30.452,35960.044,26095.248,19433.73,2017,August,Tuesday,9
5434,2017-08-15 10:00:00,25.898,48.612,4.906,645.033,30.802,38700.466,27188.807,23584.702,2017,August,Tuesday,10
5435,2017-08-15 11:00:00,27.602,44.725,4.906,757.833,32.7,41227.791,27999.155,25350.219,2017,August,Tuesday,11
5436,2017-08-15 12:00:00,28.88,40.763,4.906,819.5,33.377,42280.488,28414.15,27022.445,2017,August,Tuesday,12
5437,2017-08-15 13:00:00,29.337,40.62,4.905,833.667,33.225,42291.143,28815.839,27402.633,2017,August,Tuesday,13
5438,2017-08-15 14:00:00,29.768,37.868,4.906,797.833,31.78,41939.534,29048.997,27036.489,2017,August,Tuesday,14
5439,2017-08-15 15:00:00,29.685,40.218,4.906,710.383,30.725,40261.398,28277.93,26573.041,2017,August,Tuesday,15
5440,2017-08-15 16:00:00,28.833,42.347,4.907,579.283,30.193,39471.876,27143.823,26750.596,2017,August,Tuesday,16
5441,2017-08-15 17:00:00,28.112,43.523,4.905,394.583,165.34,38118.713,26386.061,27573.166,2017,August,Tuesday,17
5442,2017-08-15 18:00:00,27.482,41.558,4.906,230.95,257.717,39175.671,26681.309,29721.881,2017,August,Tuesday,18
5443,2017-08-15 19:00:00,26.087,46.457,4.905,70.81,81.613,47484.306,32497.571,38633.73,2017,August,Tuesday,19
5444,2017-08-15 20:00:00,24.645,53.85,4.908,1.674,1.384,50258.824,34179.725,39514.483,2017,August,Tuesday,20
5445,2017-08-15 21:00:00,23.517,59.788,4.908,0.099,0.087,48485.86,33086.8,37290.533,2017,August,Tuesday,21
5446,2017-08-15 22:00:00,23.018,61.132,4.91,0.095,0.074,45157.292,31151.214,34605.141,2017,August,Tuesday,22
5447,2017-08-15 23:00:00,22.855,62.375,4.91,0.085,0.087,40247.547,28541.499,31606.771,2017,August,Tuesday,23
5448,2017-08-16 00:00:00,22.647,64.943,4.911,0.071,0.115,35609.501,25219.007,28242.257,2017,August,Wednesday,0
5449,2017-08-16 01:00:00,22.563,64.963,4.91,0.074,0.097,31751.387,22396.41,24833.605,2017,August,Wednesday,1
5450,2017-08-16 02:00:00,22.297,67.24,4.912,0.077,0.092,29706.726,20388.596,22122.132,2017,August,Wednesday,2
5451,2017-08-16 03:00:00,22.325,63.592,4.912,0.083,0.108,28903.352,19425.554,21140.063,2017,August,Wednesday,3
5452,2017-08-16 04:00:00,21.898,65.718,4.911,0.079,0.11,28885.239,19141.077,20135.925,2017,August,Wednesday,4
5453,2017-08-16 05:00:00,21.947,67.012,4.912,0.085,0.099,25558.801,16629.567,16790.47,2017,August,Wednesday,5
5454,2017-08-16 06:00:00,21.873,69.102,4.912,6.388,5.486,25127.281,15876.241,15378.056,2017,August,Wednesday,6
5455,2017-08-16 07:00:00,22.058,66.762,4.912,116.513,49.767,27617.314,18577.825,17337.179,2017,August,Wednesday,7
5456,2017-08-16 08:00:00,23.342,64.155,4.914,304.15,25.068,30907.525,21771.067,19496.928,2017,August,Wednesday,8
5457,2017-08-16 09:00:00,25.072,59.102,4.914,491.767,28.437,34779.489,24324.393,22329.781,2017,August,Wednesday,9
5458,2017-08-16 10:00:00,26.603,53.85,4.914,647.017,31.922,38946.593,26735.797,24763.386,2017,August,Wednesday,10
5459,2017-08-16 11:00:00,27.913,49.56,4.909,763.167,35.14,41509.079,28259.556,25882.884,2017,August,Wednesday,11
5460,2017-08-16 12:00:00,28.953,46.828,4.908,829.333,37.253,42263.441,28333.685,26993.354,2017,August,Wednesday,12
5461,2017-08-16 13:00:00,29.672,44.663,4.907,843.833,37.95,42667.259,28580.148,27353.48,2017,August,Wednesday,13
5462,2017-08-16 14:00:00,29.83,44.892,4.907,808.333,39.265,42228.28,28889.335,27123.762,2017,August,Wednesday,14
5463,2017-08-16 15:00:00,29.968,44.008,4.907,717.717,37.46,41354.584,28205.069,26250.031,2017,August,Wednesday,15
5464,2017-08-16 16:00:00,29.417,45.058,4.906,587.7,33.93,40463.84,27216.684,26300.188,2017,August,Wednesday,16
5465,2017-08-16 17:00:00,28.203,47.477,4.906,401.333,147.003,39140.511,26855.544,27101.693,2017,August,Wednesday,17
5466,2017-08-16 18:00:00,26.928,52.1,4.907,230.067,255.9,39759.556,27171.7,29764.013,2017,August,Wednesday,18
5467,2017-08-16 19:00:00,25.538,55.783,4.906,69.83,79.943,46831.165,32883.421,38984.828,2017,August,Wednesday,19
5468,2017-08-16 20:00:00,24.188,58.79,4.178,1.569,1.325,49586.504,34412.249,39799.373,2017,August,Wednesday,20
5469,2017-08-16 21:00:00,23.255,61.173,0.071,0.09,0.101,46952.63,33174.234,37468.088,2017,August,Wednesday,21
5470,2017-08-16 22:00:00,22.475,63.893,0.07,0.095,0.107,46445.461,31263.358,34299.185,2017,August,Wednesday,22
5471,2017-08-16 23:00:00,21.703,67.462,0.07,0.086,0.112,41581.532,28749.314,31490.408,2017,August,Wednesday,23
5472,2017-08-17 00:00:00,21.262,71.935,0.07,0.09,0.115,36066.593,25817.107,27763.762,2017,August,Thursday,0
5473,2017-08-17 01:00:00,20.972,75.267,0.069,0.083,0.112,32595.25,22936.22,24652.038,2017,August,Thursday,1
5474,2017-08-17 02:00:00,20.812,76.117,0.066,0.081,0.136,29584.195,20838.437,22390.972,2017,August,Thursday,2
5475,2017-08-17 03:00:00,20.535,75.6,0.069,0.078,0.104,28955.56,19885.533,20372.665,2017,August,Thursday,3
5476,2017-08-17 04:00:00,20.567,74.783,0.073,0.075,0.117,29610.832,19837.381,19720.627,2017,August,Thursday,4
5477,2017-08-17 05:00:00,20.518,75.617,0.07,0.083,0.128,26137.358,17129.461,16961.003,2017,August,Thursday,5
5478,2017-08-17 06:00:00,20.443,76.05,0.07,5.204,4.242,26295.05,17010.348,15406.144,2017,August,Thursday,6
5479,2017-08-17 07:00:00,20.717,75.1,0.07,110.222,45.023,28681.731,19692.925,17034.232,2017,August,Thursday,7
5480,2017-08-17 08:00:00,22.263,69.493,0.072,299.883,35.835,32110.455,22774.657,20077.743,2017,August,Thursday,8
5481,2017-08-17 09:00:00,24.212,61.432,0.072,488.733,39.32,35956.848,25771.489,23295.799,2017,August,Thursday,9
5482,2017-08-17 10:00:00,26.153,53.457,0.071,642.717,42.585,39338.69,27650.686,24895.799,2017,August,Thursday,10
5483,2017-08-17 11:00:00,28.342,45.653,0.068,760.333,43.27,41826.593,28568.11,26527.9,2017,August,Thursday,11
5484,2017-08-17 12:00:00,29.638,39.525,0.073,825.5,43.242,42701.354,29015.417,27139.812,2017,August,Thursday,12
5485,2017-08-17 13:00:00,30.84,34.752,0.073,836.667,43.93,42926.171,29417.74,27461.818,2017,August,Thursday,13
5486,2017-08-17 14:00:00,31.427,34.507,0.072,793.5,49.095,42152.63,28983.738,26928.15,2017,August,Thursday,14
5487,2017-08-17 15:00:00,29.388,41.882,0.071,701.5,54.837,41171.321,28459.768,26336.301,2017,August,Thursday,15
5488,2017-08-17 16:00:00,29.168,43.28,0.072,570.067,53.258,39792.586,27004.435,26100.564,2017,August,Thursday,16
5489,2017-08-17 17:00:00,28.962,45.16,0.071,381.35,133.248,38887.991,26622.386,26818.809,2017,August,Thursday,17
5490,2017-08-17 18:00:00,28.122,48.533,0.069,205.983,218.517,39846.926,26852.376,29342.696,2017,August,Thursday,18
5491,2017-08-17 19:00:00,26.375,54.447,0.07,56.768,59.628,49069.745,32961.352,38590.596,2017,August,Thursday,19
5492,2017-08-17 20:00:00,25.24,58.182,0.071,1.34,1.143,51185.794,34495.882,39047.022,2017,August,Thursday,20
5493,2017-08-17 21:00:00,24.357,60.978,0.072,0.083,0.097,49368.08,33087.434,36936.426,2017,August,Thursday,21
5494,2017-08-17 22:00:00,23.627,62.82,0.069,0.097,0.09,46084.262,31310.243,34461.693,2017,August,Thursday,22
5495,2017-08-17 23:00:00,23.065,64.713,0.071,0.086,0.093,41033.873,28684.055,31686.019,2017,August,Thursday,23
5496,2017-08-18 00:00:00,22.612,66.84,0.07,0.083,0.112,36341.487,25883.633,28170.031,2017,August,Friday,0
5497,2017-08-18 01:00:00,22.353,68.262,0.07,0.074,0.12,32895.716,22981.204,24745.329,2017,August,Friday,1
5498,2017-08-18 02:00:00,21.903,70.833,0.071,0.088,0.124,30733.851,21009.504,21902.445,2017,August,Friday,2
5499,2017-08-18 03:00:00,21.492,73.033,0.069,0.077,0.123,29721.643,20100.95,20733.793,2017,August,Friday,3
5500,2017-08-18 04:00:00,21.103,74.633,0.071,0.091,0.094,29920.888,19947.624,20160.0,2017,August,Friday,4
5501,2017-08-18 05:00:00,20.9,75.45,0.07,0.08,0.119,26567.814,17287.856,16981.066,2017,August,Friday,5
5502,2017-08-18 06:00:00,20.682,76.633,0.072,3.184,2.51,25601.421,16611.193,15400.125,2017,August,Friday,6
5503,2017-08-18 07:00:00,20.888,75.767,0.068,87.992,36.858,27623.707,18899.683,16574.796,2017,August,Friday,7
5504,2017-08-18 08:00:00,21.342,74.533,0.072,219.683,64.755,31689.589,22002.957,19983.448,2017,August,Friday,8
5505,2017-08-18 09:00:00,22.962,70.64,0.07,393.1,105.85,35958.979,25317.212,23420.188,2017,August,Friday,9
5506,2017-08-18 10:00:00,25.255,67.763,0.066,606.483,94.183,39178.868,27354.171,25433.48,2017,August,Friday,10
5507,2017-08-18 11:00:00,25.567,70.067,0.064,731.467,83.95,41154.273,28950.158,26783.699,2017,August,Friday,11
5508,2017-08-18 12:00:00,25.995,68.54,0.066,800.0,75.783,40232.63,28312.777,27682.508,2017,August,Friday,12
5509,2017-08-18 13:00:00,26.142,67.613,0.066,817.667,69.723,40463.84,28148.68,27612.288,2017,August,Friday,13
5510,2017-08-18 14:00:00,26.678,66.0,0.065,783.833,62.547,40345.572,28099.894,26703.448,2017,August,Friday,14
5511,2017-08-18 15:00:00,27.008,63.597,0.063,696.583,57.558,39666.859,27330.095,26134.671,2017,August,Friday,15
5512,2017-08-18 16:00:00,27.788,55.19,0.064,567.617,50.762,38668.502,26789.652,26191.85,2017,August,Friday,16
5513,2017-08-18 17:00:00,27.815,53.94,0.064,381.317,122.637,37796.937,25798.099,26705.455,2017,August,Friday,17
5514,2017-08-18 18:00:00,27.293,56.703,0.061,214.433,231.45,38680.222,26081.943,29844.263,2017,August,Friday,18
5515,2017-08-18 19:00:00,26.528,59.99,0.066,60.29,65.483,47660.111,32238.437,38999.875,2017,August,Friday,19
5516,2017-08-18 20:00:00,25.585,66.037,0.067,1.162,0.982,49904.018,32992.397,39734.169,2017,August,Friday,20
5517,2017-08-18 21:00:00,24.655,75.375,0.066,0.095,0.092,48463.485,32261.246,37356.74,2017,August,Friday,21
5518,2017-08-18 22:00:00,24.112,78.4,0.065,0.082,0.099,45570.699,30677.297,34511.85,2017,August,Friday,22
5519,2017-08-18 23:00:00,23.985,74.583,0.063,0.076,0.127,40762.175,28145.512,31710.094,2017,August,Friday,23
5520,2017-08-19 00:00:00,23.988,73.333,0.063,0.082,0.113,36444.839,24886.378,28980.564,2017,August,Saturday,0
5521,2017-08-19 01:00:00,23.563,79.633,0.064,0.093,0.121,32762.531,21957.339,25382.32,2017,August,Saturday,1
5522,2017-08-19 02:00:00,23.527,74.883,0.064,0.075,0.114,30601.731,19988.807,22364.89,2017,August,Saturday,2
5523,2017-08-19 03:00:00,23.62,72.033,0.063,0.092,0.108,30169.145,18981.415,20956.489,2017,August,Saturday,3
5524,2017-08-19 04:00:00,23.405,76.767,0.065,0.072,0.123,30343.885,18650.686,20301.442,2017,August,Saturday,4
5525,2017-08-19 05:00:00,23.12,80.417,0.064,0.089,0.128,26173.585,15926.927,17057.304,2017,August,Saturday,5
5526,2017-08-19 06:00:00,23.015,82.2,0.817,1.952,1.527,25342.508,15012.672,15417.179,2017,August,Saturday,6
5527,2017-08-19 07:00:00,23.378,82.1,4.918,35.028,25.913,27521.421,17394.931,17020.188,2017,August,Saturday,7
5528,2017-08-19 08:00:00,23.947,80.017,4.92,83.812,63.768,31301.754,20170.644,20506.082,2017,August,Saturday,8
5529,2017-08-19 09:00:00,24.758,79.05,4.922,247.65,134.2,35229.123,22971.067,23507.461,2017,August,Saturday,9
5530,2017-08-19 10:00:00,25.91,77.317,4.921,557.733,122.267,38385.083,25088.49,25117.492,2017,August,Saturday,10
5531,2017-08-19 11:00:00,27.048,70.747,4.924,736.05,88.033,40359.423,26206.758,26076.489,2017,August,Saturday,11
5532,2017-08-19 12:00:00,27.635,66.88,4.924,803.0,77.983,41097.802,26584.372,27039.498,2017,August,Saturday,12
5533,2017-08-19 13:00:00,27.678,67.402,4.922,823.333,80.6,40804.795,26847.307,27251.16,2017,August,Saturday,13
5534,2017-08-19 14:00:00,27.703,68.388,4.921,802.5,123.083,40357.292,26501.373,26885.016,2017,August,Saturday,14
5535,2017-08-19 15:00:00,27.707,72.367,4.922,720.65,146.5,39577.358,25409.715,26691.411,2017,August,Saturday,15
5536,2017-08-19 16:00:00,27.282,73.85,4.92,492.467,130.733,38671.698,25068.215,27009.404,2017,August,Saturday,16
5537,2017-08-19 17:00:00,26.862,76.817,4.92,360.083,139.4,37872.586,24797.677,27807.9,2017,August,Saturday,17
5538,2017-08-19 18:00:00,26.158,81.0,4.921,164.117,141.033,38649.323,25622.598,30260.564,2017,August,Saturday,18
5539,2017-08-19 19:00:00,25.557,84.567,4.921,54.243,44.173,47709.123,32284.055,38990.846,2017,August,Saturday,19
5540,2017-08-19 20:00:00,25.343,85.867,4.924,1.184,1.048,48671.254,33535.375,39795.361,2017,August,Saturday,20
5541,2017-08-19 21:00:00,25.18,87.433,4.921,0.082,0.129,48021.31,32670.539,37485.141,2017,August,Saturday,21
5542,2017-08-19 22:00:00,24.907,88.667,4.921,0.081,0.114,44864.284,31065.681,34922.132,2017,August,Saturday,22
5543,2017-08-19 23:00:00,24.818,88.85,4.92,0.078,0.133,40162.309,28511.088,31846.52,2017,August,Saturday,23
5544,2017-08-20 00:00:00,24.885,88.55,4.919,0.078,0.133,35587.125,25466.737,28862.194,2017,August,Sunday,0
5545,2017-08-20 01:00:00,24.773,89.317,4.919,0.081,0.138,31997.514,23032.524,25920.0,2017,August,Sunday,1
5546,2017-08-20 02:00:00,24.593,90.417,4.919,0.092,0.138,30066.859,21098.205,23442.257,2017,August,Sunday,2
5547,2017-08-20 03:00:00,24.357,91.6,4.922,0.088,0.13,28993.918,19829.778,21880.376,2017,August,Sunday,3
5548,2017-08-20 04:00:00,24.24,92.667,4.925,0.096,0.109,28838.357,19294.403,21210.282,2017,August,Sunday,4
5549,2017-08-20 05:00:00,24.143,93.1,4.923,0.081,0.117,24757.558,16189.863,18039.373,2017,August,Sunday,5
5550,2017-08-20 06:00:00,24.145,93.383,4.922,0.679,0.536,23273.341,14689.546,15417.179,2017,August,Sunday,6
5551,2017-08-20 07:00:00,24.21,93.517,4.921,25.953,18.96,24879.023,15617.107,16926.897,2017,August,Sunday,7
5552,2017-08-20 08:00:00,24.422,93.45,4.922,76.238,56.703,27049.412,17515.945,19906.207,2017,August,Sunday,8
5553,2017-08-20 09:00:00,24.635,92.85,4.922,195.833,134.633,30601.731,19805.069,22968.777,2017,August,Sunday,9
5554,2017-08-20 10:00:00,25.353,88.933,4.924,223.783,166.967,33792.852,21767.899,24551.724,2017,August,Sunday,10
5555,2017-08-20 11:00:00,26.552,79.6,4.924,219.183,168.783,36296.737,23050.264,25335.172,2017,August,Sunday,11
5556,2017-08-20 12:00:00,27.173,75.883,4.924,373.433,271.383,37295.094,23826.399,26317.241,2017,August,Sunday,12
5557,2017-08-20 13:00:00,27.35,74.2,4.924,351.617,237.067,37650.966,24162.83,26805.768,2017,August,Sunday,13
5558,2017-08-20 14:00:00,27.397,75.433,4.924,458.067,219.333,37286.57,23792.186,26505.831,2017,August,Sunday,14
5559,2017-08-20 15:00:00,27.188,75.833,4.924,326.65,213.017,36497.048,23158.606,25974.169,2017,August,Sunday,15
5560,2017-08-20 16:00:00,26.995,76.133,4.923,288.033,213.033,35269.612,22675.818,26168.777,2017,August,Sunday,16
5561,2017-08-20 17:00:00,26.588,77.85,4.924,164.55,127.383,34980.866,22424.921,26844.89,2017,August,Sunday,17
5562,2017-08-20 18:00:00,26.142,80.533,4.924,64.56,50.892,36157.159,23306.23,29528.276,2017,August,Sunday,18
5563,2017-08-20 19:00:00,25.833,82.767,4.923,17.285,13.8,45547.259,29953.749,36990.596,2017,August,Sunday,19
5564,2017-08-20 20:00:00,25.677,83.9,4.922,0.719,0.578,47714.451,31253.221,36785.956,2017,August,Sunday,20
5565,2017-08-20 21:00:00,25.572,84.517,4.922,0.067,0.141,47014.428,30805.28,34858.934,2017,August,Sunday,21
5566,2017-08-20 22:00:00,25.49,85.083,4.922,0.067,0.14,43839.29,29187.751,33409.404,2017,August,Sunday,22
5567,2017-08-20 23:00:00,25.347,85.467,4.922,0.075,0.117,39466.548,26376.558,30645.768,2017,August,Sunday,23
5568,2017-08-21 00:00:00,24.835,82.733,4.922,0.076,0.124,35012.83,23463.358,27632.351,2017,August,Monday,0
5569,2017-08-21 01:00:00,24.383,81.367,4.92,0.071,0.118,31429.612,21121.647,23371.034,2017,August,Monday,1
5570,2017-08-21 02:00:00,24.137,81.783,4.919,0.071,0.119,29252.83,19735.375,20938.433,2017,August,Monday,2
5571,2017-08-21 03:00:00,24.027,82.2,4.92,0.084,0.12,28872.453,18741.288,20494.044,2017,August,Monday,3
5572,2017-08-21 04:00:00,23.948,82.05,4.919,0.063,0.135,28699.845,18565.153,19918.245,2017,August,Monday,4
5573,2017-08-21 05:00:00,23.773,82.8,4.919,0.072,0.147,25690.921,16179.092,16279.875,2017,August,Monday,5
5574,2017-08-21 06:00:00,23.765,83.033,4.918,1.663,1.312,23697.403,15276.874,14998.871,2017,August,Monday,6
5575,2017-08-21 07:00:00,23.568,82.95,4.917,76.003,40.258,25762.309,16899.472,17066.332,2017,August,Monday,7
5576,2017-08-21 08:00:00,23.962,80.633,4.921,293.3,118.828,29151.609,19323.548,19215.047,2017,August,Monday,8
5577,2017-08-21 09:00:00,23.992,76.9,4.922,542.05,225.067,33306.992,21953.537,21466.082,2017,August,Monday,9
5578,2017-08-21 10:00:00,24.337,71.397,4.927,337.517,204.367,36660.067,23998.733,23116.238,2017,August,Monday,10
5579,2017-08-21 11:00:00,25.033,67.13,4.923,472.55,225.517,38958.313,25423.654,24399.248,2017,August,Monday,11
5580,2017-08-21 12:00:00,26.365,61.915,4.924,830.333,150.667,39662.597,25831.679,25367.273,2017,August,Monday,12
5581,2017-08-21 13:00:00,27.513,55.822,4.922,750.45,174.067,39479.334,25953.96,25856.803,2017,August,Monday,13
5582,2017-08-21 14:00:00,28.862,49.078,4.922,763.933,104.383,38991.343,26339.176,25583.95,2017,August,Monday,14
5583,2017-08-21 15:00:00,29.547,44.803,4.92,719.183,69.142,38231.654,25663.147,24969.028,2017,August,Monday,15
5584,2017-08-21 16:00:00,29.615,44.448,4.92,569.983,56.148,37691.454,24741.922,25284.013,2017,August,Monday,16
5585,2017-08-21 17:00:00,28.548,47.782,4.922,386.9,78.115,37642.442,24280.042,25116.489,2017,August,Monday,17
5586,2017-08-21 18:00:00,27.453,50.142,4.921,217.533,235.8,39044.617,25191.763,27507.962,2017,August,Monday,18
5587,2017-08-21 19:00:00,25.65,54.945,4.924,58.118,64.984,47794.362,31486.378,35014.42,2017,August,Monday,19
5588,2017-08-21 20:00:00,24.023,59.787,4.923,0.729,0.6,48926.97,31837.381,34545.956,2017,August,Monday,20
5589,2017-08-21 21:00:00,23.337,62.022,4.924,0.098,0.08,47423.574,30935.164,32723.26,2017,August,Monday,21
5590,2017-08-21 22:00:00,23.41,60.627,4.924,0.093,0.082,44000.178,29259.979,30940.69,2017,August,Monday,22
5591,2017-08-21 23:00:00,23.445,59.098,4.925,0.096,0.076,39348.28,26688.279,28576.301,2017,August,Monday,23
5592,2017-08-22 00:00:00,23.03,59.898,4.921,0.102,0.08,34629.256,23500.106,25974.169,2017,August,Tuesday,0
5593,2017-08-22 01:00:00,23.187,58.182,4.92,0.091,0.096,31134.473,20608.448,22544.451,2017,August,Tuesday,1
5594,2017-08-22 02:00:00,23.373,55.718,4.921,0.086,0.106,29362.575,19080.253,19978.433,2017,August,Tuesday,2
5595,2017-08-22 03:00:00,23.437,56.277,4.918,0.098,0.094,28602.886,18193.875,18635.235,2017,August,Tuesday,3
5596,2017-08-22 04:00:00,23.25,57.737,4.922,0.102,0.103,28866.06,18062.724,18386.458,2017,August,Tuesday,4
5597,2017-08-22 05:00:00,23.402,57.298,4.921,0.101,0.086,25304.151,16020.063,15953.856,2017,August,Tuesday,5
5598,2017-08-22 06:00:00,23.113,59.655,4.92,4.272,3.23,24766.082,15373.812,14497.304,2017,August,Tuesday,6
5599,2017-08-22 07:00:00,23.047,61.413,4.924,115.668,44.857,27473.474,17892.925,15814.42,2017,August,Tuesday,7
5600,2017-08-22 08:00:00,23.59,57.263,4.923,290.55,45.505,30963.996,20896.727,18949.216,2017,August,Tuesday,8
5601,2017-08-22 09:00:00,24.473,51.578,4.925,474.533,53.478,34401.243,23631.89,21621.567,2017,August,Tuesday,9
5602,2017-08-22 10:00:00,26.082,44.987,4.924,675.7,125.323,37588.102,25423.654,23138.307,2017,August,Tuesday,10
5603,2017-08-22 11:00:00,27.0,46.113,4.924,739.467,222.367,40187.88,26937.909,24297.931,2017,August,Tuesday,11
5604,2017-08-22 12:00:00,25.553,57.003,4.924,534.4,195.633,41307.703,27406.125,25123.511,2017,August,Tuesday,12
5605,2017-08-22 13:00:00,25.125,54.683,4.922,483.267,165.25,41258.69,27689.335,24964.013,2017,August,Tuesday,13
5606,2017-08-22 14:00:00,25.487,50.228,4.925,680.8,89.21,40314.673,27529.039,24829.592,2017,August,Tuesday,14
5607,2017-08-22 15:00:00,26.082,43.105,4.927,709.317,47.16,39379.179,26755.438,24411.285,2017,August,Tuesday,15
5608,2017-08-22 16:00:00,26.19,40.532,4.926,572.283,33.437,38171.987,25836.748,24376.176,2017,August,Tuesday,16
5609,2017-08-22 17:00:00,25.905,37.263,4.925,384.0,82.463,36918.979,25213.939,24834.608,2017,August,Tuesday,17
5610,2017-08-22 18:00:00,25.098,36.943,4.935,212.65,238.517,37900.289,25673.284,27115.737,2017,August,Tuesday,18
5611,2017-08-22 19:00:00,23.867,42.345,4.931,55.507,64.117,47401.199,32057.867,35467.837,2017,August,Tuesday,19
5612,2017-08-22 20:00:00,22.72,49.228,4.927,0.707,0.601,49264.728,32361.985,34625.204,2017,August,Tuesday,20
5613,2017-08-22 21:00:00,22.127,52.15,4.92,0.084,0.102,47912.63,31248.152,33027.21,2017,August,Tuesday,21
5614,2017-08-22 22:00:00,21.752,55.387,4.923,0.082,0.089,44560.622,29830.834,31199.498,2017,August,Tuesday,22
5615,2017-08-22 23:00:00,21.557,53.928,4.921,0.077,0.1,39570.966,27121.014,28151.975,2017,August,Tuesday,23
5616,2017-08-23 00:00:00,21.71,54.265,4.921,0.078,0.093,34866.859,23712.988,25017.179,2017,August,Wednesday,0
5617,2017-08-23 01:00:00,21.64,56.103,4.921,0.087,0.095,31112.098,20554.593,22280.627,2017,August,Wednesday,1
5618,2017-08-23 02:00:00,21.515,57.82,4.918,0.08,0.1,29103.663,19032.735,20098.809,2017,August,Wednesday,2
5619,2017-08-23 03:00:00,21.24,59.015,4.919,0.083,0.099,28818.113,18636.748,18454.671,2017,August,Wednesday,3
5620,2017-08-23 04:00:00,20.755,60.615,4.92,0.08,0.104,29211.276,18680.465,18059.436,2017,August,Wednesday,4
5621,2017-08-23 05:00:00,20.967,59.225,4.918,0.092,0.086,25805.993,16410.982,15527.524,2017,August,Wednesday,5
5622,2017-08-23 06:00:00,20.382,61.743,4.919,2.709,1.994,24901.398,15742.555,14498.307,2017,August,Wednesday,6
5623,2017-08-23 07:00:00,20.165,62.03,4.922,97.198,23.738,27359.467,17827.666,15928.777,2017,August,Wednesday,7
5624,2017-08-23 08:00:00,21.655,57.082,4.92,287.8,33.248,31154.717,20543.823,18636.238,2017,August,Wednesday,8
5625,2017-08-23 09:00:00,22.68,55.747,4.922,476.283,39.025,34863.663,23882.154,21718.871,2017,August,Wednesday,9
5626,2017-08-23 10:00:00,23.905,51.752,4.921,638.333,44.4,38340.333,25857.656,23470.345,2017,August,Wednesday,10
5627,2017-08-23 11:00:00,24.88,50.39,4.923,762.667,60.238,39897.003,26763.041,24608.903,2017,August,Wednesday,11
5628,2017-08-23 12:00:00,25.738,49.368,4.908,816.55,88.595,40764.306,27094.403,25385.329,2017,August,Wednesday,12
5629,2017-08-23 13:00:00,26.81,44.865,4.905,820.833,66.843,40567.192,27255.966,25541.818,2017,August,Wednesday,13
5630,2017-08-23 14:00:00,27.468,42.832,4.905,780.667,58.0,39751.032,26878.353,24997.116,2017,August,Wednesday,14
5631,2017-08-23 15:00:00,28.048,41.523,4.904,698.7,56.892,38996.67,25945.723,24518.621,2017,August,Wednesday,15
5632,2017-08-23 16:00:00,27.845,43.312,4.905,545.767,53.962,38192.231,25065.048,24535.674,2017,August,Wednesday,16
5633,2017-08-23 17:00:00,27.423,46.52,4.907,371.267,91.903,37366.482,24494.826,24494.545,2017,August,Wednesday,17
5634,2017-08-23 18:00:00,26.533,50.728,4.905,202.95,221.883,38616.293,25457.867,26988.339,2017,August,Wednesday,18
5635,2017-08-23 19:00:00,25.213,56.343,4.902,50.095,55.463,48466.681,31722.07,35033.48,2017,August,Wednesday,19
5636,2017-08-23 20:00:00,24.132,61.425,4.903,0.655,0.559,49547.081,32363.252,35290.282,2017,August,Wednesday,20
5637,2017-08-23 21:00:00,23.408,65.382,4.903,0.075,0.106,47720.844,31193.031,32756.364,2017,August,Wednesday,21
5638,2017-08-23 22:00:00,22.603,69.537,4.908,0.085,0.117,44543.574,29633.157,30928.652,2017,August,Wednesday,22
5639,2017-08-23 23:00:00,22.033,71.883,4.91,0.071,0.114,39923.64,26757.973,28467.962,2017,August,Wednesday,23
5640,2017-08-24 00:00:00,21.398,74.483,4.911,0.085,0.112,34854.073,23374.657,24622.947,2017,August,Thursday,0
5641,2017-08-24 01:00:00,21.108,75.733,4.912,0.085,0.119,31063.085,20681.309,21577.429,2017,August,Thursday,1
5642,2017-08-24 02:00:00,20.587,78.183,4.91,0.074,0.133,29286.926,19141.077,20236.238,2017,August,Thursday,2
5643,2017-08-24 03:00:00,20.692,77.333,4.912,0.089,0.105,28659.356,18596.199,19341.442,2017,August,Thursday,3
5644,2017-08-24 04:00:00,19.977,76.983,4.911,0.089,0.13,28943.84,18390.285,19028.464,2017,August,Thursday,4
5645,2017-08-24 05:00:00,19.667,76.35,4.911,0.082,0.112,25811.321,16330.517,16325.016,2017,August,Thursday,5
5646,2017-08-24 06:00:00,19.412,77.683,4.91,2.262,1.799,24844.928,15450.475,13792.1,2017,August,Thursday,6
5647,2017-08-24 07:00:00,18.97,78.7,4.912,97.422,22.192,27969.989,17392.397,15656.928,2017,August,Thursday,7
5648,2017-08-24 08:00:00,19.805,75.833,4.913,288.983,32.805,31642.708,20565.998,18196.865,2017,August,Thursday,8
5649,2017-08-24 09:00:00,22.175,66.273,4.912,482.267,35.328,35082.087,23105.385,20324.514,2017,August,Thursday,9
5650,2017-08-24 10:00:00,24.85,51.45,4.909,644.483,38.177,37956.759,24907.286,22083.009,2017,August,Thursday,10
5651,2017-08-24 11:00:00,27.572,36.888,4.906,764.167,39.755,39633.829,26044.562,22881.505,2017,August,Thursday,11
5652,2017-08-24 12:00:00,28.728,37.712,4.906,824.333,44.388,40837.825,26680.676,23610.784,2017,August,Thursday,12
5653,2017-08-24 13:00:00,28.067,41.52,4.906,834.167,45.188,40878.313,26635.692,23735.172,2017,August,Thursday,13
5654,2017-08-24 14:00:00,26.993,50.172,4.905,790.0,43.63,40240.089,26107.92,23546.583,2017,August,Thursday,14
5655,2017-08-24 15:00:00,26.847,54.012,4.906,697.0,42.935,39165.017,25472.439,22992.853,2017,August,Thursday,15
5656,2017-08-24 16:00:00,26.768,52.905,4.906,560.6,41.147,37940.777,24859.768,22946.708,2017,August,Thursday,16
5657,2017-08-24 17:00:00,26.598,52.25,4.904,371.183,81.693,37608.346,24394.72,23273.73,2017,August,Thursday,17
5658,2017-08-24 18:00:00,26.43,51.743,4.904,201.9,223.083,38893.319,25131.573,25678.245,2017,August,Thursday,18
5659,2017-08-24 19:00:00,25.692,54.403,4.905,48.865,54.23,48451.765,30918.057,33230.846,2017,August,Thursday,19
5660,2017-08-24 20:00:00,25.343,53.567,4.906,0.599,0.508,49278.579,31310.876,33226.834,2017,August,Thursday,20
5661,2017-08-24 21:00:00,24.717,55.523,4.905,0.086,0.093,47726.171,30134.952,31909.718,2017,August,Thursday,21
5662,2017-08-24 22:00:00,22.88,61.995,4.906,0.088,0.078,44540.377,28364.731,29906.458,2017,August,Thursday,22
5663,2017-08-24 23:00:00,22.613,63.687,4.904,0.088,0.097,39147.969,25389.44,27283.26,2017,August,Thursday,23
5664,2017-08-25 00:00:00,23.318,72.148,4.91,0.077,0.116,34525.905,22699.894,24509.592,2017,August,Friday,0
5665,2017-08-25 01:00:00,21.99,80.983,4.911,0.08,0.127,30111.609,20081.943,21608.527,2017,August,Friday,1
5666,2017-08-25 02:00:00,20.972,81.45,4.91,0.078,0.133,26651.987,18774.868,19562.132,2017,August,Friday,2
5667,2017-08-25 03:00:00,20.323,79.55,4.91,0.08,0.11,27673.785,18013.939,18325.266,2017,August,Friday,3
5668,2017-08-25 04:00:00,19.625,79.833,4.91,0.083,0.115,28667.88,18049.419,17776.552,2017,August,Friday,4
5669,2017-08-25 05:00:00,19.4,80.933,4.911,0.073,0.135,25802.797,15741.922,15301.818,2017,August,Friday,5
5670,2017-08-25 06:00:00,19.327,80.65,4.912,1.689,1.347,24827.88,14770.011,13698.809,2017,August,Friday,6
5671,2017-08-25 07:00:00,19.56,75.35,4.913,75.538,27.648,27409.545,16637.804,14665.831,2017,August,Friday,7
5672,2017-08-25 08:00:00,22.567,73.233,4.912,261.683,47.2,31107.836,19538.965,17005.141,2017,August,Friday,8
5673,2017-08-25 09:00:00,24.872,67.332,4.913,458.75,53.323,34636.715,22481.309,19215.047,2017,August,Friday,9
5674,2017-08-25 10:00:00,25.732,61.27,4.912,619.367,60.257,38020.688,24398.522,21905.455,2017,August,Friday,10
5675,2017-08-25 11:00:00,26.298,59.915,4.913,733.733,70.732,40008.879,25568.11,23284.765,2017,August,Friday,11
5676,2017-08-25 12:00:00,26.312,62.248,4.909,802.167,76.05,39337.625,25628.933,23832.476,2017,August,Friday,12
5677,2017-08-25 13:00:00,26.54,62.837,4.905,812.5,78.033,39094.695,25564.308,23554.608,2017,August,Friday,13
5678,2017-08-25 14:00:00,26.612,64.905,4.905,775.833,76.2,39013.718,25938.12,23184.451,2017,August,Friday,14
5679,2017-08-25 15:00:00,26.442,66.678,4.926,698.117,88.45,38389.345,24978.247,22604.639,2017,August,Friday,15
5680,2017-08-25 16:00:00,26.103,70.585,4.941,570.3,131.567,37761.776,24122.281,22727.022,2017,August,Friday,16
5681,2017-08-25 17:00:00,25.685,73.533,4.925,307.35,155.267,37088.391,23552.059,23009.906,2017,August,Friday,17
5682,2017-08-25 18:00:00,25.205,76.817,4.929,189.967,181.3,39107.481,24713.411,25734.42,2017,August,Friday,18
5683,2017-08-25 19:00:00,24.623,80.533,4.924,40.497,39.874,47741.088,30183.738,32787.461,2017,August,Friday,19
5684,2017-08-25 20:00:00,24.232,83.267,4.926,0.368,0.302,48427.259,30349.102,32521.63,2017,August,Friday,20
5685,2017-08-25 21:00:00,24.002,84.717,4.924,0.087,0.117,47362.841,29337.909,31059.06,2017,August,Friday,21
5686,2017-08-25 22:00:00,23.942,84.417,4.922,0.082,0.101,44223.929,27811.616,29483.135,2017,August,Friday,22
5687,2017-08-25 23:00:00,23.8,84.45,4.922,0.064,0.123,39507.037,25382.471,26895.047,2017,August,Friday,23
5688,2017-08-26 00:00:00,23.745,84.717,4.922,0.085,0.107,34796.537,22474.974,24061.191,2017,August,Saturday,0
5689,2017-08-26 01:00:00,23.438,86.117,4.92,0.081,0.118,31556.404,19850.686,21246.395,2017,August,Saturday,1
5690,2017-08-26 02:00:00,23.257,86.483,4.917,0.095,0.101,29614.029,18815.417,18830.846,2017,August,Saturday,2
5691,2017-08-26 03:00:00,22.448,87.033,4.92,0.085,0.116,28758.446,18136.853,17979.185,2017,August,Saturday,3
5692,2017-08-26 04:00:00,21.97,87.483,4.921,0.088,0.133,29146.282,17885.322,17352.226,2017,August,Saturday,4
5693,2017-08-26 05:00:00,21.967,87.233,4.919,0.077,0.116,25834.761,15638.648,14809.279,2017,August,Saturday,5
5694,2017-08-26 06:00:00,21.788,86.7,4.917,1.58,1.224,24612.653,14417.107,13273.48,2017,August,Saturday,6
5695,2017-08-26 07:00:00,22.015,85.617,4.916,77.297,31.232,26475.117,16064.414,14606.646,2017,August,Saturday,7
5696,2017-08-26 08:00:00,23.905,83.5,4.917,217.433,79.123,30295.938,18859.134,16702.194,2017,August,Saturday,8
5697,2017-08-26 09:00:00,24.838,78.1,4.92,415.9,82.617,33658.602,21563.886,19057.555,2017,August,Saturday,9
5698,2017-08-26 10:00:00,26.458,67.785,4.922,615.4,67.923,37017.003,23296.727,20605.392,2017,August,Saturday,10
5699,2017-08-26 11:00:00,27.145,64.097,4.922,734.5,65.062,38826.193,24702.006,21748.966,2017,August,Saturday,11
5700,2017-08-26 12:00:00,27.102,65.02,4.922,800.333,64.667,39542.198,24945.301,22568.527,2017,August,Saturday,12
5701,2017-08-26 13:00:00,26.915,67.787,4.928,813.167,67.078,39728.657,25156.283,22934.671,2017,August,Saturday,13
5702,2017-08-26 14:00:00,26.91,66.948,4.945,771.833,73.027,39152.231,24784.372,22756.113,2017,August,Saturday,14
5703,2017-08-26 15:00:00,26.835,69.27,4.947,677.283,65.98,38019.623,24064.625,22736.05,2017,August,Saturday,15
5704,2017-08-26 16:00:00,26.502,71.167,4.934,539.733,70.658,37052.164,23685.744,22765.141,2017,August,Saturday,16
5705,2017-08-26 17:00:00,26.28,72.517,4.924,358.867,78.588,36738.912,23484.266,22829.342,2017,August,Saturday,17
5706,2017-08-26 18:00:00,25.71,75.883,4.927,183.217,188.517,38805.949,25097.36,25966.144,2017,August,Saturday,18
5707,2017-08-26 19:00:00,25.22,78.333,4.927,31.54,31.554,48057.536,30554.382,32690.157,2017,August,Saturday,19
5708,2017-08-26 20:00:00,24.593,80.767,4.923,0.317,0.288,48834.273,30310.454,31971.912,2017,August,Saturday,20
5709,2017-08-26 21:00:00,24.347,82.933,4.922,0.085,0.1,47671.831,29258.712,30568.527,2017,August,Saturday,21
5710,2017-08-26 22:00:00,23.953,85.933,4.922,0.091,0.122,44840.844,27852.798,29347.712,2017,August,Saturday,22
5711,2017-08-26 23:00:00,23.402,86.633,4.922,0.077,0.119,39928.968,25622.598,26455.674,2017,August,Saturday,23
5712,2017-08-27 00:00:00,23.338,87.5,4.92,0.078,0.13,34912.675,22682.154,23959.875,2017,August,Sunday,0
5713,2017-08-27 01:00:00,23.12,88.25,4.92,0.094,0.119,31719.423,20194.087,21538.307,2017,August,Sunday,1
5714,2017-08-27 02:00:00,22.823,89.15,4.918,0.076,0.136,29348.724,18661.457,19662.445,2017,August,Sunday,2
5715,2017-08-27 03:00:00,22.602,89.85,4.92,0.097,0.126,29080.222,17998.733,18616.176,2017,August,Sunday,3
5716,2017-08-27 04:00:00,22.633,90.467,4.918,0.084,0.136,29274.14,17493.136,18049.404,2017,August,Sunday,4
5717,2017-08-27 05:00:00,22.497,89.317,4.918,0.093,0.118,25737.802,15066.526,15211.536,2017,August,Sunday,5
5718,2017-08-27 06:00:00,23.183,88.4,4.918,0.746,0.576,23991.476,13552.904,12792.978,2017,August,Sunday,6
5719,2017-08-27 07:00:00,23.358,89.017,4.917,18.492,13.976,25023.929,14902.429,13655.674,2017,August,Sunday,7
5720,2017-08-27 08:00:00,23.288,88.567,4.918,73.613,55.662,28029.656,16732.841,15919.749,2017,August,Sunday,8
5721,2017-08-27 09:00:00,24.603,81.383,4.921,338.833,153.917,31796.138,19215.839,18306.207,2017,August,Sunday,9
5722,2017-08-27 10:00:00,25.978,72.6,4.921,590.25,127.333,34470.499,20987.328,19812.915,2017,August,Sunday,10
5723,2017-08-27 11:00:00,26.807,66.533,4.923,703.9,133.317,36244.528,21973.178,21081.881,2017,August,Sunday,11
5724,2017-08-27 12:00:00,27.033,64.988,4.923,757.833,150.133,37068.147,22936.22,21557.367,2017,August,Sunday,12
5725,2017-08-27 13:00:00,27.198,65.485,4.922,776.167,156.017,37854.473,23474.762,21816.176,2017,August,Sunday,13
5726,2017-08-27 14:00:00,27.4,63.99,4.923,722.983,163.017,37161.909,23278.986,21351.724,2017,August,Sunday,14
5727,2017-08-27 15:00:00,27.212,66.875,4.93,654.4,183.017,36550.322,22774.657,20945.455,2017,August,Sunday,15
5728,2017-08-27 16:00:00,27.087,69.843,4.931,502.983,156.683,35761.865,22239.282,20881.254,2017,August,Sunday,16
5729,2017-08-27 17:00:00,26.577,74.95,4.924,334.017,142.967,35248.302,21994.72,21238.37,2017,August,Sunday,17
5730,2017-08-27 18:00:00,25.808,80.267,4.925,170.15,150.2,37543.352,23549.525,24355.11,2017,August,Sunday,18
5731,2017-08-27 19:00:00,25.723,78.467,4.922,38.442,33.143,46948.368,29898.627,30335.799,2017,August,Sunday,19
5732,2017-08-27 20:00:00,25.62,79.85,4.922,0.286,0.261,48300.466,30080.465,29841.254,2017,August,Sunday,20
5733,2017-08-27 21:00:00,25.645,78.167,4.923,0.08,0.114,47568.479,29230.201,28672.602,2017,August,Sunday,21
5734,2017-08-27 22:00:00,25.662,79.233,4.924,0.07,0.114,44639.467,27592.397,28044.64,2017,August,Sunday,22
5735,2017-08-27 23:00:00,25.155,83.933,4.92,0.071,0.132,39419.667,24644.984,25212.79,2017,August,Sunday,23
5736,2017-08-28 00:00:00,25.013,84.85,4.919,0.08,0.124,34671.876,21757.761,21615.549,2017,August,Monday,0
5737,2017-08-28 01:00:00,24.782,87.55,4.919,0.085,0.145,31141.931,19229.778,19158.871,2017,August,Monday,1
5738,2017-08-28 02:00:00,24.537,89.067,4.919,0.09,0.115,29278.402,17847.307,18220.94,2017,August,Monday,2
5739,2017-08-28 03:00:00,24.4,89.3,4.917,0.085,0.142,28508.058,17181.415,16999.122,2017,August,Monday,3
5740,2017-08-28 04:00:00,24.39,89.633,4.918,0.097,0.13,28062.686,17240.971,16559.749,2017,August,Monday,4
5741,2017-08-28 05:00:00,24.45,90.317,4.917,0.084,0.145,25640.844,15268.638,13894.42,2017,August,Monday,5
5742,2017-08-28 06:00:00,24.355,90.967,4.917,1.024,0.808,24506.104,14493.136,12278.37,2017,August,Monday,6
5743,2017-08-28 07:00:00,24.25,91.783,4.918,10.705,8.163,26731.898,16539.599,13243.386,2017,August,Monday,7
5744,2017-08-28 08:00:00,24.253,92.6,4.921,47.552,35.673,30582.553,19153.749,15717.116,2017,August,Monday,8
5745,2017-08-28 09:00:00,24.462,93.15,4.923,77.473,58.84,34555.738,21227.455,16760.376,2017,August,Monday,9
5746,2017-08-28 10:00:00,24.553,93.033,4.92,116.0,86.7,37368.613,22714.467,17572.915,2017,August,Monday,10
5747,2017-08-28 11:00:00,24.44,92.35,4.921,120.8,90.733,39606.127,23857.445,18833.856,2017,August,Monday,11
5748,2017-08-28 12:00:00,24.352,92.15,4.92,320.243,203.187,40039.778,24783.738,19442.759,2017,August,Monday,12
5749,2017-08-28 13:00:00,25.518,86.35,4.926,446.283,299.033,40159.112,24910.454,19371.536,2017,August,Monday,13
5750,2017-08-28 14:00:00,25.902,82.417,4.922,336.983,258.55,39726.526,24633.58,19399.624,2017,August,Monday,14
5751,2017-08-28 15:00:00,25.59,84.65,4.924,354.5,262.233,38606.704,24001.267,19611.285,2017,August,Monday,15
5752,2017-08-28 16:00:00,25.205,86.117,4.923,196.733,150.2,37725.549,23251.742,19184.953,2017,August,Monday,16
5753,2017-08-28 17:00:00,24.787,88.683,4.922,131.683,98.638,37167.236,22506.653,18999.373,2017,August,Monday,17
5754,2017-08-28 18:00:00,24.855,87.75,4.923,48.632,37.603,38387.214,23613.516,20693.668,2017,August,Monday,18
5755,2017-08-28 19:00:00,25.04,85.8,4.919,17.795,13.253,47876.404,29280.253,27071.599,2017,August,Monday,19
5756,2017-08-28 20:00:00,25.603,81.467,4.919,0.115,0.159,48338.824,29101.584,26721.505,2017,August,Monday,20
5757,2017-08-28 21:00:00,25.643,81.483,4.919,0.076,0.128,46914.273,28179.092,25637.116,2017,August,Monday,21
5758,2017-08-28 22:00:00,24.815,85.817,4.919,0.074,0.147,43712.497,26696.515,24822.571,2017,August,Monday,22
5759,2017-08-28 23:00:00,24.583,87.3,4.917,0.063,0.14,38566.215,24144.456,22963.762,2017,August,Monday,23
5760,2017-08-29 00:00:00,24.365,88.833,4.917,0.07,0.137,33745.971,21139.388,20601.379,2017,August,Tuesday,0
5761,2017-08-29 01:00:00,24.242,90.1,4.917,0.078,0.132,30270.366,19066.948,18178.809,2017,August,Tuesday,1
5762,2017-08-29 02:00:00,24.087,92.233,4.92,0.086,0.104,28209.723,17900.528,16443.386,2017,August,Tuesday,2
5763,2017-08-29 03:00:00,24.285,93.15,4.922,0.086,0.094,27906.06,17152.27,15540.564,2017,August,Tuesday,3
5764,2017-08-29 04:00:00,24.322,93.35,4.93,0.076,0.104,28284.306,17053.432,15151.348,2017,August,Tuesday,4
5765,2017-08-29 05:00:00,24.353,93.033,4.917,0.08,0.107,25381.931,15255.966,13514.232,2017,August,Tuesday,5
5766,2017-08-29 06:00:00,24.483,91.933,4.919,0.514,0.453,24140.644,14265.048,11645.392,2017,August,Tuesday,6
5767,2017-08-29 07:00:00,24.653,91.25,4.922,37.341,27.865,26506.016,16096.093,12512.1,2017,August,Tuesday,7
5768,2017-08-29 08:00:00,24.605,91.917,4.92,93.687,71.098,30132.919,18358.606,14067.962,2017,August,Tuesday,8
5769,2017-08-29 09:00:00,24.625,92.433,4.918,134.1,103.267,33755.56,20759.24,16102.32,2017,August,Tuesday,9
5770,2017-08-29 10:00:00,24.908,91.117,4.919,178.4,137.567,36377.714,22744.245,16281.881,2017,August,Tuesday,10
5771,2017-08-29 11:00:00,25.91,84.75,4.92,301.733,231.583,37948.235,24285.111,16644.013,2017,August,Tuesday,11
5772,2017-08-29 12:00:00,25.91,84.833,4.924,329.5,249.833,37998.313,23310.665,18066.458,2017,August,Tuesday,12
5773,2017-08-29 13:00:00,25.688,86.267,4.922,238.417,181.167,38581.132,23725.66,18098.558,2017,August,Tuesday,13
5774,2017-08-29 14:00:00,25.702,87.283,4.922,344.717,232.833,38174.118,23561.563,18025.329,2017,August,Tuesday,14
5775,2017-08-29 15:00:00,26.798,80.517,4.926,465.017,265.717,36954.14,23023.02,17858.809,2017,August,Tuesday,15
5776,2017-08-29 16:00:00,26.953,77.883,4.925,393.367,235.167,36612.12,22281.098,17595.987,2017,August,Tuesday,16
5777,2017-08-29 17:00:00,26.065,82.8,4.922,177.4,134.283,36481.065,22572.545,18076.489,2017,August,Tuesday,17
5778,2017-08-29 18:00:00,25.443,86.25,4.925,72.39,55.223,37691.454,23559.029,20262.32,2017,August,Tuesday,18
5779,2017-08-29 19:00:00,25.14,87.733,4.919,19.675,15.173,46979.267,28812.672,25908.966,2017,August,Tuesday,19
5780,2017-08-29 20:00:00,24.848,89.033,4.918,0.13,0.175,47371.365,28614.361,26000.251,2017,August,Tuesday,20
5781,2017-08-29 21:00:00,24.732,89.25,4.917,0.068,0.147,46051.232,27928.828,25331.16,2017,August,Tuesday,21
5782,2017-08-29 22:00:00,24.777,89.183,4.918,0.071,0.127,42673.651,26081.943,23935.799,2017,August,Tuesday,22
5783,2017-08-29 23:00:00,24.43,90.167,4.916,0.075,0.144,37685.061,23126.927,21556.364,2017,August,Tuesday,23
5784,2017-08-30 00:00:00,24.425,91.067,4.916,0.069,0.142,33195.117,20306.864,19431.724,2017,August,Wednesday,0
5785,2017-08-30 01:00:00,24.467,91.883,4.916,0.071,0.14,29822.863,18133.052,17527.774,2017,August,Wednesday,1
5786,2017-08-30 02:00:00,24.467,92.383,4.915,0.073,0.147,20907.969,16893.136,16188.589,2017,August,Wednesday,2
5787,2017-08-30 03:00:00,24.448,92.533,4.915,0.066,0.149,22182.286,16906.441,15494.42,2017,August,Wednesday,3
5788,2017-08-30 04:00:00,24.403,92.6,4.915,0.068,0.126,22458.246,16737.909,15016.928,2017,August,Wednesday,4
5789,2017-08-30 05:00:00,24.327,92.617,4.915,0.08,0.142,20207.947,14797.888,12613.417,2017,August,Wednesday,5
5790,2017-08-30 06:00:00,24.16,92.75,4.922,0.27,0.233,21564.306,14071.806,11020.439,2017,August,Wednesday,6
5791,2017-08-30 07:00:00,24.027,93.1,4.924,9.128,6.936,23227.525,16014.995,11898.182,2017,August,Wednesday,7
5792,2017-08-30 08:00:00,24.078,93.333,4.926,37.64,28.272,27234.806,18452.376,13524.263,2017,August,Wednesday,8
5793,2017-08-30 09:00:00,24.13,93.383,4.929,111.38,83.385,31009.811,20814.361,15195.486,2017,August,Wednesday,9
5794,2017-08-30 10:00:00,24.705,93.083,4.922,377.1,204.2,34329.856,22440.127,14891.536,2017,August,Wednesday,10
5795,2017-08-30 11:00:00,26.237,87.35,4.918,599.0,247.683,35576.471,23073.073,16701.191,2017,August,Wednesday,11
5796,2017-08-30 12:00:00,28.125,73.75,4.92,654.983,258.683,36161.421,23601.478,17477.618,2017,August,Wednesday,12
5797,2017-08-30 13:00:00,28.207,70.553,4.924,493.0,278.333,37186.415,22359.029,17528.777,2017,August,Wednesday,13
5798,2017-08-30 14:00:00,28.263,69.722,4.925,548.967,277.883,37055.361,21986.484,17376.301,2017,August,Wednesday,14
5799,2017-08-30 15:00:00,28.632,67.642,4.925,454.067,234.95,35818.335,21704.541,17137.555,2017,August,Wednesday,15
5800,2017-08-30 16:00:00,29.595,57.06,4.924,446.767,175.0,34530.166,21428.933,16926.897,2017,August,Wednesday,16
5801,2017-08-30 17:00:00,29.28,52.412,4.926,298.933,135.15,34301.088,20543.823,17041.254,2017,August,Wednesday,17
5802,2017-08-30 18:00:00,28.208,53.173,4.922,143.067,118.267,36601.465,21912.988,19153.856,2017,August,Wednesday,18
5803,2017-08-30 19:00:00,26.558,57.743,4.924,26.734,22.929,46041.643,27125.449,24193.605,2017,August,Wednesday,19
5804,2017-08-30 20:00:00,25.02,63.645,4.924,0.21,0.161,46169.501,26937.909,23799.373,2017,August,Wednesday,20
5805,2017-08-30 21:00:00,23.555,68.905,4.922,0.072,0.114,44958.047,26286.589,23678.997,2017,August,Wednesday,21
5806,2017-08-30 22:00:00,22.502,73.417,4.922,0.082,0.107,42447.769,25065.048,22298.683,2017,August,Wednesday,22
5807,2017-08-30 23:00:00,21.872,77.35,4.921,0.065,0.134,37919.467,22516.156,20324.514,2017,August,Wednesday,23
5808,2017-08-31 00:00:00,21.725,78.483,4.915,0.07,0.138,32719.911,19533.897,18136.677,2017,August,Thursday,0
5809,2017-08-31 01:00:00,21.722,78.183,4.916,0.072,0.12,28945.971,17249.842,16187.586,2017,August,Thursday,1
5810,2017-08-31 02:00:00,21.917,74.517,4.916,0.077,0.134,27082.442,15860.401,14895.549,2017,August,Thursday,2
5811,2017-08-31 03:00:00,22.352,70.113,4.919,0.074,0.132,26981.221,15792.608,15042.006,2017,August,Thursday,3
5812,2017-08-31 04:00:00,22.403,68.985,4.92,0.082,0.114,26572.075,15731.785,14613.668,2017,August,Thursday,4
5813,2017-08-31 05:00:00,21.703,72.393,4.918,0.078,0.12,22765.105,13362.83,12005.517,2017,August,Thursday,5
5814,2017-08-31 06:00:00,22.293,67.5,4.921,1.313,1.035,21353.341,12107.075,10044.389,2017,August,Thursday,6
5815,2017-08-31 07:00:00,21.455,71.12,4.924,85.083,20.498,23541.842,13639.071,10815.799,2017,August,Thursday,7
5816,2017-08-31 08:00:00,22.395,67.808,4.921,268.867,33.333,26569.945,15731.785,12707.712,2017,August,Thursday,8
5817,2017-08-31 09:00:00,24.005,61.787,4.919,460.033,36.222,29106.859,17394.298,14512.351,2017,August,Thursday,9
5818,2017-08-31 10:00:00,26.017,54.812,4.922,620.233,36.158,31773.762,18954.805,15339.937,2017,August,Thursday,10
5819,2017-08-31 11:00:00,28.008,47.278,4.924,735.033,38.543,33271.831,19757.55,15951.85,2017,August,Thursday,11
5820,2017-08-31 12:00:00,29.497,41.765,4.925,800.833,39.137,34428.946,20226.399,16548.715,2017,August,Thursday,12
5821,2017-08-31 13:00:00,30.52,39.878,4.934,807.5,41.528,35050.122,20331.573,16766.395,2017,August,Thursday,13
5822,2017-08-31 14:00:00,31.125,39.14,4.927,764.0,42.395,34712.364,20226.399,16696.176,2017,August,Thursday,14
5823,2017-08-31 15:00:00,30.412,42.13,4.924,670.567,40.752,34296.826,20081.943,16713.229,2017,August,Thursday,15
5824,2017-08-31 16:00:00,29.408,44.22,4.943,533.55,39.255,33862.109,19832.946,16846.646,2017,August,Thursday,16
5825,2017-08-31 17:00:00,28.558,45.333,4.93,353.633,36.405,34048.568,19590.285,16983.072,2017,August,Thursday,17
5826,2017-08-31 18:00:00,27.565,46.745,4.926,164.25,145.748,37658.424,21947.835,17941.066,2017,August,Thursday,18
5827,2017-08-31 19:00:00,25.778,52.237,4.927,34.756,37.491,45830.677,26977.825,22433.103,2017,August,Thursday,19
5828,2017-08-31 20:00:00,24.235,61.708,4.923,0.173,0.168,46529.634,27118.479,22151.223,2017,August,Thursday,20
5829,2017-08-31 21:00:00,23.265,68.095,4.92,0.078,0.111,45550.455,26397.466,21877.367,2017,August,Thursday,21
5830,2017-08-31 22:00:00,22.723,70.547,4.92,0.078,0.12,42876.093,24583.527,20963.511,2017,August,Thursday,22
5831,2017-08-31 23:00:00,22.307,72.633,4.919,0.081,0.123,37968.479,21975.713,19493.918,2017,August,Thursday,23
5832,2017-09-01 00:00:00,22.038,74.533,4.917,0.074,0.116,32890.619,19159.459,17261.369,2017,September,Friday,0
5833,2017-09-01 01:00:00,21.767,74.65,4.917,0.08,0.117,28963.54,17046.985,15726.742,2017,September,Friday,1
5834,2017-09-01 02:00:00,21.428,75.667,4.916,0.091,0.11,26480.708,15575.676,14705.945,2017,September,Friday,2
5835,2017-09-01 03:00:00,21.228,73.25,4.916,0.087,0.11,25336.991,14808.524,13706.721,2017,September,Friday,3
5836,2017-09-01 04:00:00,20.89,73.483,4.916,0.08,0.119,25636.46,14981.289,13360.572,2017,September,Friday,4
5837,2017-09-01 05:00:00,20.518,73.717,4.916,0.071,0.143,23478.584,13541.788,11962.247,2017,September,Friday,5
5838,2017-09-01 06:00:00,20.483,74.083,4.917,1.11,0.88,23967.08,13277.339,10816.915,2017,September,Friday,6
5839,2017-09-01 07:00:00,20.385,74.0,4.917,32.365,20.075,26579.469,14377.547,12304.474,2017,September,Friday,7
5840,2017-09-01 08:00:00,21.392,68.985,4.919,255.9,41.02,25696.991,14173.597,12913.422,2017,September,Friday,8
5841,2017-09-01 09:00:00,22.973,62.62,4.92,454.467,50.82,25233.982,14055.094,13008.539,2017,September,Friday,9
5842,2017-09-01 10:00:00,25.035,55.063,4.92,610.367,58.362,25694.867,14410.603,13260.552,2017,September,Friday,10
5843,2017-09-01 11:00:00,26.153,50.485,4.923,719.467,63.11,26633.628,14964.449,13704.76,2017,September,Friday,11
5844,2017-09-01 12:00:00,27.113,46.567,4.923,788.833,67.722,27513.982,15552.599,13877.344,2017,September,Friday,12
5845,2017-09-01 13:00:00,28.06,44.28,4.93,811.167,80.367,28093.805,15855.717,14130.337,2017,September,Friday,13
5846,2017-09-01 14:00:00,28.562,41.73,4.926,709.067,87.538,27412.035,15290.644,14378.427,2017,September,Friday,14
5847,2017-09-01 15:00:00,28.383,40.942,4.945,662.55,65.955,27099.823,15077.339,14882.451,2017,September,Friday,15
5848,2017-09-01 16:00:00,27.485,43.473,4.927,521.95,60.71,27426.903,15072.349,15095.24,2017,September,Friday,16
5849,2017-09-01 17:00:00,26.88,43.692,4.932,345.867,55.625,27732.743,15203.326,15349.213,2017,September,Friday,17
5850,2017-09-01 18:00:00,25.705,46.178,4.928,149.383,120.47,30449.204,17053.846,17205.475,2017,September,Friday,18
5851,2017-09-01 19:00:00,24.173,53.117,4.924,28.445,27.73,39862.301,22594.802,21858.386,2017,September,Friday,19
5852,2017-09-01 20:00:00,22.795,58.57,4.932,0.146,0.114,40723.54,22866.112,21670.112,2017,September,Friday,20
5853,2017-09-01 21:00:00,22.222,60.592,4.924,0.094,0.086,40700.177,22556.133,21226.885,2017,September,Friday,21
5854,2017-09-01 22:00:00,22.04,60.663,4.922,0.096,0.088,39032.92,21861.331,20286.496,2017,September,Friday,22
5855,2017-09-01 23:00:00,21.733,59.063,4.924,0.097,0.08,35453.097,20216.008,18607.722,2017,September,Friday,23
5856,2017-09-02 00:00:00,21.403,60.382,4.924,0.093,0.073,31328.496,18474.012,16846.578,2017,September,Saturday,0
5857,2017-09-02 01:00:00,21.162,59.777,4.922,0.081,0.089,28018.407,16750.728,15603.187,2017,September,Saturday,1
5858,2017-09-02 02:00:00,20.932,58.877,4.922,0.082,0.099,26386.195,15685.447,14505.904,2017,September,Saturday,2
5859,2017-09-02 03:00:00,21.092,56.888,4.922,0.082,0.08,25745.841,15270.686,14298.018,2017,September,Saturday,3
5860,2017-09-02 04:00:00,21.082,55.73,4.92,0.092,0.09,25871.15,15309.356,14322.533,2017,September,Saturday,4
5861,2017-09-02 05:00:00,20.883,55.008,4.92,0.088,0.086,22904.071,13583.576,11897.528,2017,September,Saturday,5
5862,2017-09-02 06:00:00,20.735,54.225,4.922,1.268,0.966,20414.867,11600.832,10214.831,2017,September,Saturday,6
5863,2017-09-02 07:00:00,20.852,52.113,4.922,71.245,20.737,21473.628,11944.491,10493.32,2017,September,Saturday,7
5864,2017-09-02 08:00:00,21.842,47.893,4.926,278.25,38.803,23731.327,13277.339,11734.75,2017,September,Saturday,8
5865,2017-09-02 09:00:00,23.078,44.923,4.931,459.767,47.25,26424.425,15040.541,13126.21,2017,September,Saturday,9
5866,2017-09-02 10:00:00,24.03,43.628,4.93,619.383,52.213,28523.894,16204.99,14194.076,2017,September,Saturday,10
5867,2017-09-02 11:00:00,25.335,40.48,4.93,738.517,53.023,29686.726,16813.721,15472.768,2017,September,Saturday,11
5868,2017-09-02 12:00:00,26.478,36.935,4.926,802.833,54.407,30864.425,17539.085,15928.744,2017,September,Saturday,12
5869,2017-09-02 13:00:00,27.31,34.902,4.927,810.0,57.548,32084.602,18177.755,16179.775,2017,September,Saturday,13
5870,2017-09-02 14:00:00,27.832,33.645,4.926,764.0,55.722,32137.699,18203.326,16327.845,2017,September,Saturday,14
5871,2017-09-02 15:00:00,27.438,36.823,4.927,669.217,53.338,32162.124,18046.154,16457.283,2017,September,Saturday,15
5872,2017-09-02 16:00:00,25.882,45.887,4.926,522.05,53.433,31739.469,17610.811,16157.222,2017,September,Saturday,16
5873,2017-09-02 17:00:00,24.393,51.76,4.926,342.817,53.217,31505.841,17232.848,16645.557,2017,September,Saturday,17
5874,2017-09-02 18:00:00,22.82,52.755,4.93,139.9,104.158,33624.425,17235.967,20472.809,2017,September,Saturday,18
5875,2017-09-02 19:00:00,21.632,54.902,4.926,26.097,25.672,42088.142,22092.1,25373.81,2017,September,Saturday,19
5876,2017-09-02 20:00:00,20.653,57.777,4.926,0.104,0.1,42835.752,21997.297,24954.116,2017,September,Saturday,20
5877,2017-09-02 21:00:00,20.26,59.565,4.925,0.077,0.092,43202.124,21878.17,24580.511,2017,September,Saturday,21
5878,2017-09-02 22:00:00,20.183,58.865,4.924,0.089,0.073,41858.761,20910.187,23694.055,2017,September,Saturday,22
5879,2017-09-02 23:00:00,20.117,59.213,4.924,0.089,0.084,38067.611,19301.04,21608.335,2017,September,Saturday,23
5880,2017-09-03 00:00:00,20.082,59.077,4.924,0.076,0.086,33780.531,17229.106,20006.047,2017,September,Sunday,0
5881,2017-09-03 01:00:00,19.952,59.192,4.923,0.073,0.093,30758.23,15877.547,18580.266,2017,September,Sunday,1
5882,2017-09-03 02:00:00,19.9,58.652,4.922,0.085,0.094,28477.168,14610.811,16795.587,2017,September,Sunday,2
5883,2017-09-03 03:00:00,19.94,58.17,4.921,0.084,0.086,27640.354,14249.064,16284.699,2017,September,Sunday,3
5884,2017-09-03 04:00:00,20.02,57.365,4.922,0.08,0.097,27539.469,14348.857,15654.178,2017,September,Sunday,4
5885,2017-09-03 05:00:00,20.088,56.837,4.921,0.084,0.085,24920.708,12898.753,13760.654,2017,September,Sunday,5
5886,2017-09-03 06:00:00,20.222,55.988,4.922,0.781,0.63,22436.814,11090.021,11698.468,2017,September,Sunday,6
5887,2017-09-03 07:00:00,20.595,54.118,4.921,81.618,25.243,23168.496,11646.985,12380.96,2017,September,Sunday,7
5888,2017-09-03 08:00:00,21.527,50.762,4.924,266.35,66.573,24966.372,12803.326,13947.947,2017,September,Sunday,8
5889,2017-09-03 09:00:00,22.433,48.025,4.926,393.483,99.483,28180.885,15046.154,14481.389,2017,September,Sunday,9
5890,2017-09-03 10:00:00,23.515,43.143,4.929,571.883,107.783,30831.504,17327.027,14702.022,2017,September,Sunday,10
5891,2017-09-03 11:00:00,24.47,38.663,4.946,574.083,197.083,32220.531,18093.555,15293.32,2017,September,Sunday,11
5892,2017-09-03 12:00:00,25.562,35.992,4.934,747.25,150.417,32968.142,18630.561,16153.299,2017,September,Sunday,12
5893,2017-09-03 13:00:00,26.597,32.498,4.942,809.667,57.995,33215.575,18875.052,16428.846,2017,September,Sunday,13
5894,2017-09-03 14:00:00,27.792,29.788,4.93,760.667,53.817,32655.929,18393.555,16119.959,2017,September,Sunday,14
5895,2017-09-03 15:00:00,27.297,37.952,4.927,656.567,74.593,31265.841,17844.699,15774.791,2017,September,Sunday,15
5896,2017-09-03 16:00:00,26.115,43.307,4.93,487.817,79.89,30191.15,17437.422,15626.721,2017,September,Sunday,16
5897,2017-09-03 17:00:00,25.477,43.685,4.93,337.083,67.848,29732.389,17276.507,15087.395,2017,September,Sunday,17
5898,2017-09-03 18:00:00,24.208,47.5,2.144,111.25,71.978,31780.885,18837.63,17939.939,2017,September,Sunday,18
5899,2017-09-03 19:00:00,22.357,56.613,0.187,21.29,18.753,40488.85,24262.578,22882.125,2017,September,Sunday,19
5900,2017-09-03 20:00:00,20.958,61.415,0.218,0.095,0.092,41569.912,24501.455,22563.432,2017,September,Sunday,20
5901,2017-09-03 21:00:00,20.21,65.207,0.19,0.078,0.089,41969.204,24136.59,21464.188,2017,September,Sunday,21
5902,2017-09-03 22:00:00,19.938,66.852,0.18,0.069,0.093,40041.77,22602.911,20204.127,2017,September,Sunday,22
5903,2017-09-03 23:00:00,19.627,68.408,0.172,0.074,0.11,35597.522,20655.717,18847.967,2017,September,Sunday,23
5904,2017-09-04 00:00:00,19.4,68.933,0.164,0.07,0.109,31176.637,18492.1,16487.681,2017,September,Monday,0
5905,2017-09-04 01:00:00,19.458,67.595,0.155,0.073,0.104,28212.743,16766.944,14901.083,2017,September,Monday,1
5906,2017-09-04 02:00:00,19.162,68.657,0.172,0.067,0.118,26497.699,15663.617,14287.232,2017,September,Monday,2
5907,2017-09-04 03:00:00,18.957,69.407,0.189,0.069,0.11,25998.584,15056.133,13901.859,2017,September,Monday,3
5908,2017-09-04 04:00:00,19.17,67.603,0.187,0.077,0.103,25896.637,15111.642,13859.694,2017,September,Monday,4
5909,2017-09-04 05:00:00,18.978,68.352,0.203,0.067,0.099,23456.283,13592.931,11831.828,2017,September,Monday,5
5910,2017-09-04 06:00:00,18.675,69.947,0.18,0.721,0.547,21397.168,11984.407,9742.186,2017,September,Monday,6
5911,2017-09-04 07:00:00,18.447,70.488,0.189,34.805,24.962,23655.929,13485.031,10769.847,2017,September,Monday,7
5912,2017-09-04 08:00:00,19.117,68.455,0.183,183.5,102.333,26470.088,15263.825,11988.723,2017,September,Monday,8
5913,2017-09-04 09:00:00,20.278,64.86,0.208,327.45,89.05,29838.584,17129.314,13548.846,2017,September,Monday,9
5914,2017-09-04 10:00:00,22.683,56.252,0.196,651.65,142.85,32583.717,18649.896,14550.031,2017,September,Monday,10
5915,2017-09-04 11:00:00,25.102,47.762,0.202,697.983,101.117,34230.796,19382.121,15422.758,2017,September,Monday,11
5916,2017-09-04 12:00:00,25.365,54.13,0.226,759.333,127.85,35196.106,20154.886,16230.766,2017,September,Monday,12
5917,2017-09-04 13:00:00,25.537,53.25,0.27,726.717,136.55,35754.69,20755.509,16767.15,2017,September,Monday,13
5918,2017-09-04 14:00:00,26.092,50.812,0.289,737.55,137.05,34274.336,20370.062,16729.888,2017,September,Monday,14
5919,2017-09-04 15:00:00,25.817,48.722,0.315,610.333,106.55,32745.133,19478.17,16431.788,2017,September,Monday,15
5920,2017-09-04 16:00:00,25.848,48.14,0.326,483.85,80.033,31636.46,18822.661,16255.281,2017,September,Monday,16
5921,2017-09-04 17:00:00,25.468,51.422,0.31,294.517,76.933,31041.77,18642.412,16287.64,2017,September,Monday,17
5922,2017-09-04 18:00:00,24.36,60.082,0.322,126.042,89.062,33203.894,20259.044,18601.839,2017,September,Monday,18
5923,2017-09-04 19:00:00,23.543,64.477,0.32,11.504,9.584,40947.611,25097.089,23189.05,2017,September,Monday,19
5924,2017-09-04 20:00:00,23.187,66.283,0.278,0.113,0.093,42687.08,25518.087,23164.535,2017,September,Monday,20
5925,2017-09-04 21:00:00,23.04,68.37,0.283,0.088,0.088,42743.363,25299.168,22225.128,2017,September,Monday,21
5926,2017-09-04 22:00:00,22.35,75.05,0.271,0.078,0.094,40065.133,23474.22,21112.155,2017,September,Monday,22
5927,2017-09-04 23:00:00,20.628,77.4,0.275,0.069,0.097,35846.018,20640.748,19653.034,2017,September,Monday,23
5928,2017-09-05 00:00:00,20.808,78.467,0.276,0.08,0.101,31615.221,18393.555,17532.012,2017,September,Tuesday,0
5929,2017-09-05 01:00:00,20.755,79.833,0.273,0.076,0.119,29036.814,16587.318,15238.407,2017,September,Tuesday,1
5930,2017-09-05 02:00:00,19.992,80.017,0.275,0.081,0.11,27485.31,15590.644,14160.735,2017,September,Tuesday,2
5931,2017-09-05 03:00:00,19.645,81.283,0.262,0.06,0.115,26653.805,15112.266,13781.246,2017,September,Tuesday,3
5932,2017-09-05 04:00:00,19.34,82.067,0.258,0.074,0.095,26362.832,15096.05,13682.206,2017,September,Tuesday,4
5933,2017-09-05 05:00:00,18.975,81.183,0.284,0.068,0.129,24084.956,13715.177,12381.941,2017,September,Tuesday,5
5934,2017-09-05 06:00:00,19.108,76.133,0.288,0.436,0.37,22335.929,11819.751,10510.97,2017,September,Tuesday,6
5935,2017-09-05 07:00:00,19.105,74.8,0.292,24.497,17.768,24262.301,13464.449,10970.868,2017,September,Tuesday,7
5936,2017-09-05 08:00:00,20.032,72.333,0.292,286.3,105.795,27126.372,15397.297,12261.328,2017,September,Tuesday,8
5937,2017-09-05 09:00:00,22.228,67.107,0.287,433.95,155.367,30955.752,17532.848,13934.219,2017,September,Tuesday,9
5938,2017-09-05 10:00:00,24.79,51.028,0.288,591.617,130.917,34041.77,19053.43,14954.035,2017,September,Tuesday,10
5939,2017-09-05 11:00:00,25.762,43.713,0.29,705.25,107.217,36355.752,19718.295,15501.205,2017,September,Tuesday,11
5940,2017-09-05 12:00:00,25.895,51.457,0.302,798.0,87.35,37326.372,20400.0,16113.095,2017,September,Tuesday,12
5941,2017-09-05 13:00:00,25.623,56.798,0.307,794.167,74.598,37343.363,20638.254,16212.135,2017,September,Tuesday,13
5942,2017-09-05 14:00:00,25.583,58.87,0.316,716.733,74.917,36453.451,20318.295,16110.153,2017,September,Tuesday,14
5943,2017-09-05 15:00:00,25.535,61.315,0.312,638.533,73.865,34943.363,19430.769,15953.258,2017,September,Tuesday,15
5944,2017-09-05 16:00:00,25.44,63.01,0.31,495.783,59.448,33825.133,18983.576,15789.499,2017,September,Tuesday,16
5945,2017-09-05 17:00:00,24.565,67.81,0.313,235.983,74.287,33554.336,18793.347,15899.326,2017,September,Tuesday,17
5946,2017-09-05 18:00:00,23.718,73.933,0.304,79.758,61.807,36110.442,20640.748,18662.635,2017,September,Tuesday,18
5947,2017-09-05 19:00:00,23.292,76.8,0.309,20.775,18.362,44635.752,25532.432,22759.551,2017,September,Tuesday,19
5948,2017-09-05 20:00:00,23.06,77.917,0.282,0.088,0.1,44654.867,25432.017,22641.879,2017,September,Tuesday,20
5949,2017-09-05 21:00:00,23.053,78.683,0.269,0.074,0.109,44343.717,25672.765,22222.186,2017,September,Tuesday,21
5950,2017-09-05 22:00:00,22.638,79.967,0.256,0.07,0.103,41671.858,24487.734,21020.96,2017,September,Tuesday,22
5951,2017-09-05 23:00:00,22.15,78.483,0.272,0.073,0.102,36449.204,21823.285,19069.581,2017,September,Tuesday,23
5952,2017-09-06 00:00:00,22.868,71.148,0.264,0.076,0.111,31859.469,19304.782,17169.193,2017,September,Wednesday,0
5953,2017-09-06 01:00:00,23.207,69.47,0.268,0.062,0.118,29019.823,17561.538,15682.615,2017,September,Wednesday,1
5954,2017-09-06 02:00:00,22.9,76.567,0.24,0.078,0.114,27528.85,16503.742,14535.322,2017,September,Wednesday,2
5955,2017-09-06 03:00:00,22.373,79.55,0.233,0.08,0.099,26817.345,16069.023,13751.828,2017,September,Wednesday,3
5956,2017-09-06 04:00:00,22.282,80.683,0.243,0.072,0.117,26430.796,16175.676,13743.003,2017,September,Wednesday,4
5957,2017-09-06 05:00:00,21.327,84.283,0.235,0.077,0.11,24306.903,14852.183,12218.182,2017,September,Wednesday,5
5958,2017-09-06 06:00:00,20.068,84.717,0.25,1.118,0.877,22951.858,13541.788,10397.222,2017,September,Wednesday,6
5959,2017-09-06 07:00:00,20.218,84.617,0.271,46.982,28.892,23556.106,15038.669,11309.173,2017,September,Wednesday,7
5960,2017-09-06 08:00:00,20.943,81.267,0.316,235.0,100.917,24715.752,16848.025,12638.856,2017,September,Wednesday,8
5961,2017-09-06 09:00:00,23.377,76.817,0.261,287.683,128.45,28524.956,19097.089,14191.134,2017,September,Wednesday,9
5962,2017-09-06 10:00:00,24.345,76.017,0.274,341.817,205.283,31214.867,20517.879,14997.181,2017,September,Wednesday,10
5963,2017-09-06 11:00:00,25.182,70.667,0.27,480.4,239.917,33336.637,20976.923,15700.266,2017,September,Wednesday,11
5964,2017-09-06 12:00:00,25.678,67.012,0.316,539.35,229.9,34204.248,21837.63,16642.615,2017,September,Wednesday,12
5965,2017-09-06 13:00:00,26.083,65.98,0.304,619.017,253.2,34374.159,22277.339,16783.82,2017,September,Wednesday,13
5966,2017-09-06 14:00:00,26.145,66.005,0.322,584.517,199.483,33363.186,22184.407,16617.12,2017,September,Wednesday,14
5967,2017-09-06 15:00:00,26.853,62.765,0.321,631.55,117.433,32099.469,21255.717,16336.67,2017,September,Wednesday,15
5968,2017-09-06 16:00:00,26.185,68.448,0.334,487.133,90.367,31420.885,20623.285,16277.835,2017,September,Wednesday,16
5969,2017-09-06 17:00:00,25.387,73.5,0.311,316.35,109.6,31989.027,20576.507,16365.107,2017,September,Wednesday,17
5970,2017-09-06 18:00:00,24.38,79.017,0.315,103.848,70.667,36511.858,22375.884,19250.01,2017,September,Wednesday,18
5971,2017-09-06 19:00:00,24.085,80.533,0.315,13.907,10.937,45781.593,27474.636,23627.375,2017,September,Wednesday,19
5972,2017-09-06 20:00:00,23.58,82.317,0.277,0.097,0.083,46077.876,27574.428,23392.033,2017,September,Wednesday,20
5973,2017-09-06 21:00:00,23.5,82.983,0.269,0.078,0.108,45107.257,26882.121,22464.392,2017,September,Wednesday,21
5974,2017-09-06 22:00:00,23.288,82.467,0.278,0.088,0.128,41635.752,24826.403,21330.827,2017,September,Wednesday,22
5975,2017-09-06 23:00:00,22.478,85.183,0.277,0.091,0.109,35626.195,22082.744,19571.645,2017,September,Wednesday,23
5976,2017-09-07 00:00:00,22.703,84.867,0.279,0.081,0.14,32099.469,19700.208,17244.699,2017,September,Thursday,0
5977,2017-09-07 01:00:00,22.77,85.4,0.298,0.091,0.135,29791.858,17769.854,15770.868,2017,September,Thursday,1
5978,2017-09-07 02:00:00,22.598,87.2,0.305,0.095,0.137,28356.106,16939.709,14355.873,2017,September,Thursday,2
5979,2017-09-07 03:00:00,22.37,88.217,0.316,0.099,0.12,27525.664,16548.649,14328.417,2017,September,Thursday,3
5980,2017-09-07 04:00:00,22.217,89.333,0.32,0.089,0.132,27568.142,16773.181,14037.181,2017,September,Thursday,4
5981,2017-09-07 05:00:00,22.062,89.95,0.315,0.085,0.134,25586.549,15883.784,12182.88,2017,September,Thursday,5
5982,2017-09-07 06:00:00,21.743,90.2,0.318,0.22,0.227,24459.823,14559.044,10015.771,2017,September,Thursday,6
5983,2017-09-07 07:00:00,21.987,90.2,0.3,23.005,17.189,26469.027,16287.942,11038.529,2017,September,Thursday,7
5984,2017-09-07 08:00:00,22.268,88.75,0.293,94.69,64.793,29584.779,18488.981,13085.026,2017,September,Thursday,8
5985,2017-09-07 09:00:00,22.565,86.283,0.276,103.345,78.068,32996.814,20518.503,14705.945,2017,September,Thursday,9
5986,2017-09-07 10:00:00,22.997,87.133,0.284,211.748,151.272,35462.655,21943.035,15572.789,2017,September,Thursday,10
5987,2017-09-07 11:00:00,23.405,86.55,0.282,330.1,168.9,37155.398,22703.326,16082.697,2017,September,Thursday,11
5988,2017-09-07 12:00:00,24.12,84.083,0.281,594.65,242.717,37301.947,23071.933,16364.127,2017,September,Thursday,12
5989,2017-09-07 13:00:00,25.48,73.633,0.262,847.833,225.133,37473.982,22903.534,16432.768,2017,September,Thursday,13
5990,2017-09-07 14:00:00,25.823,69.952,0.261,624.617,195.817,36775.221,22809.356,16280.776,2017,September,Thursday,14
5991,2017-09-07 15:00:00,26.058,66.083,0.261,618.567,109.65,36002.124,22182.536,16429.826,2017,September,Thursday,15
5992,2017-09-07 16:00:00,26.705,60.115,0.26,490.383,77.153,34826.549,21481.497,16336.67,2017,September,Thursday,16
5993,2017-09-07 17:00:00,26.972,58.97,0.258,321.583,53.403,34909.381,21308.108,16539.653,2017,September,Thursday,17
5994,2017-09-07 18:00:00,25.408,68.403,0.262,133.983,70.985,38728.142,23374.428,19414.75,2017,September,Thursday,18
5995,2017-09-07 19:00:00,24.933,69.107,0.261,17.642,16.431,46568.496,27939.917,23620.511,2017,September,Thursday,19
5996,2017-09-07 20:00:00,23.963,72.848,0.267,0.085,0.089,46506.903,27835.135,23551.869,2017,September,Thursday,20
5997,2017-09-07 21:00:00,22.642,77.15,0.265,0.082,0.104,44873.628,26926.403,22870.358,2017,September,Thursday,21
5998,2017-09-07 22:00:00,22.102,81.15,0.266,0.076,0.091,41463.717,24837.006,21411.236,2017,September,Thursday,22
5999,2017-09-07 23:00:00,21.433,81.317,0.272,0.076,0.104,35933.097,21720.374,19061.736,2017,September,Thursday,23
6000,2017-09-08 00:00:00,20.838,82.117,0.278,0.076,0.118,32104.779,19583.576,17466.313,2017,September,Friday,0
6001,2017-09-08 01:00:00,20.793,84.433,0.288,0.073,0.123,29391.504,17826.611,16042.492,2017,September,Friday,1
6002,2017-09-08 02:00:00,20.64,86.867,0.309,0.073,0.112,27905.841,17176.091,15148.192,2017,September,Friday,2
6003,2017-09-08 03:00:00,20.352,87.317,0.315,0.055,0.132,27091.327,17016.424,13964.617,2017,September,Friday,3
6004,2017-09-08 04:00:00,20.013,88.317,0.298,0.072,0.132,27431.15,17148.649,13903.82,2017,September,Friday,4
6005,2017-09-08 05:00:00,19.618,89.217,0.317,0.065,0.117,25419.823,16074.012,12354.484,2017,September,Friday,5
6006,2017-09-08 06:00:00,19.2,89.733,0.318,0.471,0.406,24259.115,15248.233,10617.855,2017,September,Friday,6
6007,2017-09-08 07:00:00,19.35,89.183,0.328,60.02,21.245,26176.991,16852.391,11201.307,2017,September,Friday,7
6008,2017-09-08 08:00:00,21.73,86.967,0.329,244.75,45.912,29347.965,19050.936,12507.457,2017,September,Friday,8
6009,2017-09-08 09:00:00,23.597,78.917,0.329,414.817,83.6,32932.035,21375.468,14155.832,2017,September,Friday,9
6010,2017-09-08 10:00:00,24.742,73.033,0.316,608.067,69.963,35003.894,23172.349,15290.378,2017,September,Friday,10
6011,2017-09-08 11:00:00,25.087,72.032,0.311,709.5,86.217,37242.478,23476.715,16082.697,2017,September,Friday,11
6012,2017-09-08 12:00:00,25.613,69.422,0.277,777.5,115.567,36909.027,23441.164,16435.71,2017,September,Friday,12
6013,2017-09-08 13:00:00,25.907,67.657,0.258,795.667,84.367,36778.407,23536.59,16500.429,2017,September,Friday,13
6014,2017-09-08 14:00:00,26.067,65.65,0.258,718.35,80.25,36346.195,22955.301,16225.863,2017,September,Friday,14
6015,2017-09-08 15:00:00,26.007,67.2,0.259,597.5,126.283,35460.531,22200.624,15701.246,2017,September,Friday,15
6016,2017-09-08 16:00:00,25.593,65.528,0.263,376.383,124.417,35078.23,21476.507,15647.314,2017,September,Friday,16
6017,2017-09-08 17:00:00,25.573,64.932,0.264,311.867,53.303,34866.903,21203.95,15811.073,2017,September,Friday,17
6018,2017-09-08 18:00:00,25.052,67.887,0.261,134.683,62.645,38172.743,23266.528,19514.77,2017,September,Friday,18
6019,2017-09-08 19:00:00,24.167,74.333,0.26,19.764,20.936,46346.549,28178.794,23744.065,2017,September,Friday,19
6020,2017-09-08 20:00:00,23.635,77.883,0.267,0.083,0.097,45931.327,27861.331,23350.848,2017,September,Friday,20
6021,2017-09-08 21:00:00,23.175,81.417,0.273,0.066,0.117,44881.062,27121.622,22537.937,2017,September,Friday,21
6022,2017-09-08 22:00:00,22.83,83.667,0.306,0.063,0.124,41820.531,25190.021,21416.139,2017,September,Friday,22
6023,2017-09-08 23:00:00,22.123,85.267,0.329,0.077,0.13,36820.885,22309.771,19856.016,2017,September,Friday,23
6024,2017-09-09 00:00:00,21.528,86.983,0.352,0.073,0.125,32540.177,19888.565,17856.588,2017,September,Saturday,0
6025,2017-09-09 01:00:00,20.873,87.933,0.356,0.071,0.135,29909.735,18222.661,16058.182,2017,September,Saturday,1
6026,2017-09-09 02:00:00,20.305,88.267,0.355,0.066,0.149,28712.92,17220.374,14955.996,2017,September,Saturday,2
6027,2017-09-09 03:00:00,20.368,88.567,0.352,0.08,0.136,27963.186,16683.368,14687.314,2017,September,Saturday,3
6028,2017-09-09 04:00:00,19.83,88.5,0.342,0.085,0.127,27914.336,17030.769,14672.605,2017,September,Saturday,4
6029,2017-09-09 05:00:00,19.88,88.0,0.334,0.078,0.135,25740.531,15606.237,12876.159,2017,September,Saturday,5
6030,2017-09-09 06:00:00,19.788,87.067,0.328,0.282,0.261,23491.327,14015.8,10688.458,2017,September,Saturday,6
6031,2017-09-09 07:00:00,19.96,84.983,0.327,24.777,18.531,25256.283,15205.821,11215.036,2017,September,Saturday,7
6032,2017-09-09 08:00:00,21.49,84.2,0.278,119.615,73.58,28035.398,17017.048,12397.63,2017,September,Saturday,8
6033,2017-09-09 09:00:00,23.168,80.317,0.288,362.133,86.942,31465.487,19052.183,14238.202,2017,September,Saturday,9
6034,2017-09-09 10:00:00,24.73,69.638,0.302,582.933,65.21,34240.354,20545.946,15318.815,2017,September,Saturday,10
6035,2017-09-09 11:00:00,25.408,68.538,0.269,695.567,68.815,35600.708,21617.464,15853.238,2017,September,Saturday,11
6036,2017-09-09 12:00:00,25.56,68.793,0.274,760.667,79.472,36436.46,22006.029,16120.94,2017,September,Saturday,12
6037,2017-09-09 13:00:00,25.72,67.07,0.263,773.5,73.102,36697.699,22196.258,16192.523,2017,September,Saturday,13
6038,2017-09-09 14:00:00,26.43,62.903,0.259,731.967,53.572,35885.31,21479.626,16015.036,2017,September,Saturday,14
6039,2017-09-09 15:00:00,26.642,57.247,0.258,625.75,50.813,34750.088,20856.549,15637.508,2017,September,Saturday,15
6040,2017-09-09 16:00:00,26.613,57.53,0.258,487.517,44.737,34054.513,20249.688,15455.117,2017,September,Saturday,16
6041,2017-09-09 17:00:00,26.415,58.577,0.263,314.75,36.983,33486.372,20182.328,15583.575,2017,September,Saturday,17
6042,2017-09-09 18:00:00,26.035,59.898,0.262,123.933,51.875,37713.982,22400.208,18877.385,2017,September,Saturday,18
6043,2017-09-09 19:00:00,25.338,62.502,0.264,15.824,16.45,46014.159,26943.243,22348.682,2017,September,Saturday,19
6044,2017-09-09 20:00:00,24.318,63.597,0.268,0.104,0.074,45290.973,26071.31,22054.505,2017,September,Saturday,20
6045,2017-09-09 21:00:00,24.153,63.503,0.273,0.094,0.083,43015.221,24920.582,21827.988,2017,September,Saturday,21
6046,2017-09-09 22:00:00,24.635,58.602,0.274,0.094,0.104,39555.398,23307.692,20751.297,2017,September,Saturday,22
6047,2017-09-09 23:00:00,23.688,62.092,0.291,0.089,0.102,34790.442,20922.037,18452.789,2017,September,Saturday,23
6048,2017-09-10 00:00:00,23.062,64.215,0.282,0.082,0.109,30692.389,18373.597,15711.052,2017,September,Sunday,0
6049,2017-09-10 01:00:00,21.98,69.448,0.338,0.082,0.102,28203.186,16679.002,14359.796,2017,September,Sunday,1
6050,2017-09-10 02:00:00,21.452,70.583,0.312,0.075,0.115,26627.257,15567.568,13935.199,2017,September,Sunday,2
6051,2017-09-10 03:00:00,21.142,70.265,0.333,0.082,0.102,26077.168,15097.297,13453.728,2017,September,Sunday,3
6052,2017-09-10 04:00:00,20.297,71.727,0.337,0.072,0.126,26162.124,14965.696,13353.708,2017,September,Sunday,4
6053,2017-09-10 05:00:00,20.112,71.9,0.348,0.076,0.123,23884.248,13400.832,11681.798,2017,September,Sunday,5
6054,2017-09-10 06:00:00,19.69,73.817,0.345,1.023,0.824,21354.69,11095.01,9644.127,2017,September,Sunday,6
6055,2017-09-10 07:00:00,19.468,76.133,0.35,43.017,22.195,22370.973,11908.316,10544.311,2017,September,Sunday,7
6056,2017-09-10 08:00:00,19.86,76.033,0.335,206.65,69.783,24630.796,13359.044,12433.912,2017,September,Sunday,8
6057,2017-09-10 09:00:00,22.03,67.248,0.303,435.367,85.4,28026.903,15275.052,13846.946,2017,September,Sunday,9
6058,2017-09-10 10:00:00,24.843,57.113,0.299,578.733,73.438,31280.708,16868.607,14580.429,2017,September,Sunday,10
6059,2017-09-10 11:00:00,27.225,47.828,0.264,651.767,96.717,32904.425,17807.277,14955.015,2017,September,Sunday,11
6060,2017-09-10 12:00:00,27.193,49.743,0.259,680.35,159.417,34025.841,19508.732,13599.837,2017,September,Sunday,12
6061,2017-09-10 13:00:00,27.375,49.663,0.259,644.4,208.95,34449.558,22083.992,12308.396,2017,September,Sunday,13
6062,2017-09-10 14:00:00,26.978,51.695,0.257,568.5,198.033,33812.389,21619.335,12665.332,2017,September,Sunday,14
6063,2017-09-10 15:00:00,26.545,56.508,0.259,494.217,206.8,32869.381,20351.351,13185.046,2017,September,Sunday,15
6064,2017-09-10 16:00:00,26.175,56.012,0.267,367.867,146.133,32028.319,20288.981,13060.511,2017,September,Sunday,16
6065,2017-09-10 17:00:00,26.272,53.037,0.261,274.217,112.917,31978.407,20206.653,13033.054,2017,September,Sunday,17
6066,2017-09-10 18:00:00,25.352,67.56,0.26,112.093,60.817,35994.69,23149.896,15328.621,2017,September,Sunday,18
6067,2017-09-10 19:00:00,23.813,80.033,0.258,6.411,5.224,44264.071,28577.963,18333.156,2017,September,Sunday,19
6068,2017-09-10 20:00:00,23.155,83.0,0.267,0.073,0.108,44898.053,28844.283,18369.438,2017,September,Sunday,20
6069,2017-09-10 21:00:00,22.447,85.217,0.281,0.066,0.131,44126.018,28672.141,17956.609,2017,September,Sunday,21
6070,2017-09-10 22:00:00,21.695,86.883,0.293,0.074,0.128,39919.646,26385.031,16485.72,2017,September,Sunday,22
6071,2017-09-10 23:00:00,21.357,87.283,0.316,0.07,0.133,34783.009,23215.385,14152.891,2017,September,Sunday,23
6072,2017-09-11 00:00:00,21.307,87.3,0.294,0.069,0.132,30589.381,20356.965,12796.731,2017,September,Monday,0
6073,2017-09-11 01:00:00,21.07,87.3,0.296,0.078,0.129,28332.743,18531.393,12002.451,2017,September,Monday,1
6074,2017-09-11 02:00:00,20.93,87.367,0.306,0.085,0.113,27086.018,17653.846,11147.375,2017,September,Monday,2
6075,2017-09-11 03:00:00,20.82,86.7,0.322,0.08,0.123,26604.956,17256.549,11186.599,2017,September,Monday,3
6076,2017-09-11 04:00:00,21.23,79.567,0.359,0.088,0.108,26787.611,17701.247,11571.971,2017,September,Monday,4
6077,2017-09-11 05:00:00,20.943,79.583,0.342,0.081,0.119,25230.796,17244.699,10014.791,2017,September,Monday,5
6078,2017-09-11 06:00:00,20.85,79.85,0.348,0.25,0.251,24530.973,16295.426,8349.745,2017,September,Monday,6
6079,2017-09-11 07:00:00,20.797,79.617,0.324,24.772,16.399,26511.504,17667.568,9032.237,2017,September,Monday,7
6080,2017-09-11 08:00:00,21.247,78.367,0.334,150.513,95.667,28729.912,20093.763,10167.763,2017,September,Monday,8
6081,2017-09-11 09:00:00,22.423,72.967,0.297,256.983,160.083,32104.779,22219.335,11272.891,2017,September,Monday,9
6082,2017-09-11 10:00:00,23.588,66.343,0.27,424.683,210.3,34686.372,23849.688,11920.082,2017,September,Monday,10
6083,2017-09-11 11:00:00,24.558,60.787,0.292,330.517,223.217,36276.106,24450.312,12123.064,2017,September,Monday,11
6084,2017-09-11 12:00:00,26.068,53.435,0.274,554.967,294.717,37093.805,24789.605,13027.171,2017,September,Monday,12
6085,2017-09-11 13:00:00,28.407,37.807,0.269,843.167,192.833,36978.053,22836.175,15052.094,2017,September,Monday,13
6086,2017-09-11 14:00:00,29.248,37.855,0.27,724.183,115.583,36349.381,22750.728,14784.392,2017,September,Monday,14
6087,2017-09-11 15:00:00,29.337,39.378,0.27,636.617,105.883,35478.584,21878.794,14731.44,2017,September,Monday,15
6088,2017-09-11 16:00:00,29.677,38.382,0.268,481.717,62.308,34560.0,21088.565,14670.644,2017,September,Monday,16
6089,2017-09-11 17:00:00,28.575,37.89,0.272,305.267,49.412,34670.442,20956.341,14984.433,2017,September,Monday,17
6090,2017-09-11 18:00:00,27.067,37.147,0.268,117.733,60.265,38940.531,23599.584,18530.255,2017,September,Monday,18
6091,2017-09-11 19:00:00,24.99,46.915,0.271,17.223,17.153,46437.876,27866.944,21815.24,2017,September,Monday,19
6092,2017-09-11 20:00:00,23.348,57.035,0.272,0.096,0.091,46154.336,27507.692,21515.179,2017,September,Monday,20
6093,2017-09-11 21:00:00,22.452,60.303,0.271,0.087,0.095,44024.071,25911.019,20749.336,2017,September,Monday,21
6094,2017-09-11 22:00:00,21.942,59.395,0.271,0.099,0.094,39897.345,23471.102,19585.373,2017,September,Monday,22
6095,2017-09-11 23:00:00,21.147,65.633,0.272,0.086,0.101,34783.009,20377.547,16914.239,2017,September,Monday,23
6096,2017-09-12 00:00:00,21.06,63.288,0.272,0.074,0.102,30985.487,18294.387,15175.649,2017,September,Tuesday,0
6097,2017-09-12 01:00:00,21.345,56.535,0.271,0.078,0.095,28636.46,16743.243,13628.274,2017,September,Tuesday,1
6098,2017-09-12 02:00:00,21.273,59.768,0.272,0.081,0.095,27268.673,16001.663,12992.85,2017,September,Tuesday,2
6099,2017-09-12 03:00:00,21.01,63.875,0.271,0.077,0.101,26801.416,15597.505,12702.594,2017,September,Tuesday,3
6100,2017-09-12 04:00:00,20.547,69.582,0.274,0.079,0.123,27064.779,15828.274,13233.095,2017,September,Tuesday,4
6101,2017-09-12 05:00:00,20.548,68.448,0.293,0.072,0.114,25956.106,15542.62,11691.604,2017,September,Tuesday,5
6102,2017-09-12 06:00:00,20.483,68.258,0.283,0.4,0.352,25358.23,15095.426,9755.914,2017,September,Tuesday,6
6103,2017-09-12 07:00:00,20.192,70.723,0.279,45.113,22.098,27256.991,16502.495,10646.292,2017,September,Tuesday,7
6104,2017-09-12 08:00:00,20.31,72.733,0.292,157.7,55.052,29840.708,18738.462,12192.686,2017,September,Tuesday,8
6105,2017-09-12 09:00:00,21.488,66.993,0.279,365.467,72.57,33345.133,20675.676,13221.328,2017,September,Tuesday,9
6106,2017-09-12 10:00:00,23.153,57.442,0.27,553.733,89.6,36054.159,22768.815,14119.551,2017,September,Tuesday,10
6107,2017-09-12 11:00:00,24.812,49.01,0.271,704.867,70.583,37735.221,23615.177,14610.827,2017,September,Tuesday,11
6108,2017-09-12 12:00:00,26.108,43.935,0.272,782.167,66.763,38425.487,23882.744,14974.627,2017,September,Tuesday,12
6109,2017-09-12 13:00:00,26.423,41.368,0.27,772.0,63.413,38145.133,23925.78,15135.444,2017,September,Tuesday,13
6110,2017-09-12 14:00:00,26.753,38.573,0.272,725.667,76.617,37825.487,23900.832,14911.869,2017,September,Tuesday,14
6111,2017-09-12 15:00:00,26.965,35.758,0.272,597.583,82.358,37159.646,23409.979,14715.751,2017,September,Tuesday,15
6112,2017-09-12 16:00:00,26.687,39.725,0.274,509.7,48.427,35869.381,22724.532,14809.888,2017,September,Tuesday,16
6113,2017-09-12 17:00:00,25.562,42.96,0.276,334.75,44.475,35960.708,22415.8,15133.483,2017,September,Tuesday,17
6114,2017-09-12 18:00:00,24.353,46.762,0.27,133.35,55.08,40308.319,24609.356,18793.054,2017,September,Tuesday,18
6115,2017-09-12 19:00:00,22.972,52.532,0.27,14.82,15.156,47459.469,28543.659,21752.482,2017,September,Tuesday,19
6116,2017-09-12 20:00:00,22.117,55.858,0.271,0.088,0.097,47233.274,28072.765,21801.512,2017,September,Tuesday,20
6117,2017-09-12 21:00:00,21.677,58.182,0.271,0.091,0.099,45207.08,27195.218,21595.587,2017,September,Tuesday,21
6118,2017-09-12 22:00:00,21.51,60.313,0.27,0.084,0.104,41464.779,24783.368,19912.891,2017,September,Tuesday,22
6119,2017-09-12 23:00:00,21.383,61.232,0.27,0.087,0.105,36032.92,21553.846,17276.078,2017,September,Tuesday,23
6120,2017-09-13 00:00:00,21.435,59.803,0.269,0.096,0.081,31822.301,19128.274,15629.663,2017,September,Wednesday,0
6121,2017-09-13 01:00:00,21.373,59.927,0.272,0.077,0.086,29151.504,17606.445,14665.741,2017,September,Wednesday,1
6122,2017-09-13 02:00:00,21.173,61.682,0.274,0.083,0.097,27824.071,16760.083,13744.964,2017,September,Wednesday,2
6123,2017-09-13 03:00:00,20.908,62.458,0.286,0.079,0.119,27454.513,16512.474,13336.057,2017,September,Wednesday,3
6124,2017-09-13 04:00:00,20.808,64.615,0.272,0.079,0.119,27629.735,16804.99,13670.439,2017,September,Wednesday,4
6125,2017-09-13 05:00:00,20.948,65.757,0.272,0.072,0.098,26469.027,16507.484,12523.146,2017,September,Wednesday,5
6126,2017-09-13 06:00:00,20.935,66.597,0.271,0.234,0.197,26034.69,16189.397,10606.088,2017,September,Wednesday,6
6127,2017-09-13 07:00:00,20.568,64.587,0.27,25.16,15.649,28074.69,17630.146,11178.754,2017,September,Wednesday,7
6128,2017-09-13 08:00:00,20.932,63.08,0.272,177.883,47.333,30961.062,19861.123,12375.077,2017,September,Wednesday,8
6129,2017-09-13 09:00:00,22.307,58.325,0.277,347.117,74.765,34053.451,22143.867,13627.293,2017,September,Wednesday,9
6130,2017-09-13 10:00:00,23.993,53.938,0.276,620.017,83.667,36847.434,23632.017,14198.979,2017,September,Wednesday,10
6131,2017-09-13 11:00:00,24.767,53.045,0.283,635.217,198.467,38513.628,24330.561,14667.702,2017,September,Wednesday,11
6132,2017-09-13 12:00:00,25.345,52.03,0.3,675.417,159.767,39361.062,24709.771,15197.222,2017,September,Wednesday,12
6133,2017-09-13 13:00:00,25.572,51.792,0.282,454.283,185.05,38869.381,24884.407,15420.797,2017,September,Wednesday,13
6134,2017-09-13 14:00:00,26.382,49.155,0.29,624.667,178.15,38251.327,24852.599,15263.902,2017,September,Wednesday,14
6135,2017-09-13 15:00:00,26.947,48.1,0.282,608.9,139.6,37386.903,24153.43,15159.959,2017,September,Wednesday,15
6136,2017-09-13 16:00:00,26.805,48.962,0.294,413.4,209.167,36322.832,23381.289,15273.708,2017,September,Wednesday,16
6137,2017-09-13 17:00:00,26.262,50.77,0.284,307.8,330.317,36516.106,22972.141,15325.679,2017,September,Wednesday,17
6138,2017-09-13 18:00:00,25.448,53.428,0.285,113.507,131.783,41340.531,25765.073,19275.506,2017,September,Wednesday,18
6139,2017-09-13 19:00:00,23.928,58.935,0.272,12.876,14.095,48092.389,29605.821,22362.411,2017,September,Wednesday,19
6140,2017-09-13 20:00:00,22.915,63.222,0.271,0.083,0.087,47162.124,29032.64,22340.838,2017,September,Wednesday,20
6141,2017-09-13 21:00:00,22.13,66.728,0.281,0.083,0.11,44899.115,27459.044,21466.149,2017,September,Wednesday,21
6142,2017-09-13 22:00:00,22.098,66.2,0.283,0.07,0.097,40666.195,24648.025,19521.634,2017,September,Wednesday,22
6143,2017-09-13 23:00:00,21.99,65.785,0.286,0.066,0.103,35538.053,21441.58,17406.496,2017,September,Wednesday,23
6144,2017-09-14 00:00:00,21.713,65.495,0.281,0.076,0.115,31533.451,19123.285,15376.67,2017,September,Thursday,0
6145,2017-09-14 01:00:00,21.75,66.517,0.278,0.077,0.118,29195.044,17704.99,14220.552,2017,September,Thursday,1
6146,2017-09-14 02:00:00,21.872,67.778,0.276,0.075,0.117,27945.133,17046.985,13461.573,2017,September,Thursday,2
6147,2017-09-14 03:00:00,22.662,61.945,0.274,0.075,0.117,27541.593,16534.304,13167.395,2017,September,Thursday,3
6148,2017-09-14 04:00:00,21.972,68.773,0.275,0.071,0.109,27765.664,16895.426,13262.513,2017,September,Thursday,4
6149,2017-09-14 05:00:00,21.052,71.2,0.277,0.063,0.112,26213.097,16468.191,12056.384,2017,September,Thursday,5
6150,2017-09-14 06:00:00,20.573,68.957,0.282,0.286,0.297,25623.717,16145.114,10190.317,2017,September,Thursday,6
6151,2017-09-14 07:00:00,20.57,66.722,0.291,54.499,48.214,27666.903,17906.445,11095.403,2017,September,Thursday,7
6152,2017-09-14 08:00:00,21.073,63.28,0.276,156.483,115.88,30793.274,20051.975,12321.144,2017,September,Thursday,8
6153,2017-09-14 09:00:00,21.918,59.942,0.288,251.567,74.352,34575.929,21562.578,13691.032,2017,September,Thursday,9
6154,2017-09-14 10:00:00,23.675,54.63,0.288,556.483,155.233,37448.496,22682.744,15378.631,2017,September,Thursday,10
6155,2017-09-14 11:00:00,24.242,52.64,0.301,591.35,97.55,39328.142,24847.609,14372.543,2017,September,Thursday,11
6156,2017-09-14 12:00:00,25.41,46.5,0.308,764.183,76.05,40124.602,25696.466,14810.868,2017,September,Thursday,12
6157,2017-09-14 13:00:00,25.673,46.512,0.304,774.0,55.428,40031.15,25279.834,15160.94,2017,September,Thursday,13
6158,2017-09-14 14:00:00,26.168,45.1,0.306,731.8,42.667,39424.779,25117.672,14956.977,2017,September,Thursday,14
6159,2017-09-14 15:00:00,26.49,44.308,0.306,625.783,42.608,38277.876,24228.274,14794.198,2017,September,Thursday,15
6160,2017-09-14 16:00:00,26.365,44.765,0.304,481.6,127.43,37311.504,22994.595,15026.599,2017,September,Thursday,16
6161,2017-09-14 17:00:00,25.658,45.473,0.298,292.017,304.633,37141.593,22551.767,15277.63,2017,September,Thursday,17
6162,2017-09-14 18:00:00,24.565,47.088,0.292,103.453,102.517,41165.31,25303.534,18879.346,2017,September,Thursday,18
6163,2017-09-14 19:00:00,22.705,51.178,0.293,7.1,6.22,47752.566,30189.605,19530.46,2017,September,Thursday,19
6164,2017-09-14 20:00:00,21.788,53.518,0.299,0.092,0.105,47035.752,31362.786,18865.618,2017,September,Thursday,20
6165,2017-09-14 21:00:00,21.307,54.98,0.285,0.083,0.109,44629.381,29336.383,18011.522,2017,September,Thursday,21
6166,2017-09-14 22:00:00,21.312,53.557,0.284,0.084,0.088,40050.265,25934.719,16342.554,2017,September,Thursday,22
6167,2017-09-14 23:00:00,21.218,54.59,0.283,0.099,0.093,34856.283,21684.2,15579.653,2017,September,Thursday,23
6168,2017-09-15 00:00:00,20.98,55.417,0.274,0.096,0.08,30862.301,18626.819,14900.102,2017,September,Friday,0
6169,2017-09-15 01:00:00,20.718,56.002,0.281,0.087,0.091,28784.071,17150.52,14129.356,2017,September,Friday,1
6170,2017-09-15 02:00:00,20.817,55.273,0.285,0.083,0.099,27609.558,16671.518,13510.603,2017,September,Friday,2
6171,2017-09-15 03:00:00,20.402,57.698,0.284,0.072,0.096,27140.177,16297.921,13223.289,2017,September,Friday,3
6172,2017-09-15 04:00:00,19.918,59.692,0.277,0.063,0.109,27566.018,16584.823,13171.318,2017,September,Friday,4
6173,2017-09-15 05:00:00,19.797,61.567,0.278,0.082,0.108,26357.522,16117.672,11765.148,2017,September,Friday,5
6174,2017-09-15 06:00:00,19.272,66.112,0.293,0.272,0.266,25612.035,15845.114,9833.381,2017,September,Friday,6
6175,2017-09-15 07:00:00,19.762,61.927,0.304,61.776,56.948,27286.726,17333.888,10367.804,2017,September,Friday,7
6176,2017-09-15 08:00:00,21.262,53.09,0.291,236.667,90.73,30278.23,19528.69,11956.364,2017,September,Friday,8
6177,2017-09-15 09:00:00,23.125,48.378,0.32,429.2,35.378,33727.434,21641.164,13313.504,2017,September,Friday,9
6178,2017-09-15 10:00:00,24.408,45.955,0.322,595.55,37.683,36541.593,23108.108,14100.919,2017,September,Friday,10
6179,2017-09-15 11:00:00,25.883,41.693,0.318,713.333,38.882,38068.673,24019.958,14782.431,2017,September,Friday,11
6180,2017-09-15 12:00:00,26.883,38.992,0.316,774.5,36.672,36970.619,23683.16,15085.434,2017,September,Friday,12
6181,2017-09-15 13:00:00,28.313,34.278,0.315,781.833,34.175,36616.991,23544.699,14840.286,2017,September,Friday,13
6182,2017-09-15 14:00:00,29.245,33.527,0.306,727.317,39.765,35997.876,23535.343,14339.203,2017,September,Friday,14
6183,2017-09-15 15:00:00,29.048,34.69,0.318,620.0,43.385,35497.699,23133.056,14363.718,2017,September,Friday,15
6184,2017-09-15 16:00:00,28.623,38.64,0.311,472.6,83.06,35096.283,22067.775,14464.719,2017,September,Friday,16
6185,2017-09-15 17:00:00,27.305,43.17,0.319,294.35,304.683,34709.735,21411.642,14499.04,2017,September,Friday,17
6186,2017-09-15 18:00:00,26.038,47.265,0.332,111.252,126.0,39635.044,24340.541,18312.564,2017,September,Friday,18
6187,2017-09-15 19:00:00,24.937,50.045,0.328,9.054,9.528,46196.814,27699.168,20951.338,2017,September,Friday,19
6188,2017-09-15 20:00:00,24.098,52.85,0.352,0.088,0.096,45605.31,27338.669,20755.22,2017,September,Friday,20
6189,2017-09-15 21:00:00,23.622,55.437,0.344,0.102,0.078,43244.602,25850.52,20050.174,2017,September,Friday,21
6190,2017-09-15 22:00:00,23.488,55.898,0.311,0.095,0.08,38779.115,23240.333,18849.928,2017,September,Friday,22
6191,2017-09-15 23:00:00,23.477,56.365,0.311,0.099,0.091,33720.0,20197.921,16267.048,2017,September,Friday,23
6192,2017-09-16 00:00:00,23.697,54.65,0.315,0.096,0.087,30140.177,17923.909,14496.098,2017,September,Saturday,0
6193,2017-09-16 01:00:00,24.042,51.945,0.304,0.112,0.08,28039.646,16664.033,13331.154,2017,September,Saturday,1
6194,2017-09-16 02:00:00,23.878,56.58,0.308,0.095,0.11,26740.885,15865.073,12935.975,2017,September,Saturday,2
6195,2017-09-16 03:00:00,20.898,78.582,0.285,0.083,0.12,26270.442,15366.736,13276.241,2017,September,Saturday,3
6196,2017-09-16 04:00:00,18.843,88.15,0.305,0.091,0.107,26617.699,15760.291,13399.796,2017,September,Saturday,4
6197,2017-09-16 05:00:00,18.208,89.4,0.256,0.086,0.11,24856.991,15301.247,11817.12,2017,September,Saturday,5
6198,2017-09-16 06:00:00,18.285,86.317,0.275,0.171,0.143,23447.788,14051.975,9585.291,2017,September,Saturday,6
6199,2017-09-16 07:00:00,18.89,82.067,0.26,6.55,5.615,25427.257,15667.36,9861.818,2017,September,Saturday,7
6200,2017-09-16 08:00:00,19.12,77.55,0.283,50.632,43.705,29052.743,18024.948,11410.174,2017,September,Saturday,8
6201,2017-09-16 09:00:00,19.543,75.1,0.295,92.017,78.217,31861.593,19982.121,12788.887,2017,September,Saturday,9
6202,2017-09-16 10:00:00,19.442,76.45,0.288,88.733,73.963,34329.558,21412.89,13662.594,2017,September,Saturday,10
6203,2017-09-16 11:00:00,19.273,77.767,0.284,99.617,85.258,35923.54,22141.372,14125.434,2017,September,Saturday,11
6204,2017-09-16 12:00:00,19.652,73.683,0.281,162.067,139.167,35993.628,22959.044,14605.924,2017,September,Saturday,12
6205,2017-09-16 13:00:00,20.85,66.113,4.618,310.517,259.133,35559.292,22966.528,14809.888,2017,September,Saturday,13
6206,2017-09-16 14:00:00,21.84,60.708,4.922,343.533,285.067,35919.292,20532.225,14547.089,2017,September,Saturday,14
6207,2017-09-16 15:00:00,22.48,52.61,4.924,322.85,263.3,35790.796,19437.63,15491.399,2017,September,Saturday,15
6208,2017-09-16 16:00:00,23.0,47.572,4.929,266.633,179.683,35150.442,19049.688,15138.386,2017,September,Saturday,16
6209,2017-09-16 17:00:00,23.077,45.652,4.925,134.417,123.783,35269.381,18774.012,15185.455,2017,September,Saturday,17
6210,2017-09-16 18:00:00,23.12,42.608,4.922,60.407,67.023,40533.451,21508.94,19302.962,2017,September,Saturday,18
6211,2017-09-16 19:00:00,22.003,42.93,4.923,9.563,10.522,46116.106,25422.661,21783.861,2017,September,Saturday,19
6212,2017-09-16 20:00:00,20.537,47.345,4.92,0.08,0.087,44938.407,25146.985,21645.598,2017,September,Saturday,20
6213,2017-09-16 21:00:00,19.7,53.032,4.92,0.087,0.083,42988.673,23609.563,21446.537,2017,September,Saturday,21
6214,2017-09-16 22:00:00,18.723,57.717,4.922,0.076,0.069,39549.027,21354.262,20390.439,2017,September,Saturday,22
6215,2017-09-16 23:00:00,18.027,59.462,4.923,0.081,0.105,34699.115,18719.751,18115.465,2017,September,Saturday,23
6216,2017-09-17 00:00:00,17.273,62.175,4.922,0.068,0.095,31071.504,16591.06,15416.874,2017,September,Sunday,0
6217,2017-09-17 01:00:00,17.202,62.95,4.918,0.065,0.124,28322.124,15000.0,14018.55,2017,September,Sunday,1
6218,2017-09-17 02:00:00,16.365,67.023,4.915,0.064,0.104,26799.292,14388.773,13618.468,2017,September,Sunday,2
6219,2017-09-17 03:00:00,16.33,67.53,4.916,0.072,0.108,26256.637,14011.435,13231.134,2017,September,Sunday,3
6220,2017-09-17 04:00:00,15.65,68.853,4.916,0.066,0.108,26528.496,13887.942,13236.037,2017,September,Sunday,4
6221,2017-09-17 05:00:00,14.878,71.983,4.914,0.058,0.125,24307.965,12659.875,12452.543,2017,September,Sunday,5
6222,2017-09-17 06:00:00,14.442,74.55,4.914,0.26,0.273,21451.327,10785.031,9992.237,2017,September,Sunday,6
6223,2017-09-17 07:00:00,14.158,76.883,4.916,52.458,47.582,22711.858,11513.514,10418.795,2017,September,Sunday,7
6224,2017-09-17 08:00:00,15.078,75.783,4.915,228.7,58.723,25413.451,13307.9,11604.331,2017,September,Sunday,8
6225,2017-09-17 09:00:00,17.667,64.838,4.918,412.217,39.257,29006.018,15510.811,13076.2,2017,September,Sunday,9
6226,2017-09-17 10:00:00,21.793,54.172,4.921,564.983,45.587,31460.177,16867.983,13468.437,2017,September,Sunday,10
6227,2017-09-17 11:00:00,23.157,55.633,4.921,682.183,45.753,33009.558,18202.703,13605.72,2017,September,Sunday,11
6228,2017-09-17 12:00:00,23.19,58.072,4.919,742.333,48.122,33858.053,19014.137,14162.697,2017,September,Sunday,12
6229,2017-09-17 13:00:00,23.185,57.173,4.926,745.0,48.762,33951.504,19203.119,14487.273,2017,September,Sunday,13
6230,2017-09-17 14:00:00,23.923,54.295,4.925,701.233,45.695,33604.248,18702.911,14250.95,2017,September,Sunday,14
6231,2017-09-17 15:00:00,23.87,45.607,4.924,598.633,44.733,32465.841,18231.393,13872.441,2017,September,Sunday,15
6232,2017-09-17 16:00:00,24.232,43.632,4.929,452.1,49.812,31859.469,17791.684,13858.713,2017,September,Sunday,16
6233,2017-09-17 17:00:00,23.51,55.722,4.923,278.817,231.733,31847.788,17831.601,13834.198,2017,September,Sunday,17
6234,2017-09-17 18:00:00,22.988,63.38,4.923,98.32,108.803,37072.566,21341.164,17992.891,2017,September,Sunday,18
6235,2017-09-17 19:00:00,22.2,68.363,4.924,7.317,7.298,44020.885,25017.256,20109.009,2017,September,Sunday,19
6236,2017-09-17 20:00:00,21.778,71.917,4.92,0.077,0.092,44835.398,25011.642,20214.913,2017,September,Sunday,20
6237,2017-09-17 21:00:00,21.553,75.217,4.917,0.056,0.108,43470.796,24716.632,19475.546,2017,September,Sunday,21
6238,2017-09-17 22:00:00,21.125,77.5,4.916,0.069,0.096,38724.956,22135.759,18061.532,2017,September,Sunday,22
6239,2017-09-17 23:00:00,20.775,79.9,4.916,0.055,0.12,33294.159,19286.071,15601.226,2017,September,Sunday,23
6240,2017-09-18 00:00:00,20.755,81.15,4.913,0.052,0.125,29453.097,17050.104,13789.091,2017,September,Monday,0
6241,2017-09-18 01:00:00,20.878,80.25,4.914,0.069,0.111,27449.204,15609.356,13029.132,2017,September,Monday,1
6242,2017-09-18 02:00:00,21.142,78.633,4.914,0.067,0.122,26490.265,15079.21,12710.439,2017,September,Monday,2
6243,2017-09-18 03:00:00,21.208,77.367,4.913,0.049,0.136,26254.513,14913.929,12572.176,2017,September,Monday,3
6244,2017-09-18 04:00:00,21.993,71.483,4.913,0.055,0.108,26633.628,15309.979,12830.072,2017,September,Monday,4
6245,2017-09-18 05:00:00,22.058,74.5,4.914,0.064,0.121,25273.274,15543.867,11412.135,2017,September,Monday,5
6246,2017-09-18 06:00:00,21.9,75.622,4.914,0.121,0.162,24429.027,15412.89,9562.737,2017,September,Monday,6
6247,2017-09-18 07:00:00,22.048,76.233,4.914,12.598,10.574,26179.115,16906.653,10388.396,2017,September,Monday,7
6248,2017-09-18 08:00:00,21.762,78.65,4.912,72.962,59.528,28503.717,18760.915,10823.779,2017,September,Monday,8
6249,2017-09-18 09:00:00,21.71,82.333,4.913,112.517,94.957,31417.699,20515.385,11887.722,2017,September,Monday,9
6250,2017-09-18 10:00:00,21.53,88.233,4.914,116.45,97.7,34146.903,21910.603,13100.715,2017,September,Monday,10
6251,2017-09-18 11:00:00,21.602,90.45,4.916,117.517,98.817,36125.31,22814.345,13428.233,2017,September,Monday,11
6252,2017-09-18 12:00:00,21.637,91.717,4.919,131.05,109.417,36409.912,22838.669,14065.618,2017,September,Monday,12
6253,2017-09-18 13:00:00,21.857,91.883,4.917,227.717,191.95,35992.566,23091.892,14174.464,2017,September,Monday,13
6254,2017-09-18 14:00:00,22.255,88.783,4.916,212.65,179.467,36056.283,23312.058,14022.472,2017,September,Monday,14
6255,2017-09-18 15:00:00,22.688,85.55,4.917,201.483,174.167,35375.575,22544.906,14148.968,2017,September,Monday,15
6256,2017-09-18 16:00:00,23.142,82.95,4.916,346.85,234.367,34752.212,21527.027,13828.315,2017,September,Monday,16
6257,2017-09-18 17:00:00,23.538,80.75,4.922,336.5,270.783,34780.885,21456.549,13974.423,2017,September,Monday,17
6258,2017-09-18 18:00:00,23.512,80.317,4.923,158.85,154.767,40802.124,24908.732,17753.626,2017,September,Monday,18
6259,2017-09-18 19:00:00,23.237,81.883,4.921,10.196,9.553,46705.487,28084.615,20239.428,2017,September,Monday,19
6260,2017-09-18 20:00:00,23.103,82.167,4.917,0.047,0.134,46069.381,27640.541,20160.981,2017,September,Monday,20
6261,2017-09-18 21:00:00,22.82,83.1,4.916,0.046,0.138,42914.336,25756.965,19114.688,2017,September,Monday,21
6262,2017-09-18 22:00:00,22.355,84.967,4.914,0.06,0.165,37968.85,22549.896,17264.311,2017,September,Monday,22
6263,2017-09-18 23:00:00,21.807,87.467,4.913,0.054,0.161,32758.938,19724.532,15401.185,2017,September,Monday,23
6264,2017-09-19 00:00:00,21.642,88.883,4.913,0.057,0.169,29476.46,17409.356,14379.408,2017,September,Tuesday,0
6265,2017-09-19 01:00:00,21.527,89.267,4.912,0.055,0.163,27636.106,16148.857,13655.73,2017,September,Tuesday,1
6266,2017-09-19 02:00:00,21.678,87.767,4.914,0.059,0.151,26400.0,15542.62,13055.608,2017,September,Tuesday,2
6267,2017-09-19 03:00:00,21.733,86.717,4.913,0.049,0.147,26253.451,15374.22,12863.412,2017,September,Tuesday,3
6268,2017-09-19 04:00:00,21.568,86.883,4.912,0.053,0.149,26578.407,15878.17,12986.966,2017,September,Tuesday,4
6269,2017-09-19 05:00:00,21.492,87.75,4.912,0.051,0.152,25549.381,15905.613,11487.64,2017,September,Tuesday,5
6270,2017-09-19 06:00:00,21.507,87.967,4.91,0.073,0.204,24486.372,15630.561,9270.521,2017,September,Tuesday,6
6271,2017-09-19 07:00:00,21.457,88.117,4.911,7.244,6.271,26158.938,16917.879,9885.352,2017,September,Tuesday,7
6272,2017-09-19 08:00:00,21.497,88.2,4.912,37.697,31.945,28803.186,19004.158,11156.2,2017,September,Tuesday,8
6273,2017-09-19 09:00:00,21.795,88.033,4.913,152.9,127.667,32360.708,20761.746,12309.377,2017,September,Tuesday,9
6274,2017-09-19 10:00:00,22.67,85.233,4.916,245.317,207.133,35807.788,22183.784,13080.123,2017,September,Tuesday,10
6275,2017-09-19 11:00:00,23.868,77.267,4.918,340.167,284.783,37223.363,22776.923,13695.935,2017,September,Tuesday,11
6276,2017-09-19 12:00:00,24.293,72.983,4.924,318.567,217.55,37684.248,23326.403,14242.125,2017,September,Tuesday,12
6277,2017-09-19 13:00:00,24.358,72.5,4.923,306.433,233.6,37296.637,23462.37,14204.862,2017,September,Tuesday,13
6278,2017-09-19 14:00:00,24.005,76.917,4.922,363.967,285.033,37271.15,23570.27,14241.144,2017,September,Tuesday,14
6279,2017-09-19 15:00:00,23.785,78.583,4.923,212.483,179.467,36182.655,22519.958,14020.511,2017,September,Tuesday,15
6280,2017-09-19 16:00:00,23.308,80.817,4.922,128.05,110.967,35188.673,21662.994,14025.414,2017,September,Tuesday,16
6281,2017-09-19 17:00:00,23.155,81.267,4.917,75.085,64.958,35063.363,21404.782,14473.544,2017,September,Tuesday,17
6282,2017-09-19 18:00:00,23.007,82.45,4.915,38.127,32.243,41300.177,25480.042,18677.344,2017,September,Tuesday,18
6283,2017-09-19 19:00:00,22.857,82.967,4.917,2.282,2.027,47032.566,28264.241,20847.395,2017,September,Tuesday,19
6284,2017-09-19 20:00:00,22.562,84.25,4.915,0.044,0.144,46186.195,27777.131,20716.977,2017,September,Tuesday,20
6285,2017-09-19 21:00:00,22.417,85.25,4.916,0.053,0.133,43574.867,25922.245,19836.404,2017,September,Tuesday,21
6286,2017-09-19 22:00:00,22.448,84.95,4.915,0.051,0.147,38930.973,22897.297,18100.756,2017,September,Tuesday,22
6287,2017-09-19 23:00:00,22.35,85.083,4.914,0.048,0.131,33769.912,20134.927,15430.603,2017,September,Tuesday,23
6288,2017-09-20 00:00:00,21.507,87.533,4.916,0.05,0.152,29829.027,17972.557,13961.675,2017,September,Wednesday,0
6289,2017-09-20 01:00:00,21.195,89.5,4.915,0.055,0.146,27817.699,16347.817,13289.969,2017,September,Wednesday,1
6290,2017-09-20 02:00:00,21.158,90.567,4.914,0.058,0.154,26646.372,15787.734,12918.325,2017,September,Wednesday,2
6291,2017-09-20 03:00:00,21.193,91.7,4.914,0.064,0.144,25991.15,15641.788,12508.437,2017,September,Wednesday,3
6292,2017-09-20 04:00:00,21.183,92.517,4.914,0.066,0.139,26779.115,15628.067,12466.272,2017,September,Wednesday,4
6293,2017-09-20 05:00:00,21.127,93.05,4.913,0.058,0.133,26015.575,15787.11,11604.331,2017,September,Wednesday,5
6294,2017-09-20 06:00:00,21.13,93.467,4.914,0.079,0.141,25404.956,15813.306,9939.285,2017,September,Wednesday,6
6295,2017-09-20 07:00:00,20.987,93.617,4.916,7.412,6.264,26640.0,17274.636,9862.799,2017,September,Wednesday,7
6296,2017-09-20 08:00:00,21.105,93.783,4.918,40.4,34.272,30276.106,18989.813,10958.121,2017,September,Wednesday,8
6297,2017-09-20 09:00:00,21.253,93.7,4.916,81.317,68.582,30696.637,20932.64,12244.658,2017,September,Wednesday,9
6298,2017-09-20 10:00:00,21.813,92.967,4.915,181.95,144.9,34040.708,22288.565,12774.178,2017,September,Wednesday,10
6299,2017-09-20 11:00:00,22.673,89.8,4.917,361.667,245.817,37385.841,22904.782,13384.106,2017,September,Wednesday,11
6300,2017-09-20 12:00:00,24.388,80.083,4.92,577.317,132.45,37692.743,22998.96,13741.042,2017,September,Wednesday,12
6301,2017-09-20 13:00:00,25.965,70.108,4.926,737.333,68.422,37159.646,23357.588,13691.032,2017,September,Wednesday,13
6302,2017-09-20 14:00:00,26.272,68.3,4.924,685.633,59.4,36605.31,23050.728,13576.302,2017,September,Wednesday,14
6303,2017-09-20 15:00:00,26.007,69.543,4.921,584.883,52.787,35779.115,22270.478,13627.293,2017,September,Wednesday,15
6304,2017-09-20 16:00:00,26.085,69.15,4.92,420.833,46.502,34808.496,21576.923,13563.555,2017,September,Wednesday,16
6305,2017-09-20 17:00:00,26.523,66.922,4.929,208.15,93.247,35096.283,21459.667,13693.973,2017,September,Wednesday,17
6306,2017-09-20 18:00:00,26.493,67.045,4.968,91.17,91.37,41785.487,25199.376,17775.199,2017,September,Wednesday,18
6307,2017-09-20 19:00:00,25.38,71.382,4.926,6.064,5.343,47380.885,28079.002,19974.668,2017,September,Wednesday,19
6308,2017-09-20 20:00:00,27.41,50.51,4.928,0.076,0.083,46486.726,27455.925,19792.278,2017,September,Wednesday,20
6309,2017-09-20 21:00:00,26.402,52.717,4.924,0.095,0.078,43644.956,25813.721,19101.941,2017,September,Wednesday,21
6310,2017-09-20 22:00:00,25.587,54.013,4.922,0.09,0.078,38902.301,22737.63,17093.687,2017,September,Wednesday,22
6311,2017-09-20 23:00:00,24.422,56.253,4.92,0.077,0.086,33738.053,19813.098,15315.873,2017,September,Wednesday,23
6312,2017-09-21 00:00:00,24.042,56.432,4.921,0.084,0.086,29869.381,17613.929,13641.021,2017,September,Thursday,0
6313,2017-09-21 01:00:00,23.65,59.535,4.92,0.083,0.098,27665.841,16216.216,12667.293,2017,September,Thursday,1
6314,2017-09-21 02:00:00,23.043,60.175,4.922,0.077,0.101,26851.327,15540.125,12230.93,2017,September,Thursday,2
6315,2017-09-21 03:00:00,21.957,55.522,4.92,0.08,0.099,26821.593,15190.229,12248.58,2017,September,Thursday,3
6316,2017-09-21 04:00:00,20.797,58.868,4.92,0.076,0.093,27244.248,15541.996,12503.534,2017,September,Thursday,4
6317,2017-09-21 05:00:00,20.363,65.975,4.918,0.058,0.13,26435.044,15698.545,11327.804,2017,September,Thursday,5
6318,2017-09-21 06:00:00,19.98,67.995,4.917,0.179,0.187,25407.08,15528.898,9126.374,2017,September,Thursday,6
6319,2017-09-21 07:00:00,19.503,66.828,4.917,42.583,26.595,24090.265,17216.632,9574.505,2017,September,Thursday,7
6320,2017-09-21 08:00:00,20.838,60.392,4.918,211.067,46.807,26820.531,19209.979,11040.49,2017,September,Thursday,8
6321,2017-09-21 09:00:00,23.373,51.195,4.924,400.683,56.28,29784.425,20800.416,12099.53,2017,September,Thursday,9
6322,2017-09-21 10:00:00,27.823,42.522,4.923,557.267,62.527,32457.345,22190.021,12955.587,2017,September,Thursday,10
6323,2017-09-21 11:00:00,31.045,30.058,4.923,675.067,68.432,33620.177,23070.686,13273.299,2017,September,Thursday,11
6324,2017-09-21 12:00:00,32.487,26.155,4.926,733.5,74.35,35812.035,23079.418,13848.907,2017,September,Thursday,12
6325,2017-09-21 13:00:00,32.922,26.353,4.924,730.5,75.767,36886.726,23748.025,13709.663,2017,September,Thursday,13
6326,2017-09-21 14:00:00,32.698,26.577,4.922,684.217,78.65,36471.504,23520.998,13415.485,2017,September,Thursday,14
6327,2017-09-21 15:00:00,32.437,26.81,4.924,588.783,83.267,36143.363,22728.274,13388.029,2017,September,Thursday,15
6328,2017-09-21 16:00:00,32.053,27.243,4.924,429.933,83.4,35788.673,22159.459,13220.347,2017,September,Thursday,16
6329,2017-09-21 17:00:00,31.44,27.915,4.923,244.617,122.383,35915.044,21860.707,13601.798,2017,September,Thursday,17
6330,2017-09-21 18:00:00,30.542,29.95,4.925,77.632,75.312,42679.646,25495.01,18279.224,2017,September,Thursday,18
6331,2017-09-21 19:00:00,28.98,31.633,4.924,2.988,2.621,47202.478,28092.723,20098.223,2017,September,Thursday,19
6332,2017-09-21 20:00:00,27.367,35.273,4.925,0.094,0.082,46495.221,27066.112,19753.054,2017,September,Thursday,20
6333,2017-09-21 21:00:00,26.388,36.018,4.922,0.088,0.093,43886.018,24948.649,19333.361,2017,September,Thursday,21
6334,2017-09-21 22:00:00,25.497,37.66,4.923,0.088,0.096,39551.15,22237.422,17705.577,2017,September,Thursday,22
6335,2017-09-21 23:00:00,24.832,38.023,4.923,0.09,0.084,34519.646,19492.516,15604.168,2017,September,Thursday,23
6336,2017-09-22 00:00:00,24.493,37.925,4.922,0.082,0.1,30549.027,17172.973,13836.159,2017,September,Friday,0
6337,2017-09-22 01:00:00,24.352,37.813,4.921,0.094,0.101,28227.611,15775.26,12909.499,2017,September,Friday,1
6338,2017-09-22 02:00:00,23.66,40.053,4.921,0.1,0.082,27307.965,14909.563,12519.224,2017,September,Friday,2
6339,2017-09-22 03:00:00,22.51,43.213,4.918,0.085,0.109,26971.327,14592.723,12733.973,2017,September,Friday,3
6340,2017-09-22 04:00:00,21.773,45.105,4.922,0.094,0.092,26747.257,14646.985,12762.411,2017,September,Friday,4
6341,2017-09-22 05:00:00,21.82,45.81,4.922,0.091,0.091,25584.425,14334.511,10947.334,2017,September,Friday,5
6342,2017-09-22 06:00:00,21.758,47.112,4.92,0.156,0.139,22955.044,12562.578,8459.571,2017,September,Friday,6
6343,2017-09-22 07:00:00,21.907,46.295,4.922,23.2,18.795,24216.637,14003.95,8832.196,2017,September,Friday,7
6344,2017-09-22 08:00:00,23.265,42.042,4.922,143.083,91.613,27812.389,16716.424,10283.473,2017,September,Friday,8
6345,2017-09-22 09:00:00,25.232,39.393,4.921,422.167,138.983,31781.947,19169.439,11746.517,2017,September,Friday,9
6346,2017-09-22 10:00:00,27.308,36.798,4.923,596.017,123.25,34516.46,20835.967,12976.18,2017,September,Friday,10
6347,2017-09-22 11:00:00,28.527,34.13,4.923,659.35,166.517,35751.504,21548.233,13559.632,2017,September,Friday,11
6348,2017-09-22 12:00:00,29.998,28.398,4.921,795.333,145.383,34883.894,21297.505,13764.576,2017,September,Friday,12
6349,2017-09-22 13:00:00,30.32,26.968,4.924,343.483,94.167,34800.0,20981.913,13704.76,2017,September,Friday,13
6350,2017-09-22 14:00:00,31.245,19.928,4.923,703.967,75.2,34801.062,20733.056,13579.244,2017,September,Friday,14
6351,2017-09-22 15:00:00,31.183,18.523,4.921,604.633,78.333,34085.31,20215.385,13428.233,2017,September,Friday,15
6352,2017-09-22 16:00:00,31.255,15.02,4.934,458.417,91.917,33965.31,19892.308,13171.318,2017,September,Friday,16
6353,2017-09-22 17:00:00,29.61,23.197,4.939,268.2,120.583,34531.327,20176.715,14691.236,2017,September,Friday,17
6354,2017-09-22 18:00:00,27.013,31.6,4.93,44.277,39.395,41785.487,24037.422,19860.919,2017,September,Friday,18
6355,2017-09-22 19:00:00,24.947,41.34,4.928,1.583,1.383,46081.062,25980.873,21686.782,2017,September,Friday,19
6356,2017-09-22 20:00:00,24.043,44.765,4.922,0.094,0.094,45549.027,25645.322,21280.817,2017,September,Friday,20
6357,2017-09-22 21:00:00,23.673,44.943,4.922,0.089,0.093,43256.283,24628.69,20568.907,2017,September,Friday,21
6358,2017-09-22 22:00:00,23.572,43.552,4.922,0.095,0.09,39078.584,22218.087,18961.716,2017,September,Friday,22
6359,2017-09-22 23:00:00,23.122,48.14,4.922,0.095,0.096,34048.142,19202.495,16689.683,2017,September,Friday,23
6360,2017-09-23 00:00:00,22.93,45.237,4.92,0.097,0.094,30600.0,17069.439,14701.042,2017,September,Saturday,0
6361,2017-09-23 01:00:00,22.74,44.838,4.923,0.102,0.094,28361.416,15689.813,13835.179,2017,September,Saturday,1
6362,2017-09-23 02:00:00,22.028,52.338,4.919,0.101,0.097,27161.416,14779.21,13200.735,2017,September,Saturday,2
6363,2017-09-23 03:00:00,21.815,53.283,4.918,0.087,0.099,26859.823,14617.672,12838.897,2017,September,Saturday,3
6364,2017-09-23 04:00:00,21.053,62.46,4.919,0.08,0.116,26947.965,14758.628,13303.698,2017,September,Saturday,4
6365,2017-09-23 05:00:00,20.597,66.088,4.918,0.09,0.109,25928.496,14566.528,12277.017,2017,September,Saturday,5
6366,2017-09-23 06:00:00,19.175,70.607,4.918,0.138,0.158,24234.69,13248.649,9727.477,2017,September,Saturday,6
6367,2017-09-23 07:00:00,17.918,72.0,4.921,21.708,12.497,25922.124,14740.541,10208.948,2017,September,Saturday,7
6368,2017-09-23 08:00:00,18.882,71.6,4.919,188.2,50.867,27563.894,16901.04,11595.506,2017,September,Saturday,8
6369,2017-09-23 09:00:00,21.173,64.222,4.923,384.717,71.433,30038.23,19022.245,12751.624,2017,September,Saturday,9
6370,2017-09-23 10:00:00,23.653,62.132,4.92,543.717,84.95,34174.513,20685.031,14071.502,2017,September,Saturday,10
6371,2017-09-23 11:00:00,24.545,58.465,4.925,654.217,101.433,36967.434,21579.418,14669.663,2017,September,Saturday,11
6372,2017-09-23 12:00:00,24.973,58.165,4.925,710.017,100.333,37391.15,21819.543,15143.289,2017,September,Saturday,12
6373,2017-09-23 13:00:00,25.408,57.48,4.923,719.75,109.183,36938.761,21637.422,14969.724,2017,September,Saturday,13
6374,2017-09-23 14:00:00,24.775,60.893,4.928,482.017,104.3,35819.469,21064.865,14826.558,2017,September,Saturday,14
6375,2017-09-23 15:00:00,24.65,63.058,4.93,568.867,102.967,35015.575,20001.455,14553.953,2017,September,Saturday,15
6376,2017-09-23 16:00:00,24.517,62.987,4.94,417.3,94.55,34635.398,19669.023,14542.186,2017,September,Saturday,16
6377,2017-09-23 17:00:00,24.52,61.198,4.927,233.633,99.683,35223.717,19656.549,15006.006,2017,September,Saturday,17
6378,2017-09-23 18:00:00,23.855,66.717,4.939,77.26,74.913,42230.442,23743.035,20008.989,2017,September,Saturday,18
6379,2017-09-23 19:00:00,22.58,77.35,4.925,3.628,3.152,46137.345,25824.324,21127.845,2017,September,Saturday,19
6380,2017-09-23 20:00:00,21.955,82.3,4.923,0.111,0.088,45849.558,25607.9,21186.68,2017,September,Saturday,20
6381,2017-09-23 21:00:00,21.462,84.533,4.92,0.07,0.126,43360.354,24616.216,20798.366,2017,September,Saturday,21
6382,2017-09-23 22:00:00,20.545,86.1,4.92,0.074,0.114,40124.602,22716.424,19692.257,2017,September,Saturday,22
6383,2017-09-23 23:00:00,20.475,86.517,4.919,0.085,0.106,35112.212,20051.351,17133.892,2017,September,Saturday,23
6384,2017-09-24 00:00:00,20.797,85.883,4.917,0.071,0.14,30698.761,17105.613,14699.081,2017,September,Sunday,0
6385,2017-09-24 01:00:00,21.238,84.35,4.917,0.076,0.119,28081.062,15546.362,13611.604,2017,September,Sunday,1
6386,2017-09-24 02:00:00,21.648,83.833,4.918,0.08,0.126,26993.628,14836.59,13044.821,2017,September,Sunday,2
6387,2017-09-24 03:00:00,21.608,84.217,4.916,0.074,0.12,26257.699,14443.659,12697.692,2017,September,Sunday,3
6388,2017-09-24 04:00:00,21.002,82.2,4.919,0.064,0.128,26203.54,14613.929,13199.755,2017,September,Sunday,4
6389,2017-09-24 05:00:00,21.187,76.217,4.918,0.077,0.118,24718.938,13881.081,12389.785,2017,September,Sunday,5
6390,2017-09-24 06:00:00,20.815,75.117,4.919,0.124,0.137,21555.398,11503.534,9344.065,2017,September,Sunday,6
6391,2017-09-24 07:00:00,20.428,77.117,4.918,15.937,13.324,22841.416,12073.597,9658.836,2017,September,Sunday,7
6392,2017-09-24 08:00:00,21.007,79.45,4.92,118.33,76.705,25470.796,14093.139,10996.364,2017,September,Sunday,8
6393,2017-09-24 09:00:00,22.043,78.45,4.919,190.383,132.9,29023.009,16224.948,12033.83,2017,September,Sunday,9
6394,2017-09-24 10:00:00,22.567,76.083,4.918,258.867,204.983,32130.265,17879.626,13225.25,2017,September,Sunday,10
6395,2017-09-24 11:00:00,23.742,68.387,4.923,491.1,188.417,33864.425,18789.605,14254.872,2017,September,Sunday,11
6396,2017-09-24 12:00:00,23.885,65.708,4.924,355.45,177.25,34329.558,19266.736,14656.915,2017,September,Sunday,12
6397,2017-09-24 13:00:00,23.843,64.68,4.925,300.433,219.1,34547.257,19571.726,14692.217,2017,September,Sunday,13
6398,2017-09-24 14:00:00,24.352,61.83,4.924,592.65,140.75,33618.053,19200.0,14412.748,2017,September,Sunday,14
6399,2017-09-24 15:00:00,24.347,61.937,4.923,570.583,116.567,33127.434,17497.921,14022.472,2017,September,Sunday,15
6400,2017-09-24 16:00:00,24.033,63.648,4.921,391.683,96.4,32028.319,17141.164,13644.944,2017,September,Sunday,16
6401,2017-09-24 17:00:00,23.742,66.445,4.924,226.267,85.433,31975.221,18124.74,13672.4,2017,September,Sunday,17
6402,2017-09-24 18:00:00,23.2,69.388,4.923,73.815,73.907,39451.327,22657.796,18785.209,2017,September,Sunday,18
6403,2017-09-24 19:00:00,22.275,76.817,4.925,2.808,2.451,45166.726,25302.911,20152.155,2017,September,Sunday,19
6404,2017-09-24 20:00:00,21.883,77.867,4.926,0.095,0.084,45455.575,25510.603,19997.222,2017,September,Sunday,20
6405,2017-09-24 21:00:00,21.293,79.667,4.923,0.082,0.107,43665.133,25042.204,19129.397,2017,September,Sunday,21
6406,2017-09-24 22:00:00,20.118,82.933,4.921,0.079,0.115,38703.717,22395.842,17319.224,2017,September,Sunday,22
6407,2017-09-24 23:00:00,19.523,84.317,4.919,0.071,0.12,33390.796,19519.958,15128.58,2017,September,Sunday,23
6408,2017-09-25 00:00:00,18.898,85.267,4.918,0.08,0.112,29722.832,17244.075,13579.244,2017,September,Monday,0
6409,2017-09-25 01:00:00,18.733,86.733,4.919,0.084,0.116,27828.319,15695.426,12481.961,2017,September,Monday,1
6410,2017-09-25 02:00:00,18.715,87.583,4.917,0.076,0.123,26576.283,15109.771,12021.083,2017,September,Monday,2
6411,2017-09-25 03:00:00,18.515,88.117,4.918,0.076,0.123,26569.912,14961.954,12146.599,2017,September,Monday,3
6412,2017-09-25 04:00:00,18.632,87.067,4.916,0.071,0.131,26900.177,15553.846,12183.861,2017,September,Monday,4
6413,2017-09-25 05:00:00,18.467,85.633,4.916,0.069,0.131,26239.646,16113.306,11091.481,2017,September,Monday,5
6414,2017-09-25 06:00:00,18.672,84.983,4.916,0.131,0.154,25366.726,16103.95,9203.841,2017,September,Monday,6
6415,2017-09-25 07:00:00,18.742,85.083,4.916,23.272,16.899,27180.531,17097.505,9527.436,2017,September,Monday,7
6416,2017-09-25 08:00:00,19.293,84.917,4.915,165.72,68.653,30061.593,19107.692,10673.749,2017,September,Monday,8
6417,2017-09-25 09:00:00,21.51,80.883,4.916,358.633,95.167,33505.487,20962.578,12229.949,2017,September,Monday,9
6418,2017-09-25 10:00:00,22.527,74.867,4.916,520.15,163.633,36475.752,22655.925,12888.907,2017,September,Monday,10
6419,2017-09-25 11:00:00,23.065,71.48,4.919,548.467,165.233,37959.292,23435.551,13381.164,2017,September,Monday,11
6420,2017-09-25 12:00:00,23.872,66.478,4.926,696.55,170.217,38496.637,23279.002,13768.498,2017,September,Monday,12
6421,2017-09-25 13:00:00,23.827,66.635,4.942,464.783,192.067,38008.142,23820.374,13966.578,2017,September,Monday,13
6422,2017-09-25 14:00:00,23.392,69.353,4.94,504.033,174.367,37004.602,23760.499,13932.257,2017,September,Monday,14
6423,2017-09-25 15:00:00,23.623,69.905,4.954,562.65,142.517,36391.858,23007.692,13731.236,2017,September,Monday,15
6424,2017-09-25 16:00:00,23.588,69.633,4.964,431.017,94.0,35769.558,22138.877,13586.108,2017,September,Monday,16
6425,2017-09-25 17:00:00,23.122,74.483,4.964,228.8,71.63,36242.124,22069.023,14074.443,2017,September,Monday,17
6426,2017-09-25 18:00:00,22.143,79.3,4.958,64.172,56.377,43793.628,26488.565,19627.538,2017,September,Monday,18
6427,2017-09-25 19:00:00,21.627,81.417,4.937,1.199,1.056,47182.301,28285.447,21076.854,2017,September,Monday,19
6428,2017-09-25 20:00:00,21.293,81.833,4.923,0.096,0.08,46605.664,27487.11,20783.657,2017,September,Monday,20
6429,2017-09-25 21:00:00,21.057,79.75,4.923,0.082,0.11,43476.106,25527.443,19643.228,2017,September,Monday,21
6430,2017-09-25 22:00:00,21.09,78.917,4.919,0.086,0.101,38378.761,22739.501,17565.352,2017,September,Monday,22
6431,2017-09-25 23:00:00,20.585,81.117,4.919,0.084,0.116,33470.442,19743.867,15592.4,2017,September,Monday,23
6432,2017-09-26 00:00:00,19.347,84.7,4.916,0.097,0.106,30450.265,17458.004,14033.258,2017,September,Tuesday,0
6433,2017-09-26 01:00:00,19.013,87.65,4.915,0.084,0.137,28428.319,16104.574,13092.87,2017,September,Tuesday,1
6434,2017-09-26 02:00:00,18.737,88.683,4.915,0.083,0.138,27528.85,15511.435,12772.217,2017,September,Tuesday,2
6435,2017-09-26 03:00:00,18.538,89.567,4.916,0.084,0.129,26797.168,15477.755,12818.304,2017,September,Tuesday,3
6436,2017-09-26 04:00:00,18.597,90.117,4.916,0.091,0.12,27242.124,15828.274,13059.53,2017,September,Tuesday,4
6437,2017-09-26 05:00:00,18.5,90.183,4.917,0.083,0.114,26810.973,16294.179,11964.208,2017,September,Tuesday,5
6438,2017-09-26 06:00:00,18.168,89.85,4.916,0.111,0.153,25915.752,15903.742,9497.038,2017,September,Tuesday,6
6439,2017-09-26 07:00:00,17.642,90.333,4.914,20.986,17.303,26385.133,17999.376,9956.936,2017,September,Tuesday,7
6440,2017-09-26 08:00:00,18.973,89.75,4.913,194.3,86.25,26246.018,20777.339,10895.363,2017,September,Tuesday,8
6441,2017-09-26 09:00:00,21.098,85.15,4.915,403.417,136.733,28382.655,23583.992,11442.533,2017,September,Tuesday,9
6442,2017-09-26 10:00:00,22.475,73.615,4.916,579.117,75.008,31012.035,24462.162,12570.215,2017,September,Tuesday,10
6443,2017-09-26 11:00:00,23.14,65.167,4.921,674.867,48.557,32550.796,24284.407,14323.514,2017,September,Tuesday,11
6444,2017-09-26 12:00:00,23.682,60.653,4.936,736.0,40.085,33681.77,23453.015,14998.161,2017,September,Tuesday,12
6445,2017-09-26 13:00:00,23.888,61.56,5.007,744.167,37.475,33869.735,23967.568,14653.973,2017,September,Tuesday,13
6446,2017-09-26 14:00:00,23.648,64.618,5.004,690.35,37.918,34104.425,24007.484,14431.379,2017,September,Tuesday,14
6447,2017-09-26 15:00:00,23.338,67.992,4.987,581.117,40.165,35273.628,23171.726,14356.854,2017,September,Tuesday,15
6448,2017-09-26 16:00:00,23.23,67.442,4.931,429.167,37.208,35026.195,22438.254,14271.542,2017,September,Tuesday,16
6449,2017-09-26 17:00:00,23.06,66.512,4.931,248.367,35.088,36576.637,22513.098,14824.597,2017,September,Tuesday,17
6450,2017-09-26 18:00:00,22.73,66.908,4.921,77.373,71.815,44837.522,26900.208,20128.621,2017,September,Tuesday,18
6451,2017-09-26 19:00:00,22.228,68.372,4.929,2.206,1.935,48050.973,28309.148,21150.398,2017,September,Tuesday,19
6452,2017-09-26 20:00:00,21.892,69.817,4.941,0.087,0.087,47207.788,27442.827,20627.743,2017,September,Tuesday,20
6453,2017-09-26 21:00:00,21.455,73.883,4.921,0.084,0.092,44267.257,25721.414,19716.772,2017,September,Tuesday,21
6454,2017-09-26 22:00:00,21.085,77.917,4.918,0.068,0.115,39539.469,22904.158,17915.424,2017,September,Tuesday,22
6455,2017-09-26 23:00:00,20.89,79.317,4.916,0.073,0.117,34476.106,19841.788,15957.181,2017,September,Tuesday,23
6456,2017-09-27 00:00:00,20.638,82.283,4.913,0.073,0.103,31063.009,17600.832,14540.225,2017,September,Wednesday,0
6457,2017-09-27 01:00:00,20.56,83.233,4.914,0.067,0.107,28981.593,16458.836,13546.885,2017,September,Wednesday,1
6458,2017-09-27 02:00:00,21.14,74.733,4.916,0.062,0.121,27892.035,16056.549,13018.345,2017,September,Wednesday,2
6459,2017-09-27 03:00:00,20.845,76.833,4.916,0.057,0.135,27476.814,15621.206,12829.091,2017,September,Wednesday,3
6460,2017-09-27 04:00:00,20.572,80.933,4.913,0.057,0.121,27793.274,15878.17,13641.021,2017,September,Wednesday,4
6461,2017-09-27 05:00:00,20.447,83.833,4.913,0.067,0.124,27490.619,16381.497,12644.74,2017,September,Wednesday,5
6462,2017-09-27 06:00:00,19.82,87.05,4.912,0.093,0.158,26523.186,16395.218,10274.648,2017,September,Wednesday,6
6463,2017-09-27 07:00:00,19.657,88.9,4.911,26.393,14.977,28082.124,17417.464,9891.236,2017,September,Wednesday,7
6464,2017-09-27 08:00:00,20.257,87.75,4.911,167.333,48.308,30900.531,19169.439,10764.944,2017,September,Wednesday,8
6465,2017-09-27 09:00:00,22.353,71.345,4.915,300.633,75.335,33692.389,20734.304,11702.39,2017,September,Wednesday,9
6466,2017-09-27 10:00:00,23.618,60.403,4.921,309.117,108.683,36396.106,22161.331,12484.903,2017,September,Wednesday,10
6467,2017-09-27 11:00:00,23.78,61.788,4.925,524.817,112.05,38014.513,22686.486,13220.347,2017,September,Wednesday,11
6468,2017-09-27 12:00:00,24.085,58.702,4.927,541.917,131.683,38318.23,23000.832,13871.461,2017,September,Wednesday,12
6469,2017-09-27 13:00:00,24.353,61.108,4.929,741.0,119.683,37641.77,23279.002,13925.393,2017,September,Wednesday,13
6470,2017-09-27 14:00:00,24.352,63.083,4.921,651.283,121.6,37578.053,23607.069,13975.403,2017,September,Wednesday,14
6471,2017-09-27 15:00:00,23.912,66.745,4.922,352.717,144.983,36581.947,22790.644,13944.025,2017,September,Wednesday,15
6472,2017-09-27 16:00:00,23.098,72.4,4.925,200.667,165.633,35938.407,22359.667,13821.45,2017,September,Wednesday,16
6473,2017-09-27 17:00:00,23.002,75.15,4.921,251.15,161.55,38288.496,23297.713,15034.443,2017,September,Wednesday,17
6474,2017-09-27 18:00:00,22.443,78.767,4.926,49.398,43.853,45638.23,27364.865,19844.249,2017,September,Wednesday,18
6475,2017-09-27 19:00:00,22.257,78.6,4.922,0.738,0.625,48035.044,28572.973,21048.417,2017,September,Wednesday,19
6476,2017-09-27 20:00:00,22.413,76.95,4.92,0.07,0.12,46793.628,27764.657,20395.342,2017,September,Wednesday,20
6477,2017-09-27 21:00:00,22.278,79.1,4.918,0.067,0.139,43769.204,25935.343,19061.736,2017,September,Wednesday,21
6478,2017-09-27 22:00:00,21.76,82.267,4.918,0.06,0.125,38865.133,22816.84,17341.777,2017,September,Wednesday,22
6479,2017-09-27 23:00:00,21.277,80.317,4.917,0.066,0.127,33728.496,19740.748,15347.252,2017,September,Wednesday,23
6480,2017-09-28 00:00:00,20.755,79.717,4.916,0.066,0.114,30121.062,17799.168,14177.406,2017,September,Thursday,0
6481,2017-09-28 01:00:00,20.727,74.333,4.917,0.078,0.116,28038.584,16551.143,13762.615,2017,September,Thursday,1
6482,2017-09-28 02:00:00,21.357,66.803,4.917,0.067,0.127,27366.372,16080.873,13423.33,2017,September,Thursday,2
6483,2017-09-28 03:00:00,21.265,69.747,4.919,0.084,0.115,26802.478,15999.168,13248.784,2017,September,Thursday,3
6484,2017-09-28 04:00:00,20.893,74.733,4.917,0.074,0.125,27275.044,16458.836,13702.799,2017,September,Thursday,4
6485,2017-09-28 05:00:00,20.577,78.1,4.915,0.069,0.107,27322.832,17121.83,10964.004,2017,September,Thursday,5
6486,2017-09-28 06:00:00,20.003,83.3,4.914,0.065,0.112,26555.044,17742.412,9226.394,2017,September,Thursday,6
6487,2017-09-28 07:00:00,19.768,83.6,4.912,15.14,12.009,28084.248,19342.204,8185.986,2017,September,Thursday,7
6488,2017-09-28 08:00:00,20.403,81.117,4.915,162.375,55.743,30078.584,21630.561,8761.593,2017,September,Thursday,8
6489,2017-09-28 09:00:00,20.672,81.917,4.915,232.567,89.365,32623.009,23610.811,9867.702,2017,September,Thursday,9
6490,2017-09-28 10:00:00,21.847,74.96,4.916,557.383,58.722,36286.726,24771.518,10769.847,2017,September,Thursday,10
6491,2017-09-28 11:00:00,23.113,64.513,4.922,683.867,91.382,37676.814,25422.661,11277.794,2017,September,Thursday,11
6492,2017-09-28 12:00:00,23.528,61.972,4.923,721.75,60.98,38305.487,25506.861,11683.759,2017,September,Thursday,12
6493,2017-09-28 13:00:00,23.592,59.728,4.923,685.4,89.338,37785.133,26100.0,11534.709,2017,September,Thursday,13
6494,2017-09-28 14:00:00,23.397,61.453,4.92,311.7,179.7,36957.876,26158.004,11291.522,2017,September,Thursday,14
6495,2017-09-28 15:00:00,22.412,67.328,4.921,327.7,197.517,36006.372,25312.266,11120.899,2017,September,Thursday,15
6496,2017-09-28 16:00:00,22.82,65.3,4.92,369.233,126.617,35336.283,24667.983,11040.49,2017,September,Thursday,16
6497,2017-09-28 17:00:00,22.305,69.24,4.923,105.217,79.31,36185.841,24865.696,11534.709,2017,September,Thursday,17
6498,2017-09-28 18:00:00,22.003,72.183,4.922,95.322,73.02,44376.637,30407.277,15746.353,2017,September,Thursday,18
6499,2017-09-28 19:00:00,21.385,76.1,4.924,2.627,2.152,47207.788,32401.247,16931.89,2017,September,Thursday,19
6500,2017-09-28 20:00:00,20.952,78.433,4.92,0.069,0.102,46498.407,31715.8,16834.811,2017,September,Thursday,20
6501,2017-09-28 21:00:00,20.065,82.75,4.918,0.076,0.121,43610.973,29855.925,16165.066,2017,September,Thursday,21
6502,2017-09-28 22:00:00,19.957,84.2,4.917,0.058,0.132,38723.894,26340.125,14512.768,2017,September,Thursday,22
6503,2017-09-28 23:00:00,20.282,83.567,4.916,0.066,0.117,33716.814,23103.119,12884.004,2017,September,Thursday,23
6504,2017-09-29 00:00:00,19.923,84.5,4.916,0.075,0.117,30489.558,20544.075,11647.477,2017,September,Friday,0
6505,2017-09-29 01:00:00,19.762,85.383,4.916,0.08,0.123,28452.743,18803.95,10524.699,2017,September,Friday,1
6506,2017-09-29 02:00:00,19.79,84.6,4.916,0.078,0.122,27331.327,18478.378,9900.061,2017,September,Friday,2
6507,2017-09-29 03:00:00,19.72,84.483,4.916,0.081,0.102,27005.31,18089.189,9745.128,2017,September,Friday,3
6508,2017-09-29 04:00:00,19.583,85.2,4.916,0.07,0.131,27470.442,18337.422,10194.239,2017,September,Friday,4
6509,2017-09-29 05:00:00,18.652,86.383,4.914,0.066,0.135,27367.434,18592.516,9551.951,2017,September,Friday,5
6510,2017-09-29 06:00:00,17.298,86.4,4.916,0.082,0.132,26449.912,18213.929,7845.72,2017,September,Friday,6
6511,2017-09-29 07:00:00,17.142,85.7,4.916,19.499,14.905,27620.177,19390.852,7736.874,2017,September,Friday,7
6512,2017-09-29 08:00:00,17.735,84.633,4.916,85.54,70.725,30468.319,21545.738,8512.523,2017,September,Friday,8
6513,2017-09-29 09:00:00,18.713,82.983,4.917,174.583,115.883,33910.088,23410.603,9162.656,2017,September,Friday,9
6514,2017-09-29 10:00:00,20.852,78.783,4.917,522.083,63.577,36142.301,24631.809,9924.576,2017,September,Friday,10
6515,2017-09-29 11:00:00,23.0,68.31,4.92,651.833,61.53,37212.743,25652.183,10888.498,2017,September,Friday,11
6516,2017-09-29 12:00:00,23.503,65.202,4.922,711.75,62.972,36294.159,25422.661,11276.813,2017,September,Friday,12
6517,2017-09-29 13:00:00,24.07,60.873,4.924,719.0,57.022,36075.398,25228.69,11356.241,2017,September,Friday,13
6518,2017-09-29 14:00:00,24.438,57.897,4.922,662.067,50.29,35544.425,24778.378,10950.276,2017,September,Friday,14
6519,2017-09-29 15:00:00,24.738,55.625,4.921,556.917,50.295,34757.522,22357.796,12544.719,2017,September,Friday,15
6520,2017-09-29 16:00:00,24.752,54.527,4.92,383.467,60.263,34351.858,20963.202,12897.732,2017,September,Friday,16
6521,2017-09-29 17:00:00,24.317,57.218,4.92,225.283,60.72,34925.31,21278.17,13275.26,2017,September,Friday,17
6522,2017-09-29 18:00:00,23.535,63.022,4.923,70.97,44.887,43147.965,26327.651,18296.874,2017,September,Friday,18
6523,2017-09-29 19:00:00,22.542,65.582,4.922,1.264,1.089,46554.69,28250.52,19871.706,2017,September,Friday,19
6524,2017-09-29 20:00:00,20.903,73.433,4.921,0.091,0.079,45869.735,27744.699,20033.504,2017,September,Friday,20
6525,2017-09-29 21:00:00,19.623,77.217,4.922,0.095,0.093,43556.814,26132.432,19154.893,2017,September,Friday,21
6526,2017-09-29 22:00:00,19.007,78.767,4.924,0.09,0.083,39338.761,23445.53,17443.759,2017,September,Friday,22
6527,2017-09-29 23:00:00,18.448,80.35,4.922,0.085,0.096,34099.115,20370.686,15628.682,2017,September,Friday,23
6528,2017-09-30 00:00:00,17.883,81.517,4.92,0.076,0.108,30357.876,18315.593,14092.094,2017,September,Saturday,0
6529,2017-09-30 01:00:00,17.462,82.717,4.919,0.074,0.122,28207.434,16715.177,13072.278,2017,September,Saturday,1
6530,2017-09-30 02:00:00,17.327,84.467,4.917,0.067,0.136,27106.195,15985.447,12779.081,2017,September,Saturday,2
6531,2017-09-30 03:00:00,16.82,85.717,4.919,0.076,0.126,26915.044,15754.678,12881.062,2017,September,Saturday,3
6532,2017-09-30 04:00:00,16.11,85.333,4.921,0.077,0.132,27380.177,16227.443,13035.015,2017,September,Saturday,4
6533,2017-09-30 05:00:00,15.898,81.0,4.918,0.065,0.112,26496.637,16044.699,11562.165,2017,September,Saturday,5
6534,2017-09-30 06:00:00,15.833,77.95,4.918,0.08,0.108,24387.611,14646.362,9270.521,2017,September,Saturday,6
6535,2017-09-30 07:00:00,16.028,76.25,4.92,16.778,13.403,25205.31,15807.692,9091.073,2017,September,Saturday,7
6536,2017-09-30 08:00:00,16.997,75.483,4.921,135.917,76.885,25530.265,18021.206,9802.983,2017,September,Saturday,8
6537,2017-09-30 09:00:00,20.628,78.683,4.918,299.1,139.933,28381.593,20091.892,11173.851,2017,September,Saturday,9
6538,2017-09-30 10:00:00,22.165,76.35,4.917,515.05,104.55,31069.381,21499.584,12222.104,2017,September,Saturday,10
6539,2017-09-30 11:00:00,23.3,70.025,4.924,651.4,67.395,32345.841,22102.703,12862.431,2017,September,Saturday,11
6540,2017-09-30 12:00:00,23.735,65.938,4.923,707.05,54.908,32590.088,22675.26,13281.144,2017,September,Saturday,12
6541,2017-09-30 13:00:00,23.79,65.163,4.923,706.55,51.212,32114.336,22297.297,13799.877,2017,September,Saturday,13
6542,2017-09-30 14:00:00,23.902,65.668,4.923,650.717,51.605,31333.805,21938.046,13775.363,2017,September,Saturday,14
6543,2017-09-30 15:00:00,23.678,68.235,4.921,552.183,62.83,27793.274,22070.894,13709.663,2017,September,Saturday,15
6544,2017-09-30 16:00:00,23.588,69.623,4.924,403.633,57.453,28722.478,22781.913,13649.847,2017,September,Saturday,16
6545,2017-09-30 17:00:00,23.063,71.583,4.919,223.95,41.232,31598.23,21087.942,14211.726,2017,September,Saturday,17
6546,2017-09-30 18:00:00,22.567,73.267,4.92,63.78,32.02,40024.779,25864.865,19323.555,2017,September,Saturday,18
6547,2017-09-30 19:00:00,21.995,76.367,4.924,1.23,1.102,42151.858,26474.22,19805.026,2017,September,Saturday,19
6548,2017-09-30 20:00:00,21.182,79.133,4.922,0.094,0.082,41875.752,25674.012,20146.272,2017,September,Saturday,20
6549,2017-09-30 21:00:00,19.528,82.867,4.921,0.083,0.094,40586.549,24197.089,19413.769,2017,September,Saturday,21
6550,2017-09-30 22:00:00,18.738,85.467,4.923,0.082,0.103,38609.204,22242.412,18022.308,2017,September,Saturday,22
6551,2017-09-30 23:00:00,18.405,87.267,4.918,0.067,0.129,34486.726,19518.711,15768.907,2017,September,Saturday,23
6552,2017-10-01 00:00:00,18.127,88.5,4.916,0.063,0.144,30292.516,17084.44,14278.419,2017,October,Sunday,0
6553,2017-10-01 01:00:00,18.813,89.183,4.915,0.068,0.105,28481.751,15637.344,13413.739,2017,October,Sunday,1
6554,2017-10-01 02:00:00,19.2,89.583,4.914,0.074,0.127,27012.341,14888.589,12620.061,2017,October,Sunday,2
6555,2017-10-01 03:00:00,19.065,89.85,4.914,0.071,0.126,26735.055,14566.183,12240.729,2017,October,Sunday,3
6556,2017-10-01 04:00:00,17.892,89.117,4.917,0.076,0.132,27211.904,14610.996,12650.213,2017,October,Sunday,4
6557,2017-10-01 05:00:00,17.958,87.0,4.917,0.066,0.128,24652.254,13768.88,11932.401,2017,October,Sunday,5
6558,2017-10-01 06:00:00,18.025,85.733,4.916,0.084,0.132,22125.164,11426.763,8461.033,2017,October,Sunday,6
6559,2017-10-01 07:00:00,17.777,84.9,4.916,17.079,13.896,23137.681,11906.639,8549.544,2017,October,Sunday,7
6560,2017-10-01 08:00:00,17.6,85.983,4.915,133.805,74.16,25755.098,13629.461,9405.471,2017,October,Sunday,8
6561,2017-10-01 09:00:00,18.573,83.467,4.916,371.067,55.135,29119.3,15550.83,10568.754,2017,October,Sunday,9
6562,2017-10-01 10:00:00,21.19,71.525,4.918,531.517,60.367,32066.521,16921.369,11680.486,2017,October,Sunday,10
6563,2017-10-01 11:00:00,24.605,55.857,4.924,642.733,56.087,33733.392,17800.207,12747.477,2017,October,Sunday,11
6564,2017-10-01 12:00:00,27.473,40.247,4.924,705.35,63.842,34217.593,18331.12,13309.666,2017,October,Sunday,12
6565,2017-10-01 13:00:00,27.035,41.968,4.92,685.0,68.108,34208.14,18505.394,13438.055,2017,October,Sunday,13
6566,2017-10-01 14:00:00,26.455,47.165,4.923,622.433,148.833,33777.505,18202.282,13320.365,2017,October,Sunday,14
6567,2017-10-01 15:00:00,25.813,51.122,4.92,531.5,83.815,32273.435,17647.718,13013.982,2017,October,Sunday,15
6568,2017-10-01 16:00:00,25.875,48.157,4.918,394.3,39.583,32083.326,17414.315,12769.848,2017,October,Sunday,16
6569,2017-10-01 17:00:00,25.768,48.962,4.919,213.417,38.638,33640.963,18328.631,13566.444,2017,October,Sunday,17
6570,2017-10-01 18:00:00,24.86,50.595,4.921,48.79,23.903,42252.604,23512.656,18042.553,2017,October,Sunday,18
6571,2017-10-01 19:00:00,22.883,60.625,4.923,0.698,0.6,44797.549,25000.207,19456.778,2017,October,Sunday,19
6572,2017-10-01 20:00:00,21.437,65.507,4.921,0.081,0.074,44711.422,25005.187,19279.757,2017,October,Sunday,20
6573,2017-10-01 21:00:00,21.077,66.39,4.919,0.089,0.083,42891.204,24334.232,18701.033,2017,October,Sunday,21
6574,2017-10-01 22:00:00,21.125,64.198,4.921,0.088,0.092,37958.862,21648.548,17267.356,2017,October,Sunday,22
6575,2017-10-01 23:00:00,21.115,61.975,4.919,0.094,0.089,33024.42,18581.95,14888.267,2017,October,Sunday,23
6576,2017-10-02 00:00:00,20.47,64.248,4.92,0.092,0.075,29201.225,16619.502,13482.796,2017,October,Monday,0
6577,2017-10-02 01:00:00,19.923,68.18,4.922,0.094,0.074,27113.173,15441.909,12635.623,2017,October,Monday,1
6578,2017-10-02 02:00:00,19.815,69.923,4.92,0.087,0.099,26194.136,14945.228,12332.158,2017,October,Monday,2
6579,2017-10-02 03:00:00,19.898,70.9,4.919,0.09,0.091,25892.691,14726.141,12444.985,2017,October,Monday,3
6580,2017-10-02 04:00:00,19.733,69.583,4.919,0.073,0.12,26592.21,15346.68,12599.635,2017,October,Monday,4
6581,2017-10-02 05:00:00,19.332,65.835,4.919,0.079,0.091,26554.398,16115.353,11515.137,2017,October,Monday,5
6582,2017-10-02 06:00:00,19.277,61.925,4.918,0.098,0.075,25479.912,16027.593,9177.872,2017,October,Monday,6
6583,2017-10-02 07:00:00,19.352,58.558,4.922,9.966,8.258,27316.937,16133.402,9252.766,2017,October,Monday,7
6584,2017-10-02 08:00:00,19.93,56.715,4.922,79.807,63.243,29865.033,18336.1,10072.705,2017,October,Monday,8
6585,2017-10-02 09:00:00,21.872,50.875,4.921,333.0,127.683,32202.013,20591.079,11144.559,2017,October,Monday,9
6586,2017-10-02 10:00:00,25.297,38.855,4.923,542.45,107.483,34913.961,21799.17,11854.59,2017,October,Monday,10
6587,2017-10-02 11:00:00,27.708,30.635,4.92,454.817,197.2,36427.484,22491.909,12623.951,2017,October,Monday,11
6588,2017-10-02 12:00:00,28.658,28.848,4.925,526.95,312.683,37297.155,22554.149,13197.812,2017,October,Monday,12
6589,2017-10-02 13:00:00,28.802,30.472,4.922,623.5,289.083,36456.893,22606.432,13293.131,2017,October,Monday,13
6590,2017-10-02 14:00:00,29.495,30.877,4.924,662.85,154.267,36082.976,22719.087,13105.41,2017,October,Monday,14
6591,2017-10-02 15:00:00,27.907,43.53,4.92,433.417,156.883,34663.982,21976.556,12877.812,2017,October,Monday,15
6592,2017-10-02 16:00:00,26.693,45.845,4.922,396.4,93.167,34777.418,20527.593,12743.587,2017,October,Monday,16
6593,2017-10-02 17:00:00,25.825,47.982,4.92,159.067,81.248,35773.129,20760.373,13623.83,2017,October,Monday,17
6594,2017-10-02 18:00:00,24.79,53.562,4.921,52.698,37.587,45107.396,25752.075,19280.729,2017,October,Monday,18
6595,2017-10-02 19:00:00,24.928,50.477,4.923,0.406,0.351,47323.589,26658.921,20013.131,2017,October,Monday,19
6596,2017-10-02 20:00:00,24.435,50.547,4.92,0.094,0.096,46412.954,26444.191,19486.93,2017,October,Monday,20
6597,2017-10-02 21:00:00,23.85,50.162,4.92,0.092,0.088,43624.333,24395.851,18568.754,2017,October,Monday,21
6598,2017-10-02 22:00:00,22.847,63.782,4.923,0.087,0.101,38344.333,21541.494,16553.435,2017,October,Monday,22
6599,2017-10-02 23:00:00,21.977,64.298,4.92,0.093,0.097,33174.617,18668.465,15000.122,2017,October,Monday,23
6600,2017-10-03 00:00:00,22.042,61.125,4.926,0.099,0.087,29719.037,16757.054,13486.687,2017,October,Tuesday,0
6601,2017-10-03 01:00:00,21.468,61.815,4.921,0.093,0.098,27782.232,15618.672,12363.283,2017,October,Tuesday,1
6602,2017-10-03 02:00:00,21.023,58.618,4.92,0.1,0.095,26801.225,15343.568,11896.413,2017,October,Tuesday,2
6603,2017-10-03 03:00:00,20.213,59.598,4.928,0.102,0.074,26232.998,15239.627,11537.508,2017,October,Tuesday,3
6604,2017-10-03 04:00:00,19.247,62.632,4.923,0.099,0.08,26368.49,15475.519,11712.584,2017,October,Tuesday,4
6605,2017-10-03 05:00:00,18.968,62.52,4.923,0.1,0.083,26954.573,16242.946,11377.021,2017,October,Tuesday,5
6606,2017-10-03 06:00:00,18.793,63.23,4.921,0.102,0.085,25892.691,16298.34,9173.009,2017,October,Tuesday,6
6607,2017-10-03 07:00:00,18.603,64.038,4.924,17.29,13.715,27803.239,17257.469,9136.049,2017,October,Tuesday,7
6608,2017-10-03 08:00:00,19.322,64.565,4.926,108.903,69.902,30718.95,19132.158,10207.903,2017,October,Tuesday,8
6609,2017-10-03 09:00:00,22.127,60.115,4.93,276.317,130.917,33839.475,20808.921,11246.687,2017,October,Tuesday,9
6610,2017-10-03 10:00:00,24.36,51.102,4.967,440.05,145.75,36216.368,21947.925,11925.593,2017,October,Tuesday,10
6611,2017-10-03 11:00:00,26.762,44.077,4.93,553.867,172.467,37716.236,22758.299,12348.693,2017,October,Tuesday,11
6612,2017-10-03 12:00:00,27.443,42.913,4.923,644.15,147.933,37593.348,22969.917,12897.264,2017,October,Tuesday,12
6613,2017-10-03 13:00:00,27.697,41.447,4.922,574.383,178.417,37434.748,23259.336,12875.866,2017,October,Tuesday,13
6614,2017-10-03 14:00:00,27.552,40.518,4.92,523.95,190.2,36957.899,23252.49,12905.046,2017,October,Tuesday,14
6615,2017-10-03 15:00:00,27.363,41.02,4.921,392.5,173.117,35576.718,22437.137,12856.413,2017,October,Tuesday,15
6616,2017-10-03 16:00:00,27.06,42.063,4.92,290.117,142.267,35035.799,21679.046,12977.994,2017,October,Tuesday,16
6617,2017-10-03 17:00:00,26.3,45.343,4.919,134.1,86.503,35940.131,21881.328,13921.459,2017,October,Tuesday,17
6618,2017-10-03 18:00:00,25.233,50.06,4.92,40.337,32.665,44730.328,27214.73,19021.033,2017,October,Tuesday,18
6619,2017-10-03 19:00:00,24.792,52.918,4.921,0.441,0.361,46952.823,28459.544,19807.903,2017,October,Tuesday,19
6620,2017-10-03 20:00:00,24.082,55.205,4.922,0.09,0.079,46119.912,28028.838,19723.283,2017,October,Tuesday,20
6621,2017-10-03 21:00:00,23.557,56.043,4.922,0.085,0.091,42975.23,25755.809,18445.228,2017,October,Tuesday,21
6622,2017-10-03 22:00:00,23.367,56.585,4.921,0.088,0.09,37736.193,22505.602,16980.426,2017,October,Tuesday,22
6623,2017-10-03 23:00:00,24.117,49.81,4.92,0.09,0.094,32666.258,19410.373,14811.429,2017,October,Tuesday,23
6624,2017-10-04 00:00:00,24.185,47.072,4.92,0.093,0.084,29666.521,17362.656,13363.161,2017,October,Wednesday,0
6625,2017-10-04 01:00:00,25.038,38.163,4.92,0.091,0.083,27659.344,16152.075,12462.492,2017,October,Wednesday,1
6626,2017-10-04 02:00:00,24.953,38.628,4.921,0.088,0.096,26776.018,15850.207,12335.076,2017,October,Wednesday,2
6627,2017-10-04 03:00:00,26.12,48.067,4.923,0.098,0.093,26545.996,15506.639,12180.426,2017,October,Wednesday,3
6628,2017-10-04 04:00:00,25.263,49.033,4.922,0.097,0.09,27071.16,15859.544,11999.514,2017,October,Wednesday,4
6629,2017-10-04 05:00:00,24.522,52.305,4.919,0.096,0.093,27310.635,16437.759,11561.824,2017,October,Wednesday,5
6630,2017-10-04 06:00:00,24.31,53.083,4.922,0.097,0.085,25696.28,16040.664,9357.812,2017,October,Wednesday,6
6631,2017-10-04 07:00:00,24.575,51.285,4.924,6.205,5.163,27166.74,17210.166,8955.137,2017,October,Wednesday,7
6632,2017-10-04 08:00:00,25.023,50.172,4.922,116.985,69.532,30285.164,19114.73,9749.787,2017,October,Wednesday,8
6633,2017-10-04 09:00:00,26.378,47.277,4.923,327.917,148.7,33227.133,20693.154,10885.836,2017,October,Wednesday,9
6634,2017-10-04 10:00:00,28.255,42.285,4.928,316.083,168.967,33147.309,24124.481,12195.988,2017,October,Wednesday,10
6635,2017-10-04 11:00:00,28.743,40.925,4.928,469.583,242.433,34294.267,25668.05,12854.468,2017,October,Wednesday,11
6636,2017-10-04 12:00:00,28.742,41.908,4.93,231.85,186.583,37441.05,23326.556,13262.006,2017,October,Wednesday,12
6637,2017-10-04 13:00:00,26.575,53.313,4.922,224.55,181.5,37090.241,23454.149,13377.751,2017,October,Wednesday,13
6638,2017-10-04 14:00:00,25.788,57.575,4.925,144.45,120.967,36348.709,23162.241,13233.799,2017,October,Wednesday,14
6639,2017-10-04 15:00:00,24.96,61.88,4.924,193.483,153.217,35411.816,22310.788,13120.0,2017,October,Wednesday,15
6640,2017-10-04 16:00:00,24.743,63.037,4.923,140.367,114.57,34734.354,21647.303,13258.116,2017,October,Wednesday,16
6641,2017-10-04 17:00:00,25.407,60.858,4.921,118.717,90.117,36243.676,21873.237,14319.271,2017,October,Wednesday,17
6642,2017-10-04 18:00:00,25.463,59.28,4.923,28.966,24.175,45205.077,26854.979,18722.432,2017,October,Wednesday,18
6643,2017-10-04 19:00:00,24.525,62.527,4.925,0.729,0.636,47056.805,27898.755,19492.766,2017,October,Wednesday,19
6644,2017-10-04 20:00:00,24.917,61.693,4.923,0.104,0.083,46047.44,27345.436,19461.641,2017,October,Wednesday,20
6645,2017-10-04 21:00:00,24.892,60.188,4.921,0.091,0.09,42731.554,25374.274,18724.377,2017,October,Wednesday,21
6646,2017-10-04 22:00:00,24.252,61.903,4.92,0.084,0.094,37520.875,22510.581,16755.745,2017,October,Wednesday,22
6647,2017-10-04 23:00:00,23.51,63.443,4.921,0.091,0.106,32647.352,19706.639,15117.812,2017,October,Wednesday,23
6648,2017-10-05 00:00:00,23.462,62.287,4.92,0.093,0.105,29798.862,17634.647,14148.085,2017,October,Thursday,0
6649,2017-10-05 01:00:00,23.34,61.973,4.921,0.093,0.095,27740.219,16290.871,13234.772,2017,October,Thursday,1
6650,2017-10-05 02:00:00,23.703,60.22,4.921,0.095,0.095,26845.339,15984.025,12451.793,2017,October,Thursday,2
6651,2017-10-05 03:00:00,24.192,57.537,4.917,0.092,0.105,26678.337,15699.585,11965.471,2017,October,Thursday,3
6652,2017-10-05 04:00:00,24.257,56.698,4.919,0.093,0.098,27294.88,16063.071,12124.985,2017,October,Thursday,4
6653,2017-10-05 05:00:00,24.073,59.175,4.919,0.091,0.099,27248.665,16546.68,11780.669,2017,October,Thursday,5
6654,2017-10-05 06:00:00,23.46,65.073,4.917,0.088,0.105,26137.418,16605.809,9317.933,2017,October,Thursday,6
6655,2017-10-05 07:00:00,23.378,67.133,4.917,22.007,15.118,27537.505,17416.805,9493.982,2017,October,Thursday,7
6656,2017-10-05 08:00:00,23.512,68.95,4.917,170.677,92.758,30542.495,19409.751,10530.821,2017,October,Thursday,8
6657,2017-10-05 09:00:00,24.607,64.822,4.922,433.767,166.167,32288.14,22462.656,11743.708,2017,October,Thursday,9
6658,2017-10-05 10:00:00,25.612,58.058,4.922,382.4,147.65,34791.072,23592.324,12100.669,2017,October,Thursday,10
6659,2017-10-05 11:00:00,26.537,51.21,4.924,471.6,168.133,36024.158,24673.444,12707.599,2017,October,Thursday,11
6660,2017-10-05 12:00:00,26.813,49.97,4.925,216.8,126.267,36732.079,25061.826,13869.909,2017,October,Thursday,12
6661,2017-10-05 13:00:00,27.405,47.423,4.924,439.867,102.183,36193.26,25063.693,13639.392,2017,October,Thursday,13
6662,2017-10-05 14:00:00,27.715,46.445,4.926,464.833,96.567,35472.735,24891.286,13484.742,2017,October,Thursday,14
6663,2017-10-05 15:00:00,27.045,50.818,4.924,286.933,94.133,34391.947,23981.95,13311.611,2017,October,Thursday,15
6664,2017-10-05 16:00:00,26.958,51.312,4.924,343.05,68.307,33482.363,23083.817,13175.441,2017,October,Thursday,16
6665,2017-10-05 17:00:00,26.393,53.693,4.922,186.817,52.66,34883.501,23386.929,14210.334,2017,October,Thursday,17
6666,2017-10-05 18:00:00,25.233,55.782,4.923,41.803,20.799,43146.433,29362.656,19426.626,2017,October,Thursday,18
6667,2017-10-05 19:00:00,24.347,56.575,4.922,0.282,0.266,44871.072,30391.494,20035.502,2017,October,Thursday,19
6668,2017-10-05 20:00:00,23.575,61.002,4.92,0.091,0.094,44153.698,29641.494,19776.778,2017,October,Thursday,20
6669,2017-10-05 21:00:00,22.87,64.432,4.922,0.094,0.099,41075.186,27280.083,18326.565,2017,October,Thursday,21
6670,2017-10-05 22:00:00,22.195,67.11,4.92,0.085,0.116,36019.956,24069.71,17014.468,2017,October,Thursday,22
6671,2017-10-05 23:00:00,21.72,67.817,4.921,0.078,0.106,31245.164,21440.664,15342.492,2017,October,Thursday,23
6672,2017-10-06 00:00:00,21.302,66.707,4.919,0.083,0.111,28080.525,19211.203,14104.316,2017,October,Friday,0
6673,2017-10-06 01:00:00,20.662,68.68,4.919,0.074,0.124,26139.519,17833.195,13208.511,2017,October,Friday,1
6674,2017-10-06 02:00:00,20.36,69.775,4.919,0.075,0.119,25259.344,17322.199,12758.176,2017,October,Friday,2
6675,2017-10-06 03:00:00,20.013,70.43,4.918,0.065,0.123,24830.81,16929.461,12539.331,2017,October,Friday,3
6676,2017-10-06 04:00:00,20.043,70.893,4.918,0.078,0.116,25573.392,17048.963,11343.951,2017,October,Friday,4
6677,2017-10-06 05:00:00,19.725,70.737,4.918,0.067,0.111,26215.142,17891.079,11014.225,2017,October,Friday,5
6678,2017-10-06 06:00:00,19.713,70.683,4.917,0.082,0.116,25114.398,17446.058,9232.34,2017,October,Friday,6
6679,2017-10-06 07:00:00,19.227,71.083,4.918,33.756,18.866,26915.711,17996.266,9433.678,2017,October,Friday,7
6680,2017-10-06 08:00:00,19.247,70.723,4.918,125.483,83.98,30462.67,19150.207,10395.623,2017,October,Friday,8
6681,2017-10-06 09:00:00,20.583,66.845,4.921,245.1,102.55,33117.899,20747.925,11301.155,2017,October,Friday,9
6682,2017-10-06 10:00:00,22.313,59.688,4.92,334.133,140.938,35527.352,22387.967,12271.854,2017,October,Friday,10
6683,2017-10-06 11:00:00,23.31,52.44,4.925,286.9,231.117,37199.475,23634.025,13070.395,2017,October,Friday,11
6684,2017-10-06 12:00:00,23.787,51.297,4.921,459.45,195.967,36551.422,22971.162,13222.128,2017,October,Friday,12
6685,2017-10-06 13:00:00,25.165,44.057,4.919,601.45,217.95,36734.179,22818.672,13058.723,2017,October,Friday,13
6686,2017-10-06 14:00:00,25.625,40.775,4.919,383.55,193.15,35857.155,22738.382,13077.204,2017,October,Friday,14
6687,2017-10-06 15:00:00,25.78,41.24,4.918,440.467,150.333,32721.926,22209.336,12908.936,2017,October,Friday,15
6688,2017-10-06 16:00:00,25.877,40.018,4.917,353.167,63.448,32094.88,21515.975,12793.191,2017,October,Friday,16
6689,2017-10-06 17:00:00,24.892,42.232,4.919,197.1,36.373,34962.276,21938.589,13839.757,2017,October,Friday,17
6690,2017-10-06 18:00:00,23.495,42.377,4.92,42.208,14.451,44593.786,27376.556,19624.073,2017,October,Friday,18
6691,2017-10-06 19:00:00,21.865,43.827,4.921,0.473,0.396,46092.604,28260.996,19811.793,2017,October,Friday,19
6692,2017-10-06 20:00:00,21.07,48.6,4.921,0.097,0.075,45511.772,27928.631,19629.909,2017,October,Friday,20
6693,2017-10-06 21:00:00,20.265,52.295,4.925,0.094,0.09,43040.35,25968.05,18690.334,2017,October,Friday,21
6694,2017-10-06 22:00:00,19.398,57.493,4.926,0.085,0.088,38308.621,23220.747,17130.213,2017,October,Friday,22
6695,2017-10-06 23:00:00,18.647,60.438,4.923,0.094,0.075,33442.451,20398.755,15104.195,2017,October,Friday,23
6696,2017-10-07 00:00:00,17.93,61.042,4.92,0.082,0.113,29917.549,18235.27,13899.088,2017,October,Saturday,0
6697,2017-10-07 01:00:00,17.62,62.81,4.917,0.078,0.099,27993.348,16671.784,13298.967,2017,October,Saturday,1
6698,2017-10-07 02:00:00,16.91,64.158,4.92,0.093,0.091,26781.269,15791.079,12536.413,2017,October,Saturday,2
6699,2017-10-07 03:00:00,17.02,63.757,4.918,0.074,0.094,26204.639,15386.515,12275.745,2017,October,Saturday,3
6700,2017-10-07 04:00:00,17.04,63.07,4.921,0.077,0.08,26492.429,15530.913,12385.653,2017,October,Saturday,4
6701,2017-10-07 05:00:00,16.822,64.002,4.918,0.064,0.113,26842.188,15883.195,11953.799,2017,October,Saturday,5
6702,2017-10-07 06:00:00,16.422,65.643,4.918,0.074,0.114,24395.974,14882.365,9313.07,2017,October,Saturday,6
6703,2017-10-07 07:00:00,15.972,68.325,4.921,12.656,9.336,25742.495,15722.614,9033.921,2017,October,Saturday,7
6704,2017-10-07 08:00:00,16.522,67.588,4.922,85.642,65.318,28999.562,18131.95,10491.915,2017,October,Saturday,8
6705,2017-10-07 09:00:00,18.247,61.185,4.92,195.0,64.605,32566.477,20045.851,11903.222,2017,October,Saturday,9
6706,2017-10-07 10:00:00,21.123,51.402,4.928,513.817,41.457,34927.615,21302.49,12712.462,2017,October,Saturday,10
6707,2017-10-07 11:00:00,22.717,43.648,4.925,643.433,41.83,36331.904,22210.581,13358.298,2017,October,Saturday,11
6708,2017-10-07 12:00:00,23.717,38.632,4.921,699.25,47.007,36792.998,22634.44,13883.526,2017,October,Saturday,12
6709,2017-10-07 13:00:00,24.463,35.745,4.922,694.533,44.017,36820.306,22556.639,14008.024,2017,October,Saturday,13
6710,2017-10-07 14:00:00,25.117,33.94,4.92,638.917,45.255,36153.348,22267.22,13872.827,2017,October,Saturday,14
6711,2017-10-07 15:00:00,25.243,34.805,4.918,472.717,64.862,34967.527,21483.61,13671.489,2017,October,Saturday,15
6712,2017-10-07 16:00:00,24.955,38.437,4.92,343.383,53.438,34578.906,20999.378,13481.824,2017,October,Saturday,16
6713,2017-10-07 17:00:00,24.095,41.767,4.922,209.0,52.197,35723.764,21328.008,14576.049,2017,October,Saturday,17
6714,2017-10-07 18:00:00,22.545,44.75,4.922,43.132,18.711,44629.497,26694.398,19776.778,2017,October,Saturday,18
6715,2017-10-07 19:00:00,21.143,46.677,4.921,0.228,0.206,46259.606,27331.743,20506.261,2017,October,Saturday,19
6716,2017-10-07 20:00:00,20.247,49.915,4.92,0.097,0.061,45100.044,26373.237,20063.708,2017,October,Saturday,20
6717,2017-10-07 21:00:00,19.197,53.135,4.92,0.099,0.07,43459.431,24956.017,19239.878,2017,October,Saturday,21
6718,2017-10-07 22:00:00,18.465,56.103,4.923,0.09,0.088,38832.735,22399.17,17623.343,2017,October,Saturday,22
6719,2017-10-07 23:00:00,17.163,60.218,4.924,0.088,0.093,34150.372,19768.257,16160.486,2017,October,Saturday,23
6720,2017-10-08 00:00:00,16.362,63.5,4.919,0.085,0.076,30495.23,17565.56,14921.337,2017,October,Sunday,0
6721,2017-10-08 01:00:00,15.762,66.018,4.921,0.08,0.111,28315.799,16039.419,14071.246,2017,October,Sunday,1
6722,2017-10-08 02:00:00,15.277,68.0,4.921,0.083,0.084,27106.871,15095.851,13326.201,2017,October,Sunday,2
6723,2017-10-08 03:00:00,14.602,70.253,4.917,0.072,0.103,26310.722,14644.606,13009.119,2017,October,Sunday,3
6724,2017-10-08 04:00:00,13.977,72.3,4.917,0.068,0.092,26393.698,14525.726,13068.45,2017,October,Sunday,4
6725,2017-10-08 05:00:00,13.618,74.233,4.916,0.063,0.107,26329.628,14299.17,12144.438,2017,October,Sunday,5
6726,2017-10-08 06:00:00,13.627,75.4,4.918,0.059,0.104,22600.963,11958.921,8959.027,2017,October,Sunday,6
6727,2017-10-08 07:00:00,13.453,75.95,4.918,18.88,8.522,23140.832,12742.531,8954.164,2017,October,Sunday,7
6728,2017-10-08 08:00:00,13.86,76.05,4.92,166.033,32.962,26292.867,14777.801,10489.97,2017,October,Sunday,8
6729,2017-10-08 09:00:00,15.757,71.44,4.917,355.817,42.51,29880.788,16761.411,11668.815,2017,October,Sunday,9
6730,2017-10-08 10:00:00,18.905,61.647,4.92,492.933,86.58,32568.578,18168.672,12590.881,2017,October,Sunday,10
6731,2017-10-08 11:00:00,21.012,55.783,4.926,444.317,165.75,33909.847,18980.29,13370.942,2017,October,Sunday,11
6732,2017-10-08 12:00:00,21.71,57.842,4.925,562.6,179.0,34402.451,19560.996,13828.085,2017,October,Sunday,12
6733,2017-10-08 13:00:00,22.252,59.258,4.924,700.183,73.28,34887.702,19826.141,14097.508,2017,October,Sunday,13
6734,2017-10-08 14:00:00,22.432,59.47,4.922,623.6,58.035,33889.891,19203.112,13868.936,2017,October,Sunday,14
6735,2017-10-08 15:00:00,22.147,61.558,4.925,504.333,50.033,32899.431,18469.295,13695.805,2017,October,Sunday,15
6736,2017-10-08 16:00:00,21.89,62.852,4.922,350.233,51.66,32258.731,18376.556,13309.666,2017,October,Sunday,16
6737,2017-10-08 17:00:00,21.43,67.172,4.919,179.483,90.648,33583.195,19057.469,14308.571,2017,October,Sunday,17
6738,2017-10-08 18:00:00,21.03,70.622,2.687,34.309,20.315,42885.952,25173.859,19406.201,2017,October,Sunday,18
6739,2017-10-08 19:00:00,20.625,72.433,0.07,0.216,0.167,45721.838,26485.27,20025.775,2017,October,Sunday,19
6740,2017-10-08 20:00:00,20.353,69.822,0.07,0.09,0.086,45481.313,26188.382,19816.657,2017,October,Sunday,20
6741,2017-10-08 21:00:00,20.098,68.158,0.072,0.079,0.076,43064.508,25338.797,18936.413,2017,October,Sunday,21
6742,2017-10-08 22:00:00,18.577,74.1,0.074,0.084,0.091,37945.208,22490.041,17439.514,2017,October,Sunday,22
6743,2017-10-08 23:00:00,17.885,76.95,0.072,0.069,0.086,32895.23,19688.589,15302.614,2017,October,Sunday,23
6744,2017-10-09 00:00:00,16.817,79.15,0.07,0.068,0.114,29373.479,17609.751,13311.611,2017,October,Monday,0
6745,2017-10-09 01:00:00,16.565,80.283,0.073,0.067,0.104,27659.344,16036.307,12614.225,2017,October,Monday,1
6746,2017-10-09 02:00:00,16.413,80.483,0.086,0.074,0.108,26867.396,15694.606,12833.07,2017,October,Monday,2
6747,2017-10-09 03:00:00,15.885,81.25,0.081,0.081,0.088,26654.179,15337.967,12693.982,2017,October,Monday,3
6748,2017-10-09 04:00:00,15.723,81.65,0.083,0.063,0.142,26834.836,15639.834,12803.891,2017,October,Monday,4
6749,2017-10-09 05:00:00,15.585,81.517,0.085,0.071,0.114,27392.56,16573.444,12391.489,2017,October,Monday,5
6750,2017-10-09 06:00:00,15.872,80.917,0.087,0.058,0.1,26331.729,16438.382,10354.772,2017,October,Monday,6
6751,2017-10-09 07:00:00,16.087,79.233,0.082,13.919,10.702,27930.328,16719.71,10112.584,2017,October,Monday,7
6752,2017-10-09 08:00:00,16.503,78.4,0.088,65.84,48.702,29076.236,18316.183,10972.401,2017,October,Monday,8
6753,2017-10-09 09:00:00,17.468,75.867,0.084,151.183,104.817,29099.344,20184.025,11987.842,2017,October,Monday,9
6754,2017-10-09 10:00:00,20.157,69.645,0.081,472.467,92.563,31765.077,21318.05,12433.313,2017,October,Monday,10
6755,2017-10-09 11:00:00,23.168,62.31,0.071,590.533,127.35,35014.792,22346.888,12954.65,2017,October,Monday,11
6756,2017-10-09 12:00:00,23.452,61.722,0.074,417.367,192.633,37100.744,22822.407,13490.578,2017,October,Monday,12
6757,2017-10-09 13:00:00,22.687,66.143,0.071,296.367,186.1,37104.945,22791.286,13531.429,2017,October,Monday,13
6758,2017-10-09 14:00:00,23.017,65.872,0.068,493.033,154.3,36217.418,22793.154,13143.343,2017,October,Monday,14
6759,2017-10-09 15:00:00,22.78,69.472,0.068,342.867,148.267,35021.094,22113.485,12846.687,2017,October,Monday,15
6760,2017-10-09 16:00:00,22.732,68.607,0.068,215.7,147.583,34096.805,21707.054,12878.784,2017,October,Monday,16
6761,2017-10-09 17:00:00,22.415,70.343,0.07,55.677,47.98,36089.278,22730.913,14229.787,2017,October,Monday,17
6762,2017-10-09 18:00:00,21.715,62.872,0.086,45.834,37.268,45910.897,28061.826,19357.568,2017,October,Monday,18
6763,2017-10-09 19:00:00,21.055,65.608,0.088,0.225,0.224,46829.934,28579.046,20211.55,2017,October,Monday,19
6764,2017-10-09 20:00:00,19.868,71.85,0.085,0.064,0.122,46020.131,27606.846,19870.152,2017,October,Monday,20
6765,2017-10-09 21:00:00,20.103,75.583,0.09,0.057,0.108,42775.667,25214.938,18594.043,2017,October,Monday,21
6766,2017-10-09 22:00:00,20.623,78.067,0.085,0.07,0.117,37300.306,22117.842,16483.404,2017,October,Monday,22
6767,2017-10-09 23:00:00,20.64,82.217,0.078,0.065,0.124,32421.532,19218.672,14762.796,2017,October,Monday,23
6768,2017-10-10 00:00:00,20.593,84.633,0.073,0.048,0.124,28789.497,17173.444,13560.608,2017,October,Tuesday,0
6769,2017-10-10 01:00:00,20.197,85.967,0.07,0.051,0.147,26946.171,15788.589,12399.271,2017,October,Tuesday,1
6770,2017-10-10 02:00:00,20.202,85.183,0.076,0.053,0.139,26127.965,15215.353,12148.328,2017,October,Tuesday,2
6771,2017-10-10 03:00:00,19.842,85.217,0.071,0.053,0.141,25819.168,15158.714,11989.787,2017,October,Tuesday,3
6772,2017-10-10 04:00:00,19.95,86.517,0.073,0.051,0.126,26133.217,15280.083,12130.821,2017,October,Tuesday,4
6773,2017-10-10 05:00:00,19.992,87.767,0.071,0.047,0.138,27009.19,16399.793,11502.492,2017,October,Tuesday,5
6774,2017-10-10 06:00:00,19.838,88.517,0.066,0.051,0.139,25688.928,16400.415,9623.343,2017,October,Tuesday,6
6775,2017-10-10 07:00:00,19.932,88.933,0.068,6.022,4.8,26678.337,17162.863,9155.502,2017,October,Tuesday,7
6776,2017-10-10 08:00:00,20.047,89.6,0.066,17.157,13.78,28664.508,20279.876,10125.228,2017,October,Tuesday,8
6777,2017-10-10 09:00:00,19.88,90.367,0.068,41.828,33.41,31379.606,22382.365,11112.462,2017,October,Tuesday,9
6778,2017-10-10 10:00:00,20.092,91.017,0.072,90.017,70.777,33635.711,23771.577,12265.046,2017,October,Tuesday,10
6779,2017-10-10 11:00:00,20.898,85.05,0.076,290.817,204.517,34885.602,24178.631,12847.66,2017,October,Tuesday,11
6780,2017-10-10 12:00:00,23.197,67.417,0.079,655.583,271.433,35093.567,24889.419,13531.429,2017,October,Tuesday,12
6781,2017-10-10 13:00:00,25.152,56.415,0.079,571.217,251.033,35052.604,24554.564,13479.878,2017,October,Tuesday,13
6782,2017-10-10 14:00:00,24.873,56.983,0.079,335.667,193.583,35890.766,23319.087,13126.809,2017,October,Tuesday,14
6783,2017-10-10 15:00:00,25.378,51.35,0.082,307.017,171.917,34921.313,22681.743,13118.055,2017,October,Tuesday,15
6784,2017-10-10 16:00:00,25.473,50.002,0.086,239.683,102.633,34107.309,21733.817,12974.103,2017,October,Tuesday,16
6785,2017-10-10 17:00:00,25.228,47.845,0.088,110.717,61.477,36308.797,22534.855,13981.763,2017,October,Tuesday,17
6786,2017-10-10 18:00:00,24.657,51.757,0.086,24.718,18.723,45677.724,28186.929,19003.526,2017,October,Tuesday,18
6787,2017-10-10 19:00:00,24.135,52.952,0.089,0.222,0.171,46604.114,28682.988,19427.599,2017,October,Tuesday,19
6788,2017-10-10 20:00:00,23.175,56.742,0.092,0.088,0.085,45902.495,27680.913,19332.28,2017,October,Tuesday,20
6789,2017-10-10 21:00:00,22.21,62.092,0.102,0.084,0.089,42637.024,25320.124,18388.815,2017,October,Tuesday,21
6790,2017-10-10 22:00:00,21.417,67.098,0.116,0.072,0.101,37284.551,22272.199,16626.383,2017,October,Tuesday,22
6791,2017-10-10 23:00:00,20.505,72.763,0.135,0.072,0.109,32778.643,19361.203,14792.948,2017,October,Tuesday,23
6792,2017-10-11 00:00:00,21.382,65.562,0.162,0.074,0.11,29523.676,17536.929,13736.657,2017,October,Wednesday,0
6793,2017-10-11 01:00:00,20.533,68.288,0.194,0.068,0.128,27495.492,16389.212,13057.751,2017,October,Wednesday,1
6794,2017-10-11 02:00:00,19.688,72.917,0.21,0.068,0.125,26323.326,15558.921,12184.316,2017,October,Wednesday,2
6795,2017-10-11 03:00:00,19.558,73.983,0.22,0.075,0.123,26041.838,15156.224,11542.371,2017,October,Wednesday,3
6796,2017-10-11 04:00:00,20.857,71.237,0.258,0.061,0.131,26327.527,15378.423,11646.444,2017,October,Wednesday,4
6797,2017-10-11 05:00:00,21.023,68.985,0.128,0.069,0.118,27374.705,16483.817,11450.942,2017,October,Wednesday,5
6798,2017-10-11 06:00:00,21.798,63.228,0.081,0.078,0.095,25743.545,16284.647,10002.675,2017,October,Wednesday,6
6799,2017-10-11 07:00:00,22.17,61.788,0.081,6.656,5.421,26885.252,17503.32,9699.21,2017,October,Wednesday,7
6800,2017-10-11 08:00:00,21.343,70.4,0.08,98.345,41.922,29919.65,19785.062,10264.316,2017,October,Wednesday,8
6801,2017-10-11 09:00:00,23.393,59.098,0.081,317.95,109.05,32678.862,21849.585,10510.395,2017,October,Wednesday,9
6802,2017-10-11 10:00:00,24.52,51.947,0.082,360.983,68.143,35358.249,21822.199,12811.672,2017,October,Wednesday,10
6803,2017-10-11 11:00:00,25.385,46.293,0.081,279.017,168.767,36279.387,22040.664,13344.681,2017,October,Wednesday,11
6804,2017-10-11 12:00:00,26.005,44.502,0.082,377.833,213.7,37179.519,22232.988,14031.368,2017,October,Wednesday,12
6805,2017-10-11 13:00:00,25.027,52.897,0.082,211.817,151.267,37218.381,22460.166,14353.313,2017,October,Wednesday,13
6806,2017-10-11 14:00:00,23.603,61.337,0.082,78.783,66.625,36665.908,23103.112,13578.116,2017,October,Wednesday,14
6807,2017-10-11 15:00:00,23.547,63.022,0.082,165.55,126.317,35170.241,22564.108,13335.927,2017,October,Wednesday,15
6808,2017-10-11 16:00:00,23.985,59.113,0.082,121.55,97.318,35012.691,22056.846,13155.988,2017,October,Wednesday,16
6809,2017-10-11 17:00:00,23.643,60.777,0.072,60.49,45.57,38011.379,23136.1,15132.401,2017,October,Wednesday,17
6810,2017-10-11 18:00:00,23.105,61.345,0.084,15.7,12.74,46745.908,28784.44,19332.28,2017,October,Wednesday,18
6811,2017-10-11 19:00:00,22.873,61.513,0.082,0.147,0.117,47330.941,28894.606,19616.292,2017,October,Wednesday,19
6812,2017-10-11 20:00:00,22.23,65.342,0.082,0.065,0.119,45860.481,27992.739,19324.498,2017,October,Wednesday,20
6813,2017-10-11 21:00:00,21.41,69.252,0.081,0.076,0.116,42595.011,25571.577,18207.903,2017,October,Wednesday,21
6814,2017-10-11 22:00:00,19.895,73.817,0.072,0.069,0.114,37412.691,22466.39,16545.653,2017,October,Wednesday,22
6815,2017-10-11 23:00:00,19.395,76.967,0.072,0.069,0.112,32831.16,19651.867,14696.657,2017,October,Wednesday,23
6816,2017-10-12 00:00:00,18.76,78.383,0.076,0.069,0.119,29536.28,17672.614,13692.888,2017,October,Thursday,0
6817,2017-10-12 01:00:00,18.435,80.117,0.079,0.081,0.099,27690.853,16254.772,12589.909,2017,October,Thursday,1
6818,2017-10-12 02:00:00,18.085,80.117,0.078,0.066,0.114,26683.589,15693.361,11952.827,2017,October,Thursday,2
6819,2017-10-12 03:00:00,18.012,80.433,0.079,0.068,0.148,26301.269,15572.614,11886.687,2017,October,Thursday,3
6820,2017-10-12 04:00:00,18.388,77.933,0.078,0.065,0.128,26678.337,15834.647,12464.438,2017,October,Thursday,4
6821,2017-10-12 05:00:00,18.543,74.383,0.08,0.077,0.099,27803.239,17019.71,12333.131,2017,October,Thursday,5
6822,2017-10-12 06:00:00,17.693,76.567,0.08,0.068,0.095,26615.317,17318.465,10046.444,2017,October,Thursday,6
6823,2017-10-12 07:00:00,17.103,78.367,0.08,14.683,6.139,27869.409,17879.253,9414.225,2017,October,Thursday,7
6824,2017-10-12 08:00:00,17.675,79.65,0.082,162.3,29.465,31049.803,19406.639,10628.085,2017,October,Thursday,8
6825,2017-10-12 09:00:00,20.11,72.333,0.081,311.05,42.745,34696.543,21204.149,11495.684,2017,October,Thursday,9
6826,2017-10-12 10:00:00,22.69,62.045,0.082,504.133,59.863,37037.724,22610.166,12407.052,2017,October,Thursday,10
6827,2017-10-12 11:00:00,24.995,48.597,0.078,572.133,135.367,37332.867,23638.382,13067.477,2017,October,Thursday,11
6828,2017-10-12 12:00:00,25.662,43.682,0.081,458.433,192.033,37881.138,23739.212,13624.802,2017,October,Thursday,12
6829,2017-10-12 13:00:00,24.185,58.623,0.07,212.25,169.95,36869.672,23606.017,13311.611,2017,October,Thursday,13
6830,2017-10-12 14:00:00,23.273,67.052,0.068,224.15,160.367,36296.193,23668.257,13026.626,2017,October,Thursday,14
6831,2017-10-12 15:00:00,22.557,71.467,0.069,143.183,118.167,35921.225,23187.759,13211.429,2017,October,Thursday,15
6832,2017-10-12 16:00:00,22.597,73.033,0.067,202.2,120.417,34629.322,22612.656,13041.216,2017,October,Thursday,16
6833,2017-10-12 17:00:00,22.542,75.017,0.074,140.3,81.56,36843.414,23666.39,14675.258,2017,October,Thursday,17
6834,2017-10-12 18:00:00,21.982,78.267,0.087,21.13,16.281,46797.374,29172.199,19802.067,2017,October,Thursday,18
6835,2017-10-12 19:00:00,21.173,80.017,0.084,0.121,0.149,47435.974,29251.245,20112.34,2017,October,Thursday,19
6836,2017-10-12 20:00:00,20.317,81.533,0.079,0.058,0.132,46068.446,28421.577,19604.62,2017,October,Thursday,20
6837,2017-10-12 21:00:00,19.545,84.1,0.096,0.056,0.137,42932.166,26354.564,18351.854,2017,October,Thursday,21
6838,2017-10-12 22:00:00,19.538,76.18,0.109,0.064,0.112,37745.646,23568.05,16439.635,2017,October,Thursday,22
6839,2017-10-12 23:00:00,20.013,64.755,0.112,0.067,0.11,32769.19,20479.046,14696.657,2017,October,Thursday,23
6840,2017-10-13 00:00:00,18.688,69.348,0.118,0.069,0.121,29727.44,18375.934,13150.152,2017,October,Friday,0
6841,2017-10-13 01:00:00,17.765,71.372,0.11,0.071,0.127,27989.147,16858.506,12500.426,2017,October,Friday,1
6842,2017-10-13 02:00:00,18.182,65.762,0.107,0.068,0.113,26878.95,16369.917,11795.258,2017,October,Friday,2
6843,2017-10-13 03:00:00,18.742,60.657,0.095,0.065,0.115,26507.133,16019.502,11591.003,2017,October,Friday,3
6844,2017-10-13 04:00:00,18.888,62.435,0.108,0.063,0.134,26866.346,16089.212,11874.043,2017,October,Friday,4
6845,2017-10-13 05:00:00,18.868,62.837,0.103,0.062,0.129,27889.365,17037.759,11343.951,2017,October,Friday,5
6846,2017-10-13 06:00:00,18.953,61.295,0.092,0.058,0.116,26544.945,17197.095,9275.137,2017,October,Friday,6
6847,2017-10-13 07:00:00,19.352,59.333,0.101,25.264,14.692,28077.374,17467.842,8320.973,2017,October,Friday,7
6848,2017-10-13 08:00:00,20.265,55.837,0.089,202.8,84.343,31641.138,18995.851,9494.954,2017,October,Friday,8
6849,2017-10-13 09:00:00,22.36,50.657,0.089,333.517,123.4,33971.816,21454.979,11072.584,2017,October,Friday,9
6850,2017-10-13 10:00:00,23.645,48.435,0.087,411.45,118.8,35831.947,23165.353,11920.729,2017,October,Friday,10
6851,2017-10-13 11:00:00,24.353,48.185,0.084,406.95,138.983,36822.407,24237.137,12673.556,2017,October,Friday,11
6852,2017-10-13 12:00:00,25.19,45.592,0.088,618.117,138.883,36197.462,23533.817,13213.374,2017,October,Friday,12
6853,2017-10-13 13:00:00,24.727,50.145,0.079,226.533,161.533,35841.4,23270.539,12973.131,2017,October,Friday,13
6854,2017-10-13 14:00:00,23.022,62.993,0.073,391.733,156.283,35525.252,23176.556,12596.717,2017,October,Friday,14
6855,2017-10-13 15:00:00,23.45,61.208,0.075,226.383,130.233,34231.247,22528.008,12273.799,2017,October,Friday,15
6856,2017-10-13 16:00:00,24.08,56.622,0.085,189.067,112.067,33436.149,22173.859,12231.003,2017,October,Friday,16
6857,2017-10-13 17:00:00,24.327,53.345,0.089,92.502,52.272,35633.435,23624.689,14379.574,2017,October,Friday,17
6858,2017-10-13 18:00:00,23.962,54.212,0.086,12.442,9.639,44575.93,28737.759,19625.046,2017,October,Friday,18
6859,2017-10-13 19:00:00,23.078,57.357,0.087,0.137,0.151,45070.635,28907.054,20061.763,2017,October,Friday,19
6860,2017-10-13 20:00:00,22.072,61.475,0.084,0.072,0.097,44367.965,28307.676,19343.951,2017,October,Friday,20
6861,2017-10-13 21:00:00,21.075,64.562,0.081,0.079,0.101,42493.129,26345.851,18444.255,2017,October,Friday,21
6862,2017-10-13 22:00:00,19.757,68.698,0.082,0.065,0.096,37927.352,23551.245,16624.438,2017,October,Friday,22
6863,2017-10-13 23:00:00,19.552,71.75,0.102,0.075,0.101,33054.88,20531.95,14556.596,2017,October,Friday,23
6864,2017-10-14 00:00:00,18.758,73.95,0.11,0.069,0.108,29727.44,18022.407,13051.915,2017,October,Saturday,0
6865,2017-10-14 01:00:00,18.147,77.433,0.097,0.071,0.106,27856.805,16687.967,12226.14,2017,October,Saturday,1
6866,2017-10-14 02:00:00,17.637,78.3,0.112,0.074,0.127,26826.433,16157.054,12114.286,2017,October,Saturday,2
6867,2017-10-14 03:00:00,16.72,79.517,0.089,0.069,0.112,26470.372,15933.61,11719.392,2017,October,Saturday,3
6868,2017-10-14 04:00:00,16.715,80.667,0.099,0.071,0.108,26585.908,16147.095,11653.252,2017,October,Saturday,4
6869,2017-10-14 05:00:00,16.367,82.05,0.098,0.058,0.12,27383.107,16817.427,11430.517,2017,October,Saturday,5
6870,2017-10-14 06:00:00,15.552,83.767,0.091,0.067,0.121,25253.042,15722.614,9021.277,2017,October,Saturday,6
6871,2017-10-14 07:00:00,15.24,84.95,0.093,15.471,7.82,26581.707,16874.066,8586.505,2017,October,Saturday,7
6872,2017-10-14 08:00:00,16.6,82.183,0.097,147.35,36.132,30212.691,19087.967,10118.419,2017,October,Saturday,8
6873,2017-10-14 09:00:00,18.408,74.783,0.089,323.717,48.692,33165.164,21194.191,11249.605,2017,October,Saturday,9
6874,2017-10-14 10:00:00,21.588,64.193,0.099,480.233,53.69,35601.926,22743.361,11932.401,2017,October,Saturday,10
6875,2017-10-14 11:00:00,23.233,59.868,0.085,590.45,63.007,36796.149,23823.237,12657.021,2017,October,Saturday,11
6876,2017-10-14 12:00:00,23.252,64.03,0.093,614.117,100.367,36732.079,23789.004,13559.635,2017,October,Saturday,12
6877,2017-10-14 13:00:00,22.917,68.103,0.095,384.933,158.317,36794.048,23714.315,13476.96,2017,October,Saturday,13
6878,2017-10-14 14:00:00,22.588,70.177,0.098,361.767,180.517,35512.648,22835.477,13120.973,2017,October,Saturday,14
6879,2017-10-14 15:00:00,22.533,70.317,0.093,365.45,129.0,34658.731,22035.685,12964.377,2017,October,Saturday,15
6880,2017-10-14 16:00:00,22.702,69.648,0.097,322.917,75.175,33856.28,21549.585,12981.884,2017,October,Saturday,16
6881,2017-10-14 17:00:00,22.388,70.543,0.103,155.433,47.797,37030.372,23368.257,14864.924,2017,October,Saturday,17
6882,2017-10-14 18:00:00,21.687,73.667,0.09,26.856,14.298,45113.698,28302.697,18982.128,2017,October,Saturday,18
6883,2017-10-14 19:00:00,21.117,76.45,0.07,0.119,0.135,45810.066,28130.29,18987.964,2017,October,Saturday,19
6884,2017-10-14 20:00:00,19.847,79.2,0.077,0.086,0.083,44718.775,27133.195,18928.632,2017,October,Saturday,20
6885,2017-10-14 21:00:00,18.902,82.05,0.071,0.065,0.125,43056.105,25407.261,18434.529,2017,October,Saturday,21
6886,2017-10-14 22:00:00,18.822,83.817,0.079,0.065,0.107,38524.989,22755.187,16668.207,2017,October,Saturday,22
6887,2017-10-14 23:00:00,18.473,84.217,0.083,0.068,0.11,33644.114,20167.22,14751.125,2017,October,Saturday,23
6888,2017-10-15 00:00:00,17.952,84.983,0.082,0.058,0.112,30097.155,18000.622,13297.021,2017,October,Sunday,0
6889,2017-10-15 01:00:00,17.115,85.6,0.082,0.066,0.12,28100.481,16558.506,12323.404,2017,October,Sunday,1
6890,2017-10-15 02:00:00,16.887,85.767,0.08,0.057,0.14,26903.107,15476.763,11733.982,2017,October,Sunday,2
6891,2017-10-15 03:00:00,16.62,86.75,0.071,0.056,0.124,26367.44,14857.469,11796.231,2017,October,Sunday,3
6892,2017-10-15 04:00:00,15.978,87.367,0.079,0.044,0.144,26250.853,14798.963,12424.559,2017,October,Sunday,4
6893,2017-10-15 05:00:00,15.833,87.267,0.08,0.051,0.151,26820.131,14681.95,12079.271,2017,October,Sunday,5
6894,2017-10-15 06:00:00,15.667,87.017,0.08,0.055,0.123,22985.383,12158.714,8807.295,2017,October,Sunday,6
6895,2017-10-15 07:00:00,15.125,87.0,0.08,9.38,7.58,23894.967,12397.095,8418.237,2017,October,Sunday,7
6896,2017-10-15 08:00:00,15.602,86.617,0.081,135.817,52.522,26928.315,14270.539,9721.581,2017,October,Sunday,8
6897,2017-10-15 09:00:00,17.402,85.317,0.087,327.467,64.698,30160.175,16513.693,10885.836,2017,October,Sunday,9
6898,2017-10-15 10:00:00,21.12,77.283,0.07,452.367,99.95,32474.048,18030.498,11819.574,2017,October,Sunday,10
6899,2017-10-15 11:00:00,22.355,69.288,0.069,467.3,122.967,34050.591,18865.145,12578.237,2017,October,Sunday,11
6900,2017-10-15 12:00:00,22.925,66.728,0.069,413.233,187.2,34665.033,19374.896,12935.198,2017,October,Sunday,12
6901,2017-10-15 13:00:00,22.737,69.388,0.069,346.267,219.383,35310.985,19503.112,13245.471,2017,October,Sunday,13
6902,2017-10-15 14:00:00,22.797,70.14,0.068,346.683,160.917,34354.136,19435.892,13121.945,2017,October,Sunday,14
6903,2017-10-15 15:00:00,22.667,71.338,0.069,178.95,143.25,33322.713,18754.357,12707.599,2017,October,Sunday,15
6904,2017-10-15 16:00:00,22.447,73.1,0.068,203.967,151.767,32593.786,18324.274,12224.195,2017,October,Sunday,16
6905,2017-10-15 17:00:00,22.523,69.057,0.069,146.272,71.423,34992.735,19874.066,14573.131,2017,October,Sunday,17
6906,2017-10-15 18:00:00,22.15,69.193,0.069,11.302,8.244,44115.886,25541.701,19340.061,2017,October,Sunday,18
6907,2017-10-15 19:00:00,21.417,74.333,0.068,0.079,0.104,45687.177,26071.992,19662.979,2017,October,Sunday,19
6908,2017-10-15 20:00:00,20.443,77.583,0.071,0.06,0.121,45198.775,25869.087,19421.763,2017,October,Sunday,20
6909,2017-10-15 21:00:00,19.398,80.083,0.072,0.059,0.099,42294.617,24961.618,18163.161,2017,October,Sunday,21
6910,2017-10-15 22:00:00,18.908,82.033,0.077,0.073,0.112,37342.319,22524.896,16095.319,2017,October,Sunday,22
6911,2017-10-15 23:00:00,18.678,83.917,0.151,0.047,0.126,31941.532,19837.967,14070.274,2017,October,Sunday,23
6912,2017-10-16 00:00:00,18.415,85.45,0.168,0.057,0.112,29056.28,18024.896,12656.049,2017,October,Monday,0
6913,2017-10-16 01:00:00,18.225,86.767,0.201,0.049,0.144,27509.147,16767.635,11769.97,2017,October,Monday,1
6914,2017-10-16 02:00:00,18.413,87.05,0.292,0.049,0.13,26471.422,16260.373,11719.392,2017,October,Monday,2
6915,2017-10-16 03:00:00,18.943,88.517,0.276,0.044,0.164,26130.066,15932.365,11866.261,2017,October,Monday,3
6916,2017-10-16 04:00:00,19.903,89.217,0.269,0.048,0.159,26482.976,16362.448,12090.942,2017,October,Monday,4
6917,2017-10-16 05:00:00,20.017,89.033,0.268,0.055,0.138,27715.011,17663.278,11730.091,2017,October,Monday,5
6918,2017-10-16 06:00:00,20.04,88.667,0.253,0.047,0.146,26539.694,17679.461,9104.924,2017,October,Monday,6
6919,2017-10-16 07:00:00,20.035,88.483,0.26,16.721,11.535,27562.713,18375.311,8590.395,2017,October,Monday,7
6920,2017-10-16 08:00:00,20.51,87.283,0.245,81.342,63.515,30299.869,19786.307,9404.498,2017,October,Monday,8
6921,2017-10-16 09:00:00,20.892,83.333,0.117,196.983,122.583,33197.724,21352.282,10702.979,2017,October,Monday,9
6922,2017-10-16 10:00:00,22.513,75.533,0.093,346.9,146.883,35932.779,22636.307,11527.781,2017,October,Monday,10
6923,2017-10-16 11:00:00,23.052,70.517,0.071,186.617,153.15,36698.468,23408.091,12065.653,2017,October,Monday,11
6924,2017-10-16 12:00:00,22.93,71.0,0.072,214.308,159.142,37508.271,23629.668,12801.945,2017,October,Monday,12
6925,2017-10-16 13:00:00,21.843,77.167,0.076,85.59,72.448,37090.241,23850.0,12873.921,2017,October,Monday,13
6926,2017-10-16 14:00:00,21.048,83.217,0.068,117.97,100.742,36487.352,23602.282,12731.915,2017,October,Monday,14
6927,2017-10-16 15:00:00,20.862,84.283,0.067,44.485,38.86,35025.295,23030.913,12511.125,2017,October,Monday,15
6928,2017-10-16 16:00:00,20.605,85.85,0.069,37.998,32.132,34782.67,22482.573,12128.875,2017,October,Monday,16
6929,2017-10-16 17:00:00,20.552,86.85,0.07,40.665,33.547,38033.435,24543.983,15048.754,2017,October,Monday,17
6930,2017-10-16 18:00:00,20.592,87.7,0.071,15.308,11.258,46411.904,29191.494,19068.693,2017,October,Monday,18
6931,2017-10-16 19:00:00,20.378,88.85,0.075,0.069,0.119,46851.991,29080.083,19494.711,2017,October,Monday,19
6932,2017-10-16 20:00:00,20.155,89.75,0.073,0.07,0.108,45404.639,28069.295,19233.07,2017,October,Monday,20
6933,2017-10-16 21:00:00,20.063,90.3,0.069,0.065,0.112,41931.204,25956.224,18060.061,2017,October,Monday,21
6934,2017-10-16 22:00:00,20.047,90.833,0.067,0.065,0.11,36790.897,22869.087,16300.547,2017,October,Monday,22
6935,2017-10-16 23:00:00,19.93,91.15,0.068,0.054,0.108,31898.468,19966.805,14666.505,2017,October,Monday,23
6936,2017-10-17 00:00:00,19.788,91.5,0.068,0.066,0.1,28523.764,18032.988,12849.605,2017,October,Tuesday,0
6937,2017-10-17 01:00:00,19.445,91.733,0.068,0.059,0.119,26758.162,16930.705,11758.298,2017,October,Tuesday,1
6938,2017-10-17 02:00:00,19.115,92.167,0.073,0.064,0.121,25706.783,16598.34,11403.283,2017,October,Tuesday,2
6939,2017-10-17 03:00:00,19.037,92.433,0.068,0.069,0.109,25631.16,16430.913,11349.787,2017,October,Tuesday,3
6940,2017-10-17 04:00:00,18.863,92.617,0.068,0.072,0.129,25939.956,16552.905,11701.884,2017,October,Tuesday,4
6941,2017-10-17 05:00:00,18.725,92.833,0.068,0.07,0.135,27495.492,17914.73,11503.465,2017,October,Tuesday,5
6942,2017-10-17 06:00:00,18.632,92.95,0.068,0.069,0.118,26300.219,17746.68,9847.052,2017,October,Tuesday,6
6943,2017-10-17 07:00:00,18.582,93.1,0.077,7.581,4.062,27478.687,18505.394,9647.66,2017,October,Tuesday,7
6944,2017-10-17 08:00:00,19.025,93.083,0.072,60.495,37.883,30832.385,20269.295,9820.79,2017,October,Tuesday,8
6945,2017-10-17 09:00:00,19.897,92.833,0.079,110.667,86.942,33870.985,21187.344,9703.1,2017,October,Tuesday,9
6946,2017-10-17 10:00:00,20.665,92.333,0.086,192.983,125.9,36863.37,21800.415,10708.815,2017,October,Tuesday,10
6947,2017-10-17 11:00:00,21.51,90.533,0.085,232.983,164.633,38757.112,22457.676,11923.647,2017,October,Tuesday,11
6948,2017-10-17 12:00:00,22.563,87.917,0.091,236.45,169.783,39223.457,22266.598,12424.559,2017,October,Tuesday,12
6949,2017-10-17 13:00:00,22.848,83.683,0.088,282.9,198.1,38613.217,22443.361,12301.033,2017,October,Tuesday,13
6950,2017-10-17 14:00:00,22.75,80.833,0.081,222.767,178.817,38161.575,22478.838,11858.48,2017,October,Tuesday,14
6951,2017-10-17 15:00:00,23.073,74.65,0.083,128.8,110.89,36151.247,22847.925,10979.21,2017,October,Tuesday,15
6952,2017-10-17 16:00:00,23.167,74.667,0.084,85.722,74.92,35173.392,22692.946,11567.66,2017,October,Tuesday,16
6953,2017-10-17 17:00:00,21.722,80.65,0.082,4.047,3.511,38409.453,24486.722,15080.851,2017,October,Tuesday,17
6954,2017-10-17 18:00:00,19.02,86.217,0.083,0.327,0.311,46798.425,29332.158,19653.252,2017,October,Tuesday,18
6955,2017-10-17 19:00:00,19.797,82.65,0.081,0.062,0.099,46870.897,29073.859,19842.918,2017,October,Tuesday,19
6956,2017-10-17 20:00:00,20.273,77.538,0.08,0.054,0.113,45425.646,28106.017,19347.842,2017,October,Tuesday,20
6957,2017-10-17 21:00:00,21.397,64.655,0.091,0.073,0.117,41956.411,26116.805,18447.173,2017,October,Tuesday,21
6958,2017-10-17 22:00:00,21.998,59.557,0.103,0.068,0.1,36784.595,23000.415,16790.76,2017,October,Tuesday,22
6959,2017-10-17 23:00:00,21.81,60.478,0.1,0.068,0.122,31958.337,20327.801,14524.498,2017,October,Tuesday,23
6960,2017-10-18 00:00:00,21.493,61.298,0.1,0.07,0.085,28446.039,18290.041,12800.0,2017,October,Wednesday,0
6961,2017-10-18 01:00:00,20.797,64.478,0.107,0.068,0.098,26853.742,16844.813,11881.824,2017,October,Wednesday,1
6962,2017-10-18 02:00:00,20.168,67.22,0.114,0.062,0.11,26283.414,16335.062,11563.769,2017,October,Wednesday,2
6963,2017-10-18 03:00:00,20.043,68.022,0.109,0.077,0.104,25871.685,16214.938,11730.091,2017,October,Wednesday,3
6964,2017-10-18 04:00:00,20.523,64.048,0.107,0.065,0.104,26330.678,16475.104,11915.866,2017,October,Wednesday,4
6965,2017-10-18 05:00:00,19.938,69.845,0.112,0.065,0.104,27647.79,17870.539,11802.067,2017,October,Wednesday,5
6966,2017-10-18 06:00:00,19.578,75.217,0.117,0.081,0.094,27200.35,18303.734,9923.891,2017,October,Wednesday,6
6967,2017-10-18 07:00:00,19.265,78.583,0.11,7.518,6.251,27802.188,18683.402,9067.964,2017,October,Wednesday,7
6968,2017-10-18 08:00:00,19.105,81.833,0.093,21.843,17.88,30520.438,20560.581,9947.234,2017,October,Wednesday,8
6969,2017-10-18 09:00:00,19.173,84.933,0.086,56.092,47.53,30146.521,22629.461,10815.805,2017,October,Wednesday,9
6970,2017-10-18 10:00:00,19.383,86.917,0.747,81.31,71.37,31080.263,23898.548,11591.003,2017,October,Wednesday,10
6971,2017-10-18 11:00:00,19.482,87.983,2.479,58.965,50.613,37143.807,24057.884,11611.429,2017,October,Wednesday,11
6972,2017-10-18 12:00:00,19.282,88.667,0.078,120.483,98.568,37478.862,25132.78,12223.222,2017,October,Wednesday,12
6973,2017-10-18 13:00:00,19.502,89.2,0.083,179.533,149.317,36173.304,25152.075,12029.666,2017,October,Wednesday,13
6974,2017-10-18 14:00:00,19.693,89.117,0.073,253.3,90.032,35548.359,24607.469,12390.517,2017,October,Wednesday,14
6975,2017-10-18 15:00:00,20.865,86.533,0.081,260.283,104.083,35510.547,23517.635,12689.119,2017,October,Wednesday,15
6976,2017-10-18 16:00:00,21.403,83.283,0.094,55.325,48.172,35343.545,23407.469,12535.441,2017,October,Wednesday,16
6977,2017-10-18 17:00:00,20.123,87.033,0.104,31.339,27.023,40553.173,25790.041,15675.137,2017,October,Wednesday,17
6978,2017-10-18 18:00:00,18.783,89.533,0.1,13.678,12.24,46915.011,29939.627,19900.304,2017,October,Wednesday,18
6979,2017-10-18 19:00:00,18.745,90.5,0.076,0.068,0.117,46572.604,29780.29,19924.62,2017,October,Wednesday,19
6980,2017-10-18 20:00:00,18.432,91.283,0.081,0.072,0.115,44467.746,28420.954,19330.334,2017,October,Wednesday,20
6981,2017-10-18 21:00:00,18.367,91.683,0.077,0.071,0.116,40995.361,25504.979,18019.21,2017,October,Wednesday,21
6982,2017-10-18 22:00:00,18.125,92.05,0.08,0.068,0.126,35515.799,22463.9,16347.234,2017,October,Wednesday,22
6983,2017-10-18 23:00:00,18.002,92.35,0.072,0.076,0.122,31008.84,20162.241,14699.574,2017,October,Wednesday,23
6984,2017-10-19 00:00:00,17.722,92.683,0.076,0.076,0.109,27831.597,18417.635,13347.599,2017,October,Thursday,0
6985,2017-10-19 01:00:00,17.548,92.8,0.074,0.064,0.121,26314.923,17163.485,12656.049,2017,October,Thursday,1
6986,2017-10-19 02:00:00,17.39,93.0,0.09,0.074,0.117,25492.516,16545.436,12201.824,2017,October,Thursday,2
6987,2017-10-19 03:00:00,17.662,93.25,0.108,0.083,0.12,25050.328,16437.759,11849.726,2017,October,Thursday,3
6988,2017-10-19 04:00:00,17.687,93.4,0.086,0.08,0.13,25445.252,16556.639,12140.547,2017,October,Thursday,4
6989,2017-10-19 05:00:00,18.173,93.433,0.077,0.085,0.113,26802.276,17695.021,12248.511,2017,October,Thursday,5
6990,2017-10-19 06:00:00,18.233,93.15,0.068,0.078,0.122,25590.197,17721.784,10266.261,2017,October,Thursday,6
6991,2017-10-19 07:00:00,18.078,92.417,0.065,14.364,12.106,26750.81,18261.411,9618.48,2017,October,Thursday,7
6992,2017-10-19 08:00:00,18.393,90.767,0.069,32.573,27.702,29567.79,19809.336,10340.182,2017,October,Thursday,8
6993,2017-10-19 09:00:00,19.022,86.95,0.066,52.88,44.927,32878.425,20321.577,12542.249,2017,October,Thursday,9
6994,2017-10-19 10:00:00,19.928,75.617,4.64,113.097,97.388,34882.451,21053.527,13414.711,2017,October,Thursday,10
6995,2017-10-19 11:00:00,20.472,75.483,4.916,357.067,174.933,36265.733,21800.415,14056.657,2017,October,Thursday,11
6996,2017-10-19 12:00:00,22.313,69.695,4.919,519.783,179.783,36994.661,23131.12,13032.462,2017,October,Thursday,12
6997,2017-10-19 13:00:00,22.788,64.887,4.919,309.467,239.35,36551.422,23858.091,12715.38,2017,October,Thursday,13
6998,2017-10-19 14:00:00,23.12,64.52,4.919,209.667,181.117,35951.685,23600.415,12459.574,2017,October,Thursday,14
6999,2017-10-19 15:00:00,22.248,71.05,4.919,138.517,122.2,34876.149,23275.519,12229.058,2017,October,Thursday,15
7000,2017-10-19 16:00:00,21.445,75.033,4.918,139.383,108.225,35244.814,23072.614,12012.158,2017,October,Thursday,16
7001,2017-10-19 17:00:00,21.283,78.75,4.918,89.85,56.365,37677.374,24634.855,14679.149,2017,October,Thursday,17
7002,2017-10-19 18:00:00,21.095,78.667,4.92,17.092,13.206,45729.19,29766.598,19037.568,2017,October,Thursday,18
7003,2017-10-19 19:00:00,20.762,84.3,4.921,0.069,0.109,45749.147,29746.058,19374.103,2017,October,Thursday,19
7004,2017-10-19 20:00:00,20.288,87.467,4.921,0.077,0.113,44563.326,29055.187,18676.717,2017,October,Thursday,20
7005,2017-10-19 21:00:00,20.078,87.017,4.919,0.081,0.099,41254.792,26627.178,17317.933,2017,October,Thursday,21
7006,2017-10-19 22:00:00,20.222,85.067,4.918,0.065,0.102,36142.845,23581.743,15944.559,2017,October,Thursday,22
7007,2017-10-19 23:00:00,19.907,86.283,4.919,0.076,0.1,31600.175,20749.793,13980.79,2017,October,Thursday,23
7008,2017-10-20 00:00:00,19.675,87.883,4.92,0.074,0.116,28245.427,18438.797,12240.729,2017,October,Friday,0
7009,2017-10-20 01:00:00,19.77,88.7,4.92,0.083,0.109,26585.908,17109.959,11427.599,2017,October,Friday,1
7010,2017-10-20 02:00:00,19.4,88.933,4.921,0.085,0.098,25590.197,16673.029,10907.234,2017,October,Friday,2
7011,2017-10-20 03:00:00,17.96,89.4,4.925,0.089,0.106,25296.105,16370.539,11031.733,2017,October,Friday,3
7012,2017-10-20 04:00:00,17.408,89.633,4.931,0.094,0.098,25508.271,16578.423,11059.939,2017,October,Friday,4
7013,2017-10-20 05:00:00,17.282,89.783,4.933,0.082,0.096,26873.698,17703.734,10706.869,2017,October,Friday,5
7014,2017-10-20 06:00:00,17.11,89.65,4.927,0.065,0.109,25528.228,17637.137,8754.772,2017,October,Friday,6
7015,2017-10-20 07:00:00,17.05,89.35,4.986,7.473,4.015,26116.411,18285.062,8104.073,2017,October,Friday,7
7016,2017-10-20 08:00:00,17.257,89.083,4.926,119.135,25.672,29463.807,20163.485,9029.058,2017,October,Friday,8
7017,2017-10-20 09:00:00,18.945,86.867,4.918,308.1,36.303,32132.691,21802.905,9970.578,2017,October,Friday,9
7018,2017-10-20 10:00:00,21.153,78.75,4.917,463.45,51.665,34555.799,23203.32,10733.131,2017,October,Friday,10
7019,2017-10-20 11:00:00,22.018,75.383,4.918,571.833,87.845,35647.09,23933.402,11425.653,2017,October,Friday,11
7020,2017-10-20 12:00:00,22.817,72.595,4.919,612.117,62.352,34839.387,23526.971,11613.374,2017,October,Friday,12
7021,2017-10-20 13:00:00,23.995,67.045,4.92,616.883,75.277,34755.361,23200.83,11565.714,2017,October,Friday,13
7022,2017-10-20 14:00:00,23.85,69.783,4.922,418.483,126.017,34146.171,23105.602,11511.246,2017,October,Friday,14
7023,2017-10-20 15:00:00,24.74,65.487,4.92,326.967,91.777,33867.834,22718.465,11377.021,2017,October,Friday,15
7024,2017-10-20 16:00:00,26.298,48.273,4.92,279.133,43.815,33201.926,22135.892,11290.456,2017,October,Friday,16
7025,2017-10-20 17:00:00,25.95,44.748,4.918,139.467,25.813,35629.234,23753.527,13624.802,2017,October,Friday,17
7026,2017-10-20 18:00:00,24.572,50.838,4.923,19.726,8.286,44333.304,28484.44,18244.863,2017,October,Friday,18
7027,2017-10-20 19:00:00,22.728,62.793,4.92,0.095,0.079,44637.899,28579.668,18560.973,2017,October,Friday,19
7028,2017-10-20 20:00:00,21.745,70.303,4.922,0.074,0.075,43882.713,27922.407,18476.353,2017,October,Friday,20
7029,2017-10-20 21:00:00,21.158,73.7,4.92,0.066,0.117,41498.468,25991.079,17634.043,2017,October,Friday,21
7030,2017-10-20 22:00:00,19.88,80.433,4.918,0.059,0.122,37074.486,23255.602,16597.204,2017,October,Friday,22
7031,2017-10-20 23:00:00,19.262,82.333,4.917,0.057,0.142,31948.884,20566.183,14745.289,2017,October,Friday,23
7032,2017-10-21 00:00:00,18.745,83.083,4.916,0.065,0.139,28527.965,18307.469,13648.146,2017,October,Saturday,0
7033,2017-10-21 01:00:00,18.082,84.25,4.915,0.062,0.137,26397.899,16872.199,12392.462,2017,October,Saturday,1
7034,2017-10-21 02:00:00,17.697,85.383,4.914,0.059,0.147,25519.825,16148.34,11784.559,2017,October,Saturday,2
7035,2017-10-21 03:00:00,17.155,85.7,4.914,0.074,0.139,25178.468,15961.618,11443.161,2017,October,Saturday,3
7036,2017-10-21 04:00:00,16.715,86.5,4.913,0.056,0.144,25260.394,16053.734,10974.347,2017,October,Saturday,4
7037,2017-10-21 05:00:00,16.403,87.017,4.913,0.061,0.148,26333.829,17105.602,10846.93,2017,October,Saturday,5
7038,2017-10-21 06:00:00,15.898,87.0,4.914,0.058,0.129,24053.567,15880.705,8683.769,2017,October,Saturday,6
7039,2017-10-21 07:00:00,15.835,87.183,4.913,6.467,4.369,25185.821,16403.527,8076.839,2017,October,Saturday,7
7040,2017-10-21 08:00:00,15.802,87.233,4.914,77.03,47.82,28840.963,18792.324,9054.347,2017,October,Saturday,8
7041,2017-10-21 09:00:00,16.487,86.733,4.914,201.183,104.517,32483.501,20840.041,9794.529,2017,October,Saturday,9
7042,2017-10-21 10:00:00,19.64,83.75,4.915,422.167,79.933,34436.061,22177.593,11347.842,2017,October,Saturday,10
7043,2017-10-21 11:00:00,22.337,70.512,4.918,553.333,87.4,35905.47,23232.573,12164.863,2017,October,Saturday,11
7044,2017-10-21 12:00:00,22.923,66.228,4.922,618.033,97.0,36152.298,23278.631,12657.994,2017,October,Saturday,12
7045,2017-10-21 13:00:00,23.17,68.63,4.922,588.067,96.783,35654.442,23150.415,12784.438,2017,October,Saturday,13
7046,2017-10-21 14:00:00,22.473,70.188,4.921,228.6,155.117,34777.418,22526.763,12815.562,2017,October,Saturday,14
7047,2017-10-21 15:00:00,22.203,71.733,4.922,228.633,133.95,33616.805,21598.133,12669.666,2017,October,Saturday,15
7048,2017-10-21 16:00:00,21.988,73.933,4.923,160.717,132.35,33083.239,21401.452,12495.562,2017,October,Saturday,16
7049,2017-10-21 17:00:00,21.615,76.117,4.922,66.515,56.7,36287.79,23589.834,15268.571,2017,October,Saturday,17
7050,2017-10-21 18:00:00,21.278,77.0,4.924,7.184,6.364,44377.418,28015.768,18844.012,2017,October,Saturday,18
7051,2017-10-21 19:00:00,21.007,78.633,4.919,0.058,0.119,44590.635,27782.988,18732.158,2017,October,Saturday,19
7052,2017-10-21 20:00:00,20.087,81.5,4.917,0.054,0.122,44081.225,26821.369,18682.553,2017,October,Saturday,20
7053,2017-10-21 21:00:00,19.373,84.8,4.919,0.054,0.133,41921.751,25150.83,17876.231,2017,October,Saturday,21
7054,2017-10-21 22:00:00,18.783,86.517,4.916,0.058,0.139,37906.346,22818.672,16469.787,2017,October,Saturday,22
7055,2017-10-21 23:00:00,18.242,87.667,4.915,0.061,0.152,32989.759,20129.876,14503.1,2017,October,Saturday,23
7056,2017-10-22 00:00:00,17.907,88.467,4.916,0.063,0.156,29365.077,17409.336,13013.982,2017,October,Sunday,0
7057,2017-10-22 01:00:00,17.463,88.983,4.916,0.062,0.134,27413.567,15893.776,12075.38,2017,October,Sunday,1
7058,2017-10-22 02:00:00,17.662,89.833,4.915,0.062,0.147,26076.499,15060.996,11615.319,2017,October,Sunday,2
7059,2017-10-22 03:00:00,17.665,90.117,4.914,0.058,0.149,25598.6,14772.199,11657.143,2017,October,Sunday,3
7060,2017-10-22 04:00:00,16.942,90.467,4.913,0.055,0.152,25665.821,14643.983,11547.234,2017,October,Sunday,4
7061,2017-10-22 05:00:00,16.967,90.183,4.912,0.054,0.149,26197.287,15099.585,11438.298,2017,October,Sunday,5
7062,2017-10-22 06:00:00,16.815,89.883,4.913,0.062,0.128,22426.608,12617.427,8515.502,2017,October,Sunday,6
7063,2017-10-22 07:00:00,16.557,89.533,4.914,8.249,5.752,22801.575,12664.73,7853.131,2017,October,Sunday,7
7064,2017-10-22 08:00:00,17.113,89.133,4.915,123.747,35.643,25680.525,14666.39,9284.863,2017,October,Sunday,8
7065,2017-10-22 09:00:00,18.705,86.983,4.915,301.733,50.345,29155.011,16651.245,10374.225,2017,October,Sunday,9
7066,2017-10-22 10:00:00,20.872,75.85,4.915,451.983,60.818,31704.158,17889.212,11459.696,2017,October,Sunday,10
7067,2017-10-22 11:00:00,22.208,62.788,4.917,575.817,59.087,33486.565,18875.726,12013.131,2017,October,Sunday,11
7068,2017-10-22 12:00:00,22.012,66.48,4.922,440.767,241.5,34162.976,19380.498,12588.936,2017,October,Sunday,12
7069,2017-10-22 13:00:00,22.105,68.003,4.923,484.05,215.683,34182.932,19531.12,12807.781,2017,October,Sunday,13
7070,2017-10-22 14:00:00,21.877,68.918,4.92,376.517,254.067,33220.832,19191.286,12880.729,2017,October,Sunday,14
7071,2017-10-22 15:00:00,21.567,71.177,4.922,235.367,195.383,31822.845,18652.905,12622.979,2017,October,Sunday,15
7072,2017-10-22 16:00:00,21.467,73.367,4.922,205.35,140.567,31148.534,18016.183,12342.857,2017,October,Sunday,16
7073,2017-10-22 17:00:00,21.245,74.933,4.92,85.673,62.253,34769.015,20404.357,14805.593,2017,October,Sunday,17
7074,2017-10-22 18:00:00,20.822,78.6,4.925,6.452,5.616,43537.155,25558.506,18737.021,2017,October,Sunday,18
7075,2017-10-22 19:00:00,20.575,81.883,4.922,0.048,0.109,44522.363,26221.369,18936.413,2017,October,Sunday,19
7076,2017-10-22 20:00:00,20.425,83.133,4.919,0.054,0.126,44148.446,26295.436,18687.416,2017,October,Sunday,20
7077,2017-10-22 21:00:00,20.343,78.567,4.917,0.058,0.124,41443.851,25363.071,17824.681,2017,October,Sunday,21
7078,2017-10-22 22:00:00,20.233,78.833,4.918,0.054,0.13,35829.847,22530.498,15644.012,2017,October,Sunday,22
7079,2017-10-22 23:00:00,19.948,80.25,4.916,0.049,0.146,30899.606,19519.295,13899.088,2017,October,Sunday,23
7080,2017-10-23 00:00:00,19.942,78.45,4.915,0.056,0.136,27574.267,17420.539,12625.897,2017,October,Monday,0
7081,2017-10-23 01:00:00,19.605,81.533,4.916,0.061,0.135,26076.499,16260.373,12164.863,2017,October,Monday,1
7082,2017-10-23 02:00:00,18.578,82.35,4.914,0.048,0.132,25173.217,15831.535,11356.596,2017,October,Monday,2
7083,2017-10-23 03:00:00,18.648,81.783,4.916,0.054,0.133,24787.746,15580.705,11447.052,2017,October,Monday,3
7084,2017-10-23 04:00:00,18.852,80.283,4.915,0.064,0.112,25075.536,15831.535,11524.863,2017,October,Monday,4
7085,2017-10-23 05:00:00,18.707,80.917,4.916,0.054,0.148,26651.028,17133.61,11141.641,2017,October,Monday,5
7086,2017-10-23 06:00:00,19.19,84.35,4.916,0.062,0.126,25650.066,17461.618,9261.52,2017,October,Monday,6
7087,2017-10-23 07:00:00,18.333,86.483,4.914,1.162,1.031,26335.93,17545.021,8474.65,2017,October,Monday,7
7088,2017-10-23 08:00:00,18.867,86.5,4.916,13.288,11.53,29033.173,19401.037,9249.848,2017,October,Monday,8
7089,2017-10-23 09:00:00,19.26,86.583,4.916,44.303,38.297,31845.952,20778.423,10304.195,2017,October,Monday,9
7090,2017-10-23 10:00:00,19.517,87.25,4.916,85.698,74.04,34296.368,21991.494,11308.936,2017,October,Monday,10
7091,2017-10-23 11:00:00,19.86,86.317,4.915,145.817,125.333,35984.245,22955.602,12053.009,2017,October,Monday,11
7092,2017-10-23 12:00:00,20.58,80.15,4.917,214.217,179.817,36138.643,23012.241,12922.553,2017,October,Monday,12
7093,2017-10-23 13:00:00,21.052,75.067,4.922,207.95,179.033,35664.945,22959.336,12966.322,2017,October,Monday,13
7094,2017-10-23 14:00:00,21.253,71.45,4.921,174.483,150.9,35430.722,23090.041,13032.462,2017,October,Monday,14
7095,2017-10-23 15:00:00,21.39,69.663,4.921,278.483,197.283,34631.422,22391.079,12902.128,2017,October,Monday,15
7096,2017-10-23 16:00:00,21.49,69.447,4.921,128.918,102.697,33965.514,21754.357,12930.334,2017,October,Monday,16
7097,2017-10-23 17:00:00,21.012,73.083,4.921,24.6,20.943,38196.236,24285.685,15977.629,2017,October,Monday,17
7098,2017-10-23 18:00:00,20.748,75.517,4.919,1.597,1.435,46265.908,28842.324,19521.945,2017,October,Monday,18
7099,2017-10-23 19:00:00,20.623,77.117,4.917,0.046,0.136,46348.884,28645.021,19449.97,2017,October,Monday,19
7100,2017-10-23 20:00:00,20.173,79.3,4.917,0.051,0.123,44696.718,27762.448,18946.14,2017,October,Monday,20
7101,2017-10-23 21:00:00,20.06,80.75,4.916,0.049,0.145,41020.569,25406.017,17919.027,2017,October,Monday,21
7102,2017-10-23 22:00:00,20.192,78.3,4.917,0.058,0.127,35898.118,22428.423,16046.687,2017,October,Monday,22
7103,2017-10-23 23:00:00,19.852,79.383,4.917,0.044,0.127,31152.735,19641.286,13743.465,2017,October,Monday,23
7104,2017-10-24 00:00:00,19.825,81.7,4.916,0.052,0.149,28070.022,17829.461,12205.714,2017,October,Tuesday,0
7105,2017-10-24 01:00:00,19.388,82.267,4.916,0.057,0.153,26137.418,16647.51,11424.681,2017,October,Tuesday,1
7106,2017-10-24 02:00:00,18.992,81.45,4.919,0.052,0.178,25177.418,16084.855,11144.559,2017,October,Tuesday,2
7107,2017-10-24 03:00:00,18.885,80.717,4.913,0.053,0.13,25095.492,15876.349,10935.441,2017,October,Tuesday,3
7108,2017-10-24 04:00:00,17.813,81.5,4.914,0.062,0.141,25355.974,16033.817,10903.343,2017,October,Tuesday,4
7109,2017-10-24 05:00:00,17.095,79.067,4.911,0.045,0.152,27190.897,17669.502,11363.404,2017,October,Tuesday,5
7110,2017-10-24 06:00:00,17.04,82.3,4.913,0.049,0.15,26428.359,17764.108,9215.805,2017,October,Tuesday,6
7111,2017-10-24 07:00:00,17.252,85.617,4.914,5.965,4.894,26956.674,18123.237,8569.97,2017,October,Tuesday,7
7112,2017-10-24 08:00:00,17.752,87.167,4.915,51.268,40.778,29707.484,19860.996,9304.316,2017,October,Tuesday,8
7113,2017-10-24 09:00:00,19.687,81.083,4.914,173.217,121.0,32373.217,21469.917,9931.672,2017,October,Tuesday,9
7114,2017-10-24 10:00:00,20.583,73.55,4.918,86.533,74.903,34674.486,22880.913,10721.459,2017,October,Tuesday,10
7115,2017-10-24 11:00:00,20.503,75.783,4.917,220.85,178.857,36322.451,23969.502,11956.717,2017,October,Tuesday,11
7116,2017-10-24 12:00:00,21.255,72.533,4.92,423.383,297.467,37102.845,23642.739,12316.596,2017,October,Tuesday,12
7117,2017-10-24 13:00:00,21.617,69.033,4.924,507.817,276.15,36228.972,23641.494,12644.377,2017,October,Tuesday,13
7118,2017-10-24 14:00:00,21.97,62.078,4.924,481.633,236.8,35653.392,23620.954,12437.204,2017,October,Tuesday,14
7119,2017-10-24 15:00:00,21.523,64.553,4.922,264.833,200.15,34655.58,23085.062,12240.729,2017,October,Tuesday,15
7120,2017-10-24 16:00:00,21.323,66.48,4.921,153.65,126.217,34200.788,22544.813,12400.243,2017,October,Tuesday,16
7121,2017-10-24 17:00:00,21.092,64.858,4.921,69.97,59.707,38116.411,24738.174,15876.474,2017,October,Tuesday,17
7122,2017-10-24 18:00:00,21.033,68.687,4.922,10.09,7.743,46354.136,29296.058,19297.264,2017,October,Tuesday,18
7123,2017-10-24 19:00:00,20.562,74.6,4.919,0.054,0.097,46180.832,29155.394,19264.195,2017,October,Tuesday,19
7124,2017-10-24 20:00:00,20.247,77.4,4.918,0.058,0.127,44939.344,28366.183,19075.502,2017,October,Tuesday,20
7125,2017-10-24 21:00:00,20.008,79.417,4.917,0.052,0.137,41694.88,25828.631,18300.304,2017,October,Tuesday,21
7126,2017-10-24 22:00:00,20.082,78.417,4.919,0.054,0.124,36017.856,23053.32,16290.821,2017,October,Tuesday,22
7127,2017-10-24 23:00:00,20.097,79.017,4.919,0.061,0.137,31441.575,20374.481,14155.866,2017,October,Tuesday,23
7128,2017-10-25 00:00:00,19.57,81.5,4.916,0.046,0.139,27649.891,17807.676,12731.915,2017,October,Wednesday,0
7129,2017-10-25 01:00:00,18.742,84.867,4.915,0.068,0.137,25700.481,16518.05,11387.72,2017,October,Wednesday,1
7130,2017-10-25 02:00:00,18.265,87.183,4.915,0.058,0.157,24871.772,16042.531,10731.185,2017,October,Wednesday,2
7131,2017-10-25 03:00:00,18.038,88.483,4.913,0.061,0.159,24589.234,15634.855,10579.453,2017,October,Wednesday,3
7132,2017-10-25 04:00:00,18.0,89.167,4.912,0.048,0.159,24841.313,16097.303,10783.708,2017,October,Wednesday,4
7133,2017-10-25 05:00:00,18.183,89.85,4.916,0.069,0.136,27181.444,17610.996,11126.079,2017,October,Wednesday,5
7134,2017-10-25 06:00:00,17.983,90.833,4.943,0.071,0.111,26401.05,17867.427,9306.261,2017,October,Wednesday,6
7135,2017-10-25 07:00:00,18.028,91.083,4.941,2.582,2.286,27122.626,18487.344,8368.632,2017,October,Wednesday,7
7136,2017-10-25 08:00:00,18.235,91.417,5.934,40.747,32.73,29827.221,20243.776,9270.274,2017,October,Wednesday,8
7137,2017-10-25 09:00:00,19.042,91.8,5.061,192.733,113.783,33235.536,20840.041,10173.86,2017,October,Wednesday,9
7138,2017-10-25 10:00:00,20.405,88.967,4.924,308.793,159.168,36249.978,21703.32,11108.571,2017,October,Wednesday,10
7139,2017-10-25 11:00:00,22.493,73.003,4.918,318.183,139.583,34813.129,25044.398,11729.119,2017,October,Wednesday,11
7140,2017-10-25 12:00:00,23.277,64.282,4.924,400.25,196.767,34600.963,25762.656,12417.751,2017,October,Wednesday,12
7141,2017-10-25 13:00:00,21.322,77.785,4.916,178.333,144.0,34560.0,25681.12,12287.416,2017,October,Wednesday,13
7142,2017-10-25 14:00:00,20.81,83.65,0.676,121.133,101.95,33318.512,25726.556,12341.884,2017,October,Wednesday,14
7143,2017-10-25 15:00:00,21.027,80.0,0.081,69.823,58.023,31551.86,26108.714,12498.48,2017,October,Wednesday,15
7144,2017-10-25 16:00:00,20.977,82.017,0.081,128.183,101.933,30844.989,25347.51,12518.906,2017,October,Wednesday,16
7145,2017-10-25 17:00:00,21.54,79.283,0.082,61.698,46.048,34308.972,28494.398,16142.006,2017,October,Wednesday,17
7146,2017-10-25 18:00:00,21.863,70.123,0.084,4.014,3.589,41463.807,34376.141,19788.45,2017,October,Wednesday,18
7147,2017-10-25 19:00:00,21.778,66.407,0.084,0.062,0.107,41264.245,33791.701,19610.456,2017,October,Wednesday,19
7148,2017-10-25 20:00:00,20.985,70.833,0.083,0.064,0.107,39878.862,32642.116,19440.243,2017,October,Wednesday,20
7149,2017-10-25 21:00:00,20.87,69.54,0.082,0.062,0.106,36744.683,30036.1,18391.733,2017,October,Wednesday,21
7150,2017-10-25 22:00:00,20.722,69.117,0.082,0.068,0.093,32397.374,26457.884,16142.006,2017,October,Wednesday,22
7151,2017-10-25 23:00:00,20.708,68.562,0.083,0.058,0.097,28279.037,22633.195,13571.307,2017,October,Wednesday,23
7152,2017-10-26 00:00:00,20.732,66.448,0.083,0.058,0.098,25547.133,20232.573,12582.128,2017,October,Thursday,0
7153,2017-10-26 01:00:00,20.873,64.415,0.085,0.06,0.114,23875.011,18680.913,11659.088,2017,October,Thursday,1
7154,2017-10-26 02:00:00,20.84,65.042,0.085,0.042,0.098,23151.335,18163.693,11156.231,2017,October,Thursday,2
7155,2017-10-26 03:00:00,20.89,63.833,0.085,0.06,0.109,22997.987,17875.519,11044.377,2017,October,Thursday,3
7156,2017-10-26 04:00:00,21.047,62.183,0.083,0.05,0.137,22957.024,18145.021,11138.723,2017,October,Thursday,4
7157,2017-10-26 05:00:00,20.528,63.747,0.085,0.039,0.125,24740.481,19905.809,11139.696,2017,October,Thursday,5
7158,2017-10-26 06:00:00,20.323,63.978,0.083,0.056,0.128,24291.991,20180.29,9521.216,2017,October,Thursday,6
7159,2017-10-26 07:00:00,20.842,60.253,0.085,3.926,3.246,24907.484,19869.71,8807.295,2017,October,Thursday,7
7160,2017-10-26 08:00:00,21.435,56.925,0.084,125.675,45.9,27872.56,21871.992,9928.754,2017,October,Thursday,8
7161,2017-10-26 09:00:00,21.41,57.982,0.085,99.08,61.093,30727.352,23919.71,9099.088,2017,October,Thursday,9
7162,2017-10-26 10:00:00,20.337,65.572,0.084,96.64,83.298,32407.877,25623.859,9437.568,2017,October,Thursday,10
7163,2017-10-26 11:00:00,20.812,65.062,0.085,167.217,137.283,33352.123,26176.556,10380.061,2017,October,Thursday,11
7164,2017-10-26 12:00:00,20.177,72.2,0.082,437.2,254.083,33862.582,26241.286,10883.891,2017,October,Thursday,12
7165,2017-10-26 13:00:00,20.437,72.65,0.082,296.833,136.833,33199.825,26662.033,11225.289,2017,October,Thursday,13
7166,2017-10-26 14:00:00,18.083,80.75,0.08,84.642,75.148,33120.0,26793.361,11044.377,2017,October,Thursday,14
7167,2017-10-26 15:00:00,16.815,86.95,0.082,109.917,93.983,31694.705,26110.581,11512.219,2017,October,Thursday,15
7168,2017-10-26 16:00:00,16.383,88.983,0.083,62.105,52.428,30934.267,25531.743,11594.894,2017,October,Thursday,16
7169,2017-10-26 17:00:00,16.46,88.283,0.084,24.647,21.23,34951.772,28918.257,16303.465,2017,October,Thursday,17
7170,2017-10-26 18:00:00,17.482,83.117,0.085,5.152,4.543,41430.197,34467.635,19768.997,2017,October,Thursday,18
7171,2017-10-26 19:00:00,17.822,78.983,0.082,0.076,0.117,41338.818,33936.1,19751.489,2017,October,Thursday,19
7172,2017-10-26 20:00:00,18.883,67.193,0.081,0.084,0.101,40305.295,32785.892,19426.626,2017,October,Thursday,20
7173,2017-10-26 21:00:00,18.79,67.472,0.082,0.074,0.107,37052.429,29683.195,18427.72,2017,October,Thursday,21
7174,2017-10-26 22:00:00,18.32,69.533,0.083,0.072,0.099,31735.667,26225.104,16346.261,2017,October,Thursday,22
7175,2017-10-26 23:00:00,18.388,68.46,0.085,0.068,0.115,28008.053,22892.116,14584.802,2017,October,Thursday,23
7176,2017-10-27 00:00:00,18.157,70.56,0.081,0.064,0.112,25535.58,20307.884,13084.985,2017,October,Friday,0
7177,2017-10-27 01:00:00,17.962,70.758,0.082,0.066,0.109,23726.915,18389.627,11799.149,2017,October,Friday,1
7178,2017-10-27 02:00:00,17.843,69.302,0.084,0.062,0.104,22992.735,17696.888,10971.429,2017,October,Friday,2
7179,2017-10-27 03:00:00,17.745,68.665,0.085,0.063,0.11,22593.611,17563.071,10814.833,2017,October,Friday,3
7180,2017-10-27 04:00:00,17.648,69.497,0.083,0.052,0.108,22872.998,17754.149,11381.884,2017,October,Friday,4
7181,2017-10-27 05:00:00,17.178,72.417,0.081,0.06,0.104,23413.917,19495.021,11867.234,2017,October,Friday,5
7182,2017-10-27 06:00:00,17.938,68.74,0.084,0.041,0.108,21661.969,19989.834,10142.736,2017,October,Friday,6
7183,2017-10-27 07:00:00,17.885,68.373,0.082,2.464,2.173,24283.589,19882.158,8960.973,2017,October,Friday,7
7184,2017-10-27 08:00:00,18.008,67.165,0.084,58.602,43.375,26653.129,21552.697,9416.17,2017,October,Friday,8
7185,2017-10-27 09:00:00,18.538,67.06,4.664,178.883,103.383,29327.265,23800.83,10667.964,2017,October,Friday,9
7186,2017-10-27 10:00:00,18.237,73.017,3.925,218.333,146.933,30771.466,25486.307,11360.486,2017,October,Friday,10
7187,2017-10-27 11:00:00,19.723,65.962,4.923,226.95,188.883,32069.672,26581.743,12046.201,2017,October,Friday,11
7188,2017-10-27 12:00:00,20.627,58.933,4.923,496.233,177.217,30923.764,25998.548,12270.881,2017,October,Friday,12
7189,2017-10-27 13:00:00,21.332,55.65,4.922,378.067,228.783,31487.79,25767.635,12251.429,2017,October,Friday,13
7190,2017-10-27 14:00:00,21.983,50.485,4.923,445.35,145.4,31222.057,25627.593,11332.28,2017,October,Friday,14
7191,2017-10-27 15:00:00,22.223,52.77,4.92,317.083,146.867,30466.871,24991.494,10631.003,2017,October,Friday,15
7192,2017-10-27 16:00:00,21.507,57.85,4.922,130.8,76.675,29943.807,24478.631,10535.684,2017,October,Friday,16
7193,2017-10-27 17:00:00,21.195,57.693,4.922,84.188,44.117,34431.86,28101.037,14645.106,2017,October,Friday,17
7194,2017-10-27 18:00:00,20.495,57.305,4.923,11.44,7.08,40313.698,32787.759,17855.805,2017,October,Friday,18
7195,2017-10-27 19:00:00,19.74,61.542,4.922,0.062,0.086,40018.556,32797.095,18063.951,2017,October,Friday,19
7196,2017-10-27 20:00:00,18.932,64.782,4.919,0.058,0.093,39585.821,31884.647,17874.286,2017,October,Friday,20
7197,2017-10-27 21:00:00,18.235,68.962,4.917,0.039,0.124,36896.98,29807.676,17159.392,2017,October,Friday,21
7198,2017-10-27 22:00:00,17.058,75.467,4.918,0.049,0.138,32811.204,26606.639,15404.742,2017,October,Friday,22
7199,2017-10-27 23:00:00,16.213,78.733,4.918,0.039,0.135,28728.578,22739.627,13531.429,2017,October,Friday,23
7200,2017-10-28 00:00:00,15.233,82.55,4.919,0.046,0.14,26146.871,20342.739,12425.532,2017,October,Saturday,0
7201,2017-10-28 01:00:00,14.655,84.333,4.915,0.051,0.167,24312.998,18512.241,10888.754,2017,October,Saturday,1
7202,2017-10-28 02:00:00,14.208,85.2,4.914,0.046,0.154,23257.418,17802.075,10519.149,2017,October,Saturday,2
7203,2017-10-28 03:00:00,13.952,86.283,4.914,0.047,0.154,22804.726,17587.967,10410.213,2017,October,Saturday,3
7204,2017-10-28 04:00:00,13.49,86.85,4.912,0.039,0.163,22923.414,17816.39,10387.842,2017,October,Saturday,4
7205,2017-10-28 05:00:00,13.14,87.0,4.912,0.037,0.153,24038.862,19149.585,10926.687,2017,October,Saturday,5
7206,2017-10-28 06:00:00,12.847,86.617,4.912,0.052,0.149,22558.95,18201.037,9419.088,2017,October,Saturday,6
7207,2017-10-28 07:00:00,12.413,87.45,4.913,4.832,3.145,23310.985,18723.237,8449.362,2017,October,Saturday,7
7208,2017-10-28 08:00:00,12.29,87.933,4.914,116.393,22.063,26260.306,21039.834,9290.699,2017,October,Saturday,8
7209,2017-10-28 09:00:00,13.572,85.783,4.916,285.45,34.872,29230.635,23378.838,10275.015,2017,October,Saturday,9
7210,2017-10-28 10:00:00,15.93,78.267,4.916,431.517,68.512,31600.175,25158.299,10883.891,2017,October,Saturday,10
7211,2017-10-28 11:00:00,19.46,68.925,4.916,542.883,166.683,32231.422,26434.232,11779.696,2017,October,Saturday,11
7212,2017-10-28 12:00:00,20.127,68.952,4.921,553.317,145.133,32174.705,26719.295,12183.343,2017,October,Saturday,12
7213,2017-10-28 13:00:00,20.765,65.712,4.922,603.767,79.772,31668.446,26663.278,12211.55,2017,October,Saturday,13
7214,2017-10-28 14:00:00,20.838,65.6,4.921,539.7,50.242,31007.79,25836.1,11518.055,2017,October,Saturday,14
7215,2017-10-28 15:00:00,20.795,65.088,4.917,426.867,43.195,30097.155,24893.154,11162.067,2017,October,Saturday,15
7216,2017-10-28 16:00:00,20.555,66.762,4.92,213.152,39.113,29434.398,24267.012,11167.903,2017,October,Saturday,16
7217,2017-10-28 17:00:00,20.137,70.968,4.922,83.243,30.175,34099.956,27677.801,14485.593,2017,October,Saturday,17
7218,2017-10-28 18:00:00,19.618,74.017,4.923,11.249,6.175,40723.326,32630.29,17818.845,2017,October,Saturday,18
7219,2017-10-28 19:00:00,18.88,77.467,4.921,0.062,0.082,40323.151,32193.361,18182.614,2017,October,Saturday,19
7220,2017-10-28 20:00:00,18.84,76.483,4.921,0.051,0.094,38794.923,30853.942,18002.675,2017,October,Saturday,20
7221,2017-10-28 21:00:00,18.807,74.167,4.92,0.044,0.118,36892.779,28663.693,17341.277,2017,October,Saturday,21
7222,2017-10-28 22:00:00,18.755,74.767,4.92,0.06,0.118,33209.278,25860.996,15577.872,2017,October,Saturday,22
7223,2017-10-28 23:00:00,17.602,77.633,4.919,0.056,0.117,28546.871,22240.456,13194.894,2017,October,Saturday,23
7224,2017-10-29 00:00:00,16.585,81.267,4.919,0.045,0.13,25807.615,19787.552,12158.055,2017,October,Sunday,0
7225,2017-10-29 01:00:00,16.457,82.233,4.917,0.053,0.128,24105.033,18224.066,11456.778,2017,October,Sunday,1
7226,2017-10-29 02:00:00,16.335,82.267,4.916,0.051,0.101,23465.383,17139.834,11165.957,2017,October,Sunday,2
7227,2017-10-29 03:00:00,15.707,84.083,4.915,0.052,0.136,23117.724,16697.303,10626.14,2017,October,Sunday,3
7228,2017-10-29 04:00:00,15.26,85.233,4.914,0.049,0.137,22890.853,16730.29,10467.599,2017,October,Sunday,4
7229,2017-10-29 05:00:00,14.96,85.833,4.914,0.049,0.15,23450.678,16884.647,10767.173,2017,October,Sunday,5
7230,2017-10-29 06:00:00,14.883,86.717,4.913,0.051,0.122,20557.024,14172.199,8647.781,2017,October,Sunday,6
7231,2017-10-29 07:00:00,14.895,86.933,4.916,3.604,2.881,20187.309,13378.008,7736.413,2017,October,Sunday,7
7232,2017-10-29 08:00:00,15.348,87.15,4.916,46.69,30.23,22406.652,15571.369,8517.447,2017,October,Sunday,8
7233,2017-10-29 09:00:00,16.838,86.483,4.918,187.2,113.383,25870.635,18586.307,9493.009,2017,October,Sunday,9
7234,2017-10-29 10:00:00,19.762,76.667,4.917,223.633,167.3,27815.842,20537.552,10161.216,2017,October,Sunday,10
7235,2017-10-29 11:00:00,20.613,71.05,4.92,235.133,200.35,29510.022,21399.585,11017.143,2017,October,Sunday,11
7236,2017-10-29 12:00:00,21.017,71.6,4.921,303.483,245.4,30276.761,22289.627,11743.708,2017,October,Sunday,12
7237,2017-10-29 13:00:00,21.267,71.7,4.922,310.683,249.133,30635.974,22528.008,11778.723,2017,October,Sunday,13
7238,2017-10-29 14:00:00,21.705,69.31,4.922,481.817,180.083,29756.849,22263.485,11930.456,2017,October,Sunday,14
7239,2017-10-29 15:00:00,22.195,65.46,4.921,400.017,84.157,28967.002,21727.593,11770.942,2017,October,Sunday,15
7240,2017-10-29 16:00:00,21.96,66.543,4.919,271.933,43.463,28177.155,21319.917,11514.164,2017,October,Sunday,16
7241,2017-10-29 17:00:00,21.328,68.383,4.919,115.918,33.195,32489.803,24820.954,14347.477,2017,October,Sunday,17
7242,2017-10-29 18:00:00,20.378,73.35,4.922,9.307,5.758,38674.136,30166.183,17313.07,2017,October,Sunday,18
7243,2017-10-29 19:00:00,19.662,78.033,4.921,0.066,0.08,39457.681,30407.054,17402.553,2017,October,Sunday,19
7244,2017-10-29 20:00:00,17.898,80.233,4.922,0.052,0.099,38978.731,29897.303,17344.195,2017,October,Sunday,20
7245,2017-10-29 21:00:00,17.258,83.567,4.92,0.058,0.087,36737.33,28465.768,16566.079,2017,October,Sunday,21
7246,2017-10-29 22:00:00,17.325,85.917,4.918,0.052,0.103,33401.488,25963.071,14862.979,2017,October,Sunday,22
7247,2017-10-29 23:00:00,17.195,86.983,4.92,0.055,0.118,28947.046,22368.672,13173.495,2017,October,Sunday,23
7248,2017-10-30 00:00:00,18.692,82.5,4.919,0.044,0.132,25909.497,19605.187,11835.137,2017,October,Monday,0
7249,2017-10-30 01:00:00,19.442,79.533,4.916,0.045,0.107,24073.523,17968.88,10996.717,2017,October,Monday,1
7250,2017-10-30 02:00:00,18.155,82.1,4.916,0.049,0.139,23401.313,17022.199,10980.182,2017,October,Monday,2
7251,2017-10-30 03:00:00,16.515,84.367,4.916,0.047,0.142,22901.357,16714.73,11063.83,2017,October,Monday,3
7252,2017-10-30 04:00:00,16.32,85.417,4.917,0.049,0.135,22967.527,16900.207,11089.119,2017,October,Monday,4
7253,2017-10-30 05:00:00,15.988,85.967,4.916,0.043,0.125,23861.357,17673.859,11041.459,2017,October,Monday,5
7254,2017-10-30 06:00:00,15.84,86.433,4.914,0.052,0.139,21880.438,16553.527,9169.119,2017,October,Monday,6
7255,2017-10-30 07:00:00,15.947,86.5,4.915,2.527,2.177,23322.538,18042.324,7839.514,2017,October,Monday,7
7256,2017-10-30 08:00:00,16.073,86.7,4.916,54.48,40.425,25871.685,19973.651,8432.827,2017,October,Monday,8
7257,2017-10-30 09:00:00,16.585,86.067,4.918,132.467,107.317,28762.188,21985.27,9769.24,2017,October,Monday,9
7258,2017-10-30 10:00:00,17.815,84.367,4.921,173.6,147.4,30966.827,24274.481,10148.571,2017,October,Monday,10
7259,2017-10-30 11:00:00,20.223,80.967,4.919,220.4,185.883,32572.779,26001.66,10294.468,2017,October,Monday,11
7260,2017-10-30 12:00:00,20.948,74.9,4.918,197.75,164.3,33056.98,27192.946,10840.122,2017,October,Monday,12
7261,2017-10-30 13:00:00,21.227,74.2,4.918,250.367,205.217,33308.009,27192.324,10807.052,2017,October,Monday,13
7262,2017-10-30 14:00:00,21.34,75.867,4.922,285.233,231.567,32447.79,26915.353,10649.483,2017,October,Monday,14
7263,2017-10-30 15:00:00,21.213,75.967,4.924,142.517,121.367,31531.904,26785.892,10441.337,2017,October,Monday,15
7264,2017-10-30 16:00:00,21.045,74.75,4.922,111.333,96.483,31168.49,25546.058,11377.994,2017,October,Monday,16
7265,2017-10-30 17:00:00,21.142,73.15,4.328,60.253,49.353,35816.193,29053.942,14849.362,2017,October,Monday,17
7266,2017-10-30 18:00:00,20.712,76.65,0.07,1.842,1.724,41209.628,33485.477,17359.757,2017,October,Monday,18
7267,2017-10-30 19:00:00,20.228,80.283,0.07,0.047,0.113,40622.495,33100.83,17227.477,2017,October,Monday,19
7268,2017-10-30 20:00:00,19.503,84.65,0.074,0.046,0.108,39883.063,32409.336,17172.036,2017,October,Monday,20
7269,2017-10-30 21:00:00,19.23,86.883,0.072,0.057,0.134,37438.95,30626.763,16626.383,2017,October,Monday,21
7270,2017-10-30 22:00:00,19.132,88.067,0.07,0.051,0.096,33646.214,27123.859,14913.556,2017,October,Monday,22
7271,2017-10-30 23:00:00,19.462,86.65,0.069,0.049,0.108,29414.442,23495.851,13428.328,2017,October,Monday,23
7272,2017-10-31 00:00:00,19.962,81.5,0.07,0.047,0.127,26364.289,20756.639,12119.149,2017,October,Tuesday,0
7273,2017-10-31 01:00:00,20.052,79.817,0.069,0.036,0.128,24555.624,18881.95,11008.389,2017,October,Tuesday,1
7274,2017-10-31 02:00:00,20.17,77.25,0.071,0.057,0.151,23491.641,18107.054,10595.988,2017,October,Tuesday,2
7275,2017-10-31 03:00:00,20.113,73.567,0.071,0.047,0.135,23026.346,17863.693,10534.711,2017,October,Tuesday,3
7276,2017-10-31 04:00:00,20.085,74.05,0.07,0.057,0.106,23416.018,17830.705,10898.48,2017,October,Tuesday,4
7277,2017-10-31 05:00:00,19.618,77.833,0.071,0.051,0.11,23931.729,18411.411,11052.158,2017,October,Tuesday,5
7278,2017-10-31 06:00:00,18.628,84.433,0.071,0.052,0.118,21915.098,17134.855,9349.058,2017,October,Tuesday,6
7279,2017-10-31 07:00:00,18.673,85.05,0.068,0.676,0.62,23167.09,18666.598,8667.234,2017,October,Tuesday,7
7280,2017-10-31 08:00:00,19.542,74.15,0.072,13.697,12.154,26072.298,20578.631,9166.201,2017,October,Tuesday,8
7281,2017-10-31 09:00:00,19.722,76.5,0.071,38.698,33.725,28752.735,22556.017,9470.638,2017,October,Tuesday,9
7282,2017-10-31 10:00:00,19.998,74.8,0.072,102.0,90.232,31195.799,24214.73,10013.374,2017,October,Tuesday,10
7283,2017-10-31 11:00:00,20.323,71.615,0.072,96.095,83.28,32068.621,25545.436,10457.872,2017,October,Tuesday,11
7284,2017-10-31 12:00:00,20.413,69.168,0.073,89.332,72.335,32643.151,26350.83,10980.182,2017,October,Tuesday,12
7285,2017-10-31 13:00:00,20.885,66.155,0.074,187.333,153.3,33154.661,26818.88,11289.483,2017,October,Tuesday,13
7286,2017-10-31 14:00:00,19.76,68.767,0.08,76.66,63.01,32714.573,26535.685,11385.775,2017,October,Tuesday,14
7287,2017-10-31 15:00:00,17.488,74.167,0.082,45.82,40.833,31657.943,26379.461,11436.353,2017,October,Tuesday,15
7288,2017-10-31 16:00:00,17.26,75.33,0.081,22.793,19.948,31806.039,26115.56,11431.489,2017,October,Tuesday,16
7289,2017-10-31 17:00:00,17.778,71.295,0.081,18.473,15.947,36555.624,30402.697,14860.061,2017,October,Tuesday,17
7290,2017-10-31 18:00:00,19.768,52.84,0.083,1.364,1.202,41734.792,34621.992,17663.222,2017,October,Tuesday,18
7291,2017-10-31 19:00:00,18.942,55.495,0.082,0.047,0.113,41205.427,34106.017,17816.9,2017,October,Tuesday,19
7292,2017-10-31 20:00:00,18.758,53.03,0.084,0.06,0.092,40316.849,33172.407,17443.404,2017,October,Tuesday,20
7293,2017-10-31 21:00:00,17.503,62.208,0.085,0.06,0.098,37927.352,31247.925,16407.538,2017,October,Tuesday,21
7294,2017-10-31 22:00:00,17.253,63.343,0.085,0.051,0.115,34320.525,27951.037,15139.21,2017,October,Tuesday,22
7295,2017-10-31 23:00:00,17.37,58.345,0.081,0.049,0.115,30101.357,24374.066,13446.809,2017,October,Tuesday,23
7296,2017-11-01 00:00:00,17.713,52.302,0.082,0.056,0.111,26139.487,21414.05,12032.771,2017,November,Wednesday,0
7297,2017-11-01 01:00:00,17.308,54.28,0.084,0.055,0.105,24165.128,19080.992,10792.289,2017,November,Wednesday,1
7298,2017-11-01 02:00:00,16.693,58.097,0.087,0.055,0.111,23273.846,18259.711,10506.024,2017,November,Wednesday,2
7299,2017-11-01 03:00:00,16.415,58.197,0.086,0.051,0.119,22831.795,17869.835,10329.639,2017,November,Wednesday,3
7300,2017-11-01 04:00:00,16.588,57.382,0.085,0.058,0.118,22961.026,17802.273,10448.193,2017,November,Wednesday,4
7301,2017-11-01 05:00:00,16.418,56.553,0.084,0.05,0.109,23735.385,18637.19,10582.169,2017,November,Wednesday,5
7302,2017-11-01 06:00:00,16.437,51.507,0.084,0.056,0.101,21825.641,17282.231,8673.735,2017,November,Wednesday,6
7303,2017-11-01 07:00:00,15.695,57.628,0.088,2.054,1.856,22831.795,18544.835,7799.518,2017,November,Wednesday,7
7304,2017-11-01 08:00:00,15.85,59.495,0.083,30.975,26.213,25358.974,20496.074,8763.373,2017,November,Wednesday,8
7305,2017-11-01 09:00:00,16.45,57.438,0.084,121.85,102.52,28073.846,22194.421,9740.723,2017,November,Wednesday,9
7306,2017-11-01 10:00:00,18.627,45.185,0.084,333.2,318.217,31213.333,23206.612,10016.386,2017,November,Wednesday,10
7307,2017-11-01 11:00:00,19.735,43.723,0.084,656.883,643.417,33095.385,24825.62,10137.831,2017,November,Wednesday,11
7308,2017-11-01 12:00:00,20.23,42.502,0.086,538.7,488.083,33301.538,25632.645,10535.904,2017,November,Wednesday,12
7309,2017-11-01 13:00:00,20.257,42.49,0.084,527.233,453.35,33077.949,25940.083,11851.566,2017,November,Wednesday,13
7310,2017-11-01 14:00:00,20.6,42.0,0.085,555.2,393.517,32285.128,26364.669,11843.855,2017,November,Wednesday,14
7311,2017-11-01 15:00:00,20.763,40.387,0.084,285.617,179.367,31467.692,26610.124,11647.229,2017,November,Wednesday,15
7312,2017-11-01 16:00:00,20.772,37.457,0.084,192.133,103.867,31118.974,26427.273,11599.036,2017,November,Wednesday,16
7313,2017-11-01 17:00:00,20.392,39.392,0.083,68.913,48.512,35671.795,30402.893,15162.41,2017,November,Wednesday,17
7314,2017-11-01 18:00:00,19.868,43.168,0.087,7.139,6.253,40432.821,34229.132,17840.0,2017,November,Wednesday,18
7315,2017-11-01 19:00:00,19.352,46.992,0.087,0.082,0.066,39921.026,33635.331,17721.446,2017,November,Wednesday,19
7316,2017-11-01 20:00:00,19.568,45.938,0.085,0.085,0.06,38970.256,32959.711,17535.422,2017,November,Wednesday,20
7317,2017-11-01 21:00:00,19.777,45.682,0.086,0.077,0.082,36736.41,31309.711,16787.47,2017,November,Wednesday,21
7318,2017-11-01 22:00:00,20.568,42.445,0.083,0.085,0.074,33338.462,28361.777,15339.759,2017,November,Wednesday,22
7319,2017-11-01 23:00:00,20.477,43.415,0.083,0.074,0.07,29131.282,24439.463,13299.277,2017,November,Wednesday,23
7320,2017-11-02 00:00:00,20.177,45.982,0.082,0.076,0.083,26030.769,21356.405,12095.422,2017,November,Thursday,0
7321,2017-11-02 01:00:00,20.02,46.8,0.081,0.082,0.074,24100.513,19463.43,10997.59,2017,November,Thursday,1
7322,2017-11-02 02:00:00,19.828,48.393,0.083,0.092,0.066,22862.564,18135.124,10551.325,2017,November,Thursday,2
7323,2017-11-02 03:00:00,19.277,54.337,0.082,0.088,0.075,22438.974,17960.331,10339.277,2017,November,Thursday,3
7324,2017-11-02 04:00:00,19.458,55.443,0.082,0.08,0.072,22654.359,18120.248,10330.602,2017,November,Thursday,4
7325,2017-11-02 05:00:00,19.087,55.902,0.081,0.076,0.094,23420.513,18651.446,10666.988,2017,November,Thursday,5
7326,2017-11-02 06:00:00,19.508,54.558,0.081,0.078,0.072,21494.359,17218.388,8617.831,2017,November,Thursday,6
7327,2017-11-02 07:00:00,19.373,56.848,0.08,4.244,3.541,22282.051,18355.785,7725.301,2017,November,Thursday,7
7328,2017-11-02 08:00:00,19.517,56.922,0.082,31.342,22.395,24543.59,20138.43,8277.59,2017,November,Thursday,8
7329,2017-11-02 09:00:00,20.03,55.998,0.082,202.517,173.1,27631.795,22105.165,9696.386,2017,November,Thursday,9
7330,2017-11-02 10:00:00,20.332,55.027,0.083,228.017,200.35,29534.359,22578.099,11795.663,2017,November,Thursday,10
7331,2017-11-02 11:00:00,21.208,53.537,0.082,623.0,583.917,31156.923,23680.785,12466.506,2017,November,Thursday,11
7332,2017-11-02 12:00:00,21.39,52.635,0.084,539.7,477.867,31765.128,24831.818,12341.205,2017,November,Thursday,12
7333,2017-11-02 13:00:00,22.342,50.007,0.083,778.333,745.4,31902.564,24712.19,12642.892,2017,November,Thursday,13
7334,2017-11-02 14:00:00,22.577,48.245,0.084,356.067,308.0,32030.769,25900.413,11073.735,2017,November,Thursday,14
7335,2017-11-02 15:00:00,21.9,51.322,0.084,296.283,199.633,31769.231,26365.289,10890.602,2017,November,Thursday,15
7336,2017-11-02 16:00:00,22.322,49.222,0.085,218.467,121.917,31232.821,26056.612,11265.542,2017,November,Thursday,16
7337,2017-11-02 17:00:00,21.688,52.397,0.084,60.692,50.933,35713.846,30140.702,15365.783,2017,November,Thursday,17
7338,2017-11-02 18:00:00,20.423,60.002,0.084,3.741,3.215,40250.256,33975.62,17776.386,2017,November,Thursday,18
7339,2017-11-02 19:00:00,19.615,63.617,0.084,0.071,0.063,39603.077,33306.198,17668.434,2017,November,Thursday,19
7340,2017-11-02 20:00:00,19.058,66.843,0.084,0.06,0.089,39023.59,32673.347,17539.277,2017,November,Thursday,20
7341,2017-11-02 21:00:00,18.132,73.868,0.084,0.056,0.105,36764.103,30913.017,16890.602,2017,November,Thursday,21
7342,2017-11-02 22:00:00,17.572,77.317,0.083,0.057,0.125,33472.821,27597.521,15080.482,2017,November,Thursday,22
7343,2017-11-02 23:00:00,16.807,79.983,0.08,0.059,0.123,29230.769,23950.413,13322.41,2017,November,Thursday,23
7344,2017-11-03 00:00:00,16.302,80.55,0.082,0.054,0.108,25828.718,20620.661,11683.855,2017,November,Friday,0
7345,2017-11-03 01:00:00,16.075,80.9,0.083,0.061,0.115,23948.718,18766.736,10787.47,2017,November,Friday,1
7346,2017-11-03 02:00:00,15.775,81.533,0.082,0.056,0.127,22654.359,17817.769,10293.012,2017,November,Friday,2
7347,2017-11-03 03:00:00,15.42,81.6,0.083,0.054,0.13,22165.128,17523.967,10042.41,2017,November,Friday,3
7348,2017-11-03 04:00:00,14.92,83.2,0.081,0.047,0.133,22092.308,17442.769,10493.494,2017,November,Friday,4
7349,2017-11-03 05:00:00,14.885,84.217,0.081,0.054,0.125,22871.795,18139.463,10739.277,2017,November,Friday,5
7350,2017-11-03 06:00:00,14.725,84.367,0.082,0.052,0.132,21052.308,16962.397,9028.434,2017,November,Friday,6
7351,2017-11-03 07:00:00,14.505,85.117,0.082,1.878,1.666,22122.051,18357.645,7844.819,2017,November,Friday,7
7352,2017-11-03 08:00:00,14.462,85.433,0.083,53.022,36.502,25055.385,20486.777,8003.855,2017,November,Friday,8
7353,2017-11-03 09:00:00,15.313,84.467,0.083,219.133,164.783,27516.923,22336.364,9910.361,2017,November,Friday,9
7354,2017-11-03 10:00:00,17.033,79.25,0.082,282.3,235.383,32288.205,20591.529,11262.651,2017,November,Friday,10
7355,2017-11-03 11:00:00,18.768,71.177,0.084,413.433,362.85,31458.462,23823.347,11875.663,2017,November,Friday,11
7356,2017-11-03 12:00:00,21.615,58.85,0.087,487.817,442.1,29891.282,25899.174,11268.434,2017,November,Friday,12
7357,2017-11-03 13:00:00,22.438,53.337,0.086,416.783,377.367,30418.462,26316.942,11333.976,2017,November,Friday,13
7358,2017-11-03 14:00:00,23.03,52.518,0.077,538.9,527.95,30815.385,26158.264,10944.578,2017,November,Friday,14
7359,2017-11-03 15:00:00,21.715,58.983,0.073,265.433,219.15,31060.513,25976.033,10990.843,2017,November,Friday,15
7360,2017-11-03 16:00:00,20.958,62.975,0.07,106.45,88.05,31376.41,25896.694,11329.157,2017,November,Friday,16
7361,2017-11-03 17:00:00,20.315,68.132,0.073,28.183,23.08,34986.667,29689.463,14825.06,2017,November,Friday,17
7362,2017-11-03 18:00:00,19.622,74.633,0.08,2.246,1.941,39133.333,33092.975,17258.795,2017,November,Friday,18
7363,2017-11-03 19:00:00,18.807,78.933,0.08,0.063,0.069,38713.846,32664.669,17466.988,2017,November,Friday,19
7364,2017-11-03 20:00:00,17.642,82.0,0.072,0.063,0.086,38211.282,32306.405,17611.566,2017,November,Friday,20
7365,2017-11-03 21:00:00,17.058,83.8,0.072,0.064,0.101,36298.462,30984.917,17074.699,2017,November,Friday,21
7366,2017-11-03 22:00:00,16.487,84.95,0.08,0.049,0.11,33341.538,28023.967,15939.277,2017,November,Friday,22
7367,2017-11-03 23:00:00,16.36,84.883,0.083,0.053,0.122,29591.795,25051.86,14353.735,2017,November,Friday,23
7368,2017-11-04 00:00:00,16.028,84.567,0.081,0.047,0.13,25852.308,21548.554,12547.47,2017,November,Saturday,0
7369,2017-11-04 01:00:00,15.508,85.55,0.08,0.055,0.126,23887.179,19500.62,11406.265,2017,November,Saturday,1
7370,2017-11-04 02:00:00,15.157,86.15,0.079,0.048,0.133,22712.821,18188.43,10737.349,2017,November,Saturday,2
7371,2017-11-04 03:00:00,14.753,87.133,0.078,0.041,0.158,22187.692,17741.529,10586.024,2017,November,Saturday,3
7372,2017-11-04 04:00:00,14.21,87.733,0.082,0.051,0.141,22202.051,17921.901,10660.241,2017,November,Saturday,4
7373,2017-11-04 05:00:00,14.022,87.95,0.082,0.061,0.124,22964.103,18551.653,10851.084,2017,November,Saturday,5
7374,2017-11-04 06:00:00,14.168,87.2,0.08,0.054,0.13,20907.692,16706.405,9099.759,2017,November,Saturday,6
7375,2017-11-04 07:00:00,13.695,87.3,0.081,1.917,1.609,21374.359,16775.207,8026.988,2017,November,Saturday,7
7376,2017-11-04 08:00:00,13.84,85.5,0.081,94.253,53.768,23963.077,18885.124,8907.952,2017,November,Saturday,8
7377,2017-11-04 09:00:00,14.92,81.6,0.082,254.4,252.7,27051.282,21774.793,9832.289,2017,November,Saturday,9
7378,2017-11-04 10:00:00,17.082,76.5,0.084,402.633,418.9,29704.615,23972.107,10416.386,2017,November,Saturday,10
7379,2017-11-04 11:00:00,19.89,65.38,0.084,507.017,532.15,31118.974,25286.157,10961.928,2017,November,Saturday,11
7380,2017-11-04 12:00:00,22.555,57.718,0.073,525.283,544.417,31990.769,26644.215,11631.807,2017,November,Saturday,12
7381,2017-11-04 13:00:00,22.993,55.722,0.071,555.433,593.267,32343.59,26769.421,11533.494,2017,November,Saturday,13
7382,2017-11-04 14:00:00,23.293,55.065,0.074,490.183,520.733,31286.154,26069.628,11718.554,2017,November,Saturday,14
7383,2017-11-04 15:00:00,23.312,55.005,0.073,392.633,399.267,30262.564,25243.388,11749.398,2017,November,Saturday,15
7384,2017-11-04 16:00:00,23.095,55.758,0.073,245.817,165.768,29971.282,24639.669,11740.723,2017,November,Saturday,16
7385,2017-11-04 17:00:00,22.443,57.668,0.073,100.172,22.385,34700.513,28726.24,15461.205,2017,November,Saturday,17
7386,2017-11-04 18:00:00,21.033,63.957,0.076,6.393,3.553,39505.641,32656.612,18175.422,2017,November,Saturday,18
7387,2017-11-04 19:00:00,18.748,74.533,0.076,0.09,0.049,38860.513,32005.165,17857.349,2017,November,Saturday,19
7388,2017-11-04 20:00:00,17.542,79.633,0.072,0.08,0.084,37520.0,31007.231,17204.819,2017,November,Saturday,20
7389,2017-11-04 21:00:00,16.932,81.783,0.071,0.066,0.09,35553.846,29329.959,16734.458,2017,November,Saturday,21
7390,2017-11-04 22:00:00,16.507,82.95,0.069,0.071,0.094,34338.462,27443.182,15920.0,2017,November,Saturday,22
7391,2017-11-04 23:00:00,15.938,84.35,0.071,0.066,0.086,30452.308,24153.719,14277.59,2017,November,Saturday,23
7392,2017-11-05 00:00:00,15.698,85.117,0.071,0.055,0.124,26694.359,20918.182,12809.639,2017,November,Sunday,0
7393,2017-11-05 01:00:00,15.47,85.5,0.07,0.055,0.114,24498.462,18613.636,11609.639,2017,November,Sunday,1
7394,2017-11-05 02:00:00,15.303,85.483,0.071,0.048,0.125,23218.462,17121.694,10711.325,2017,November,Sunday,2
7395,2017-11-05 03:00:00,15.088,86.3,0.072,0.051,0.098,22458.462,16569.421,10341.205,2017,November,Sunday,3
7396,2017-11-05 04:00:00,14.797,87.0,0.073,0.06,0.13,22291.282,16514.876,10300.723,2017,November,Sunday,4
7397,2017-11-05 05:00:00,15.152,87.067,0.074,0.059,0.125,22773.333,16829.752,10299.759,2017,November,Sunday,5
7398,2017-11-05 06:00:00,15.2,86.533,0.073,0.048,0.126,19766.154,14181.198,8346.988,2017,November,Sunday,6
7399,2017-11-05 07:00:00,15.535,87.333,0.073,2.047,1.741,19250.256,13198.14,7242.41,2017,November,Sunday,7
7400,2017-11-05 08:00:00,15.657,88.017,0.073,87.192,65.712,21167.179,14885.95,8014.458,2017,November,Sunday,8
7401,2017-11-05 09:00:00,18.715,85.633,0.07,250.633,252.417,24386.667,17615.083,9177.831,2017,November,Sunday,9
7402,2017-11-05 10:00:00,20.54,76.25,0.068,400.9,417.117,27080.0,19976.653,10116.627,2017,November,Sunday,10
7403,2017-11-05 11:00:00,21.168,69.71,0.069,504.983,532.783,28621.538,21236.777,10668.916,2017,November,Sunday,11
7404,2017-11-05 12:00:00,21.382,68.082,0.069,556.983,595.017,29558.974,21838.017,11433.253,2017,November,Sunday,12
7405,2017-11-05 13:00:00,21.765,65.232,0.07,551.867,597.85,29361.026,22073.554,11549.88,2017,November,Sunday,13
7406,2017-11-05 14:00:00,21.762,68.298,0.07,494.783,541.967,28241.026,21860.95,11342.651,2017,November,Sunday,14
7407,2017-11-05 15:00:00,21.437,71.533,0.07,385.783,417.167,25988.718,21503.306,11422.651,2017,November,Sunday,15
7408,2017-11-05 16:00:00,21.228,72.767,0.07,236.75,210.383,26401.026,21269.008,11447.711,2017,November,Sunday,16
7409,2017-11-05 17:00:00,20.857,74.483,0.071,89.315,24.987,31251.282,25514.256,14960.0,2017,November,Sunday,17
7410,2017-11-05 18:00:00,20.133,77.383,0.068,4.662,3.096,36594.872,29771.901,17356.145,2017,November,Sunday,18
7411,2017-11-05 19:00:00,19.762,74.4,0.068,0.068,0.077,36584.615,29651.033,17323.373,2017,November,Sunday,19
7412,2017-11-05 20:00:00,19.803,68.252,0.069,0.074,0.082,36516.923,29250.62,17261.687,2017,November,Sunday,20
7413,2017-11-05 21:00:00,19.625,71.675,0.07,0.07,0.104,34870.769,28084.711,16485.783,2017,November,Sunday,21
7414,2017-11-05 22:00:00,19.415,74.733,0.069,0.052,0.114,33038.974,26251.24,15162.41,2017,November,Sunday,22
7415,2017-11-05 23:00:00,19.385,72.967,0.07,0.055,0.124,29069.744,22787.603,13626.988,2017,November,Sunday,23
7416,2017-11-06 00:00:00,19.203,74.5,0.069,0.051,0.132,25943.59,19894.835,12201.446,2017,November,Monday,0
7417,2017-11-06 01:00:00,19.01,77.0,0.069,0.048,0.123,23749.744,17784.298,10962.892,2017,November,Monday,1
7418,2017-11-06 02:00:00,18.852,78.583,0.069,0.055,0.132,22156.923,16439.256,10276.627,2017,November,Monday,2
7419,2017-11-06 03:00:00,18.642,80.333,0.068,0.056,0.127,21843.077,15932.231,10133.012,2017,November,Monday,3
7420,2017-11-06 04:00:00,18.803,79.767,0.068,0.048,0.13,21625.641,15860.331,10375.904,2017,November,Monday,4
7421,2017-11-06 05:00:00,18.793,79.317,0.067,0.059,0.125,22253.333,16294.215,10725.783,2017,November,Monday,5
7422,2017-11-06 06:00:00,18.558,79.033,0.068,0.058,0.136,19644.103,14056.612,8849.157,2017,November,Monday,6
7423,2017-11-06 07:00:00,18.237,79.9,0.069,1.752,1.544,19325.128,13243.388,7282.892,2017,November,Monday,7
7424,2017-11-06 08:00:00,18.437,78.9,0.07,74.577,65.097,21761.026,15521.281,8000.0,2017,November,Monday,8
7425,2017-11-06 09:00:00,19.683,75.317,0.071,214.817,204.067,24988.718,18738.843,8887.711,2017,November,Monday,9
7426,2017-11-06 10:00:00,20.62,71.163,0.07,379.667,374.717,28484.103,21366.322,9515.181,2017,November,Monday,10
7427,2017-11-06 11:00:00,21.09,71.163,0.071,535.567,541.6,30383.59,22713.843,10010.602,2017,November,Monday,11
7428,2017-11-06 12:00:00,21.045,70.85,0.07,564.3,586.3,30944.615,23748.967,11173.976,2017,November,Monday,12
7429,2017-11-06 13:00:00,21.24,69.58,0.07,559.55,590.1,31280.0,24021.074,11760.964,2017,November,Monday,13
7430,2017-11-06 14:00:00,21.197,69.667,0.071,503.1,533.85,30484.103,23985.744,11480.482,2017,November,Monday,14
7431,2017-11-06 15:00:00,21.438,66.705,0.069,382.033,413.85,29777.436,23271.694,11016.867,2017,November,Monday,15
7432,2017-11-06 16:00:00,21.275,66.09,0.073,230.65,229.367,29388.718,22951.24,11239.518,2017,November,Monday,16
7433,2017-11-06 17:00:00,20.948,68.107,0.07,90.67,35.41,34564.103,27472.314,14962.892,2017,November,Monday,17
7434,2017-11-06 18:00:00,20.353,70.665,0.071,5.321,3.655,39508.718,31153.512,17347.47,2017,November,Monday,18
7435,2017-11-06 19:00:00,19.86,73.683,0.07,0.082,0.07,39138.462,31008.471,17327.229,2017,November,Monday,19
7436,2017-11-06 20:00:00,19.69,75.483,0.068,0.057,0.099,38761.026,30764.256,17120.964,2017,November,Monday,20
7437,2017-11-06 21:00:00,19.57,76.05,0.07,0.064,0.106,36657.436,29060.95,16178.313,2017,November,Monday,21
7438,2017-11-06 22:00:00,19.692,73.9,0.069,0.052,0.124,32909.744,26954.132,14956.145,2017,November,Monday,22
7439,2017-11-06 23:00:00,19.748,77.983,0.07,0.051,0.106,28697.436,23354.132,13276.145,2017,November,Monday,23
7440,2017-11-07 00:00:00,19.77,81.283,0.068,0.049,0.139,25400.0,20334.298,11565.301,2017,November,Tuesday,0
7441,2017-11-07 01:00:00,19.805,80.033,0.069,0.053,0.119,23832.821,18484.711,10843.373,2017,November,Tuesday,1
7442,2017-11-07 02:00:00,19.792,77.05,0.069,0.057,0.124,22453.333,17284.711,10332.53,2017,November,Tuesday,2
7443,2017-11-07 03:00:00,19.695,76.8,0.071,0.05,0.12,21862.564,16987.81,9974.94,2017,November,Tuesday,3
7444,2017-11-07 04:00:00,19.787,74.95,0.069,0.052,0.125,21934.359,17288.43,10205.301,2017,November,Tuesday,4
7445,2017-11-07 05:00:00,19.997,70.472,0.071,0.063,0.109,22801.026,18211.983,10418.313,2017,November,Tuesday,5
7446,2017-11-07 06:00:00,19.67,71.233,0.071,0.049,0.115,21316.923,17088.223,8778.795,2017,November,Tuesday,6
7447,2017-11-07 07:00:00,19.805,73.883,0.069,0.357,0.382,22050.256,17817.769,7583.614,2017,November,Tuesday,7
7448,2017-11-07 08:00:00,19.775,77.117,0.07,19.284,16.411,24650.256,19389.05,7783.133,2017,November,Tuesday,8
7449,2017-11-07 09:00:00,20.013,73.633,0.072,78.507,64.755,27550.769,20808.471,9304.096,2017,November,Tuesday,9
7450,2017-11-07 10:00:00,20.307,73.133,0.072,134.967,113.417,29507.692,21965.083,10475.181,2017,November,Tuesday,10
7451,2017-11-07 11:00:00,20.487,72.183,0.071,190.767,161.2,31174.359,23044.215,11703.133,2017,November,Tuesday,11
7452,2017-11-07 12:00:00,20.718,71.9,0.07,344.983,292.8,32015.385,23713.017,11873.735,2017,November,Tuesday,12
7453,2017-11-07 13:00:00,21.42,66.563,0.071,459.35,430.167,31572.308,24215.702,11989.398,2017,November,Tuesday,13
7454,2017-11-07 14:00:00,21.525,65.032,0.072,406.367,375.367,31556.923,25126.24,11050.602,2017,November,Tuesday,14
7455,2017-11-07 15:00:00,21.73,62.68,0.074,381.7,386.25,30766.154,25411.364,10871.325,2017,November,Tuesday,15
7456,2017-11-07 16:00:00,21.747,62.568,0.071,308.5,299.5,30769.231,25078.512,10932.048,2017,November,Tuesday,16
7457,2017-11-07 17:00:00,21.53,64.345,0.072,132.725,78.04,35526.154,29561.777,14904.096,2017,November,Tuesday,17
7458,2017-11-07 18:00:00,20.982,68.863,0.071,7.642,5.908,39962.051,32903.306,17293.494,2017,November,Tuesday,18
7459,2017-11-07 19:00:00,20.573,72.217,0.07,0.079,0.075,39494.359,32686.983,17474.699,2017,November,Tuesday,19
7460,2017-11-07 20:00:00,20.727,69.415,0.072,0.083,0.077,38888.205,32248.14,17317.59,2017,November,Tuesday,20
7461,2017-11-07 21:00:00,20.535,72.417,0.07,0.077,0.084,36331.282,30249.174,16439.518,2017,November,Tuesday,21
7462,2017-11-07 22:00:00,20.14,76.717,0.069,0.072,0.095,32949.744,26875.413,14917.59,2017,November,Tuesday,22
7463,2017-11-07 23:00:00,20.103,77.717,0.068,0.063,0.111,28707.692,23259.298,12976.386,2017,November,Tuesday,23
7464,2017-11-08 00:00:00,19.902,80.933,0.067,0.055,0.147,25420.513,20338.636,11811.084,2017,November,Wednesday,0
7465,2017-11-08 01:00:00,19.468,84.117,0.067,0.057,0.132,23341.538,18361.364,10715.181,2017,November,Wednesday,1
7466,2017-11-08 02:00:00,19.388,83.567,0.068,0.059,0.124,22380.513,17181.198,10309.398,2017,November,Wednesday,2
7467,2017-11-08 03:00:00,19.165,82.2,0.069,0.057,0.14,21610.256,16781.405,9920.0,2017,November,Wednesday,3
7468,2017-11-08 04:00:00,19.17,82.683,0.069,0.054,0.148,21702.564,16922.107,9796.627,2017,November,Wednesday,4
7469,2017-11-08 05:00:00,19.02,81.767,0.07,0.061,0.16,22718.974,17734.711,9989.398,2017,November,Wednesday,5
7470,2017-11-08 06:00:00,18.942,80.7,0.067,0.055,0.144,21265.641,16768.388,8373.976,2017,November,Wednesday,6
7471,2017-11-08 07:00:00,18.283,84.2,0.065,1.429,1.202,22102.564,17636.777,7220.241,2017,November,Wednesday,7
7472,2017-11-08 08:00:00,18.542,83.583,0.068,62.07,54.495,24928.205,19206.818,9234.699,2017,November,Wednesday,8
7473,2017-11-08 09:00:00,20.005,71.69,0.072,234.567,227.433,27377.436,21215.702,11468.916,2017,November,Wednesday,9
7474,2017-11-08 10:00:00,21.205,63.745,0.073,389.383,362.617,27815.385,24319.835,14475.181,2017,November,Wednesday,10
7475,2017-11-08 11:00:00,21.46,62.303,0.073,353.283,318.183,29641.026,25731.818,16201.446,2017,November,Wednesday,11
7476,2017-11-08 12:00:00,21.677,60.145,0.073,294.117,254.083,30742.564,26033.058,17229.88,2017,November,Wednesday,12
7477,2017-11-08 13:00:00,22.27,57.533,0.073,507.067,184.3,31794.872,25304.752,17296.386,2017,November,Wednesday,13
7478,2017-11-08 14:00:00,22.095,59.295,0.071,363.867,144.75,31074.872,25340.702,17159.518,2017,November,Wednesday,14
7479,2017-11-08 15:00:00,21.667,64.565,0.07,380.467,306.283,30660.513,25527.273,16752.771,2017,November,Wednesday,15
7480,2017-11-08 16:00:00,21.298,67.772,0.072,239.65,261.867,30672.821,25265.083,16905.06,2017,November,Wednesday,16
7481,2017-11-08 17:00:00,20.668,73.933,0.069,96.345,110.443,35660.513,29788.017,23093.976,2017,November,Wednesday,17
7482,2017-11-08 18:00:00,20.388,75.733,0.069,5.76,5.824,39930.256,33432.645,21463.133,2017,November,Wednesday,18
7483,2017-11-08 19:00:00,20.24,77.183,0.069,0.081,0.08,39163.077,33109.711,19919.036,2017,November,Wednesday,19
7484,2017-11-08 20:00:00,20.083,78.817,0.069,0.073,0.105,38353.846,32392.562,19715.663,2017,November,Wednesday,20
7485,2017-11-08 21:00:00,20.083,79.95,0.068,0.072,0.085,35952.821,30469.215,18758.554,2017,November,Wednesday,21
7486,2017-11-08 22:00:00,19.943,81.417,0.067,0.061,0.134,32828.718,27254.752,16894.458,2017,November,Wednesday,22
7487,2017-11-08 23:00:00,19.892,81.45,0.068,0.067,0.119,28571.282,23448.967,14897.349,2017,November,Wednesday,23
7488,2017-11-09 00:00:00,19.797,81.883,0.068,0.064,0.134,25160.0,20257.438,13222.169,2017,November,Thursday,0
7489,2017-11-09 01:00:00,19.565,83.533,0.067,0.07,0.128,23348.718,18450.62,12248.675,2017,November,Thursday,1
7490,2017-11-09 02:00:00,19.362,84.833,0.067,0.056,0.139,22374.359,17458.264,11618.313,2017,November,Thursday,2
7491,2017-11-09 03:00:00,19.282,85.317,0.068,0.059,0.13,21905.641,17083.884,11376.386,2017,November,Thursday,3
7492,2017-11-09 04:00:00,19.41,85.233,0.068,0.056,0.139,21943.59,17150.826,11597.108,2017,November,Thursday,4
7493,2017-11-09 05:00:00,19.095,86.1,0.068,0.056,0.123,22475.897,17822.727,11661.687,2017,November,Thursday,5
7494,2017-11-09 06:00:00,18.878,86.7,0.068,0.059,0.14,21089.231,16738.636,9867.952,2017,November,Thursday,6
7495,2017-11-09 07:00:00,17.235,86.567,0.072,1.464,1.46,22033.846,17289.669,8786.506,2017,November,Thursday,7
7496,2017-11-09 08:00:00,16.793,84.917,0.07,79.785,75.487,24469.744,19148.554,11995.181,2017,November,Thursday,8
7497,2017-11-09 09:00:00,18.56,81.8,0.074,237.683,106.833,26352.821,22665.496,14142.651,2017,November,Thursday,9
7498,2017-11-09 10:00:00,19.983,77.35,0.073,190.417,165.533,28380.513,24201.446,16205.301,2017,November,Thursday,10
7499,2017-11-09 11:00:00,20.387,73.983,0.071,236.6,188.7,31210.256,23815.909,17662.651,2017,November,Thursday,11
7500,2017-11-09 12:00:00,20.638,70.892,0.072,236.0,211.367,31060.513,25402.066,18601.446,2017,November,Thursday,12
7501,2017-11-09 13:00:00,20.837,69.713,0.074,243.05,191.933,31397.949,25857.645,17808.193,2017,November,Thursday,13
7502,2017-11-09 14:00:00,21.178,67.098,0.072,378.117,242.233,31891.282,25941.322,17353.253,2017,November,Thursday,14
7503,2017-11-09 15:00:00,20.943,68.49,0.071,223.817,222.117,31272.821,26274.793,17115.181,2017,November,Thursday,15
7504,2017-11-09 16:00:00,20.703,70.73,0.071,180.917,187.883,31296.41,25851.446,17262.651,2017,November,Thursday,16
7505,2017-11-09 17:00:00,20.36,72.833,0.07,103.855,117.775,36316.923,30510.124,19881.446,2017,November,Thursday,17
7506,2017-11-09 18:00:00,19.273,78.7,0.074,4.031,3.989,40135.385,33609.298,19452.53,2017,November,Thursday,18
7507,2017-11-09 19:00:00,17.485,83.85,0.072,0.075,0.082,38889.231,32832.645,19782.169,2017,November,Thursday,19
7508,2017-11-09 20:00:00,16.718,86.467,0.071,0.063,0.078,38338.462,32399.38,20176.386,2017,November,Thursday,20
7509,2017-11-09 21:00:00,16.313,87.333,0.07,0.065,0.1,36265.641,30537.397,18925.301,2017,November,Thursday,21
7510,2017-11-09 22:00:00,15.722,88.183,0.072,0.06,0.104,33047.179,27257.851,17044.819,2017,November,Thursday,22
7511,2017-11-09 23:00:00,15.508,88.7,0.073,0.061,0.104,28658.462,23309.504,14811.566,2017,November,Thursday,23
7512,2017-11-10 00:00:00,15.147,88.8,0.072,0.056,0.122,25405.128,20383.884,13108.434,2017,November,Friday,0
7513,2017-11-10 01:00:00,15.06,89.35,0.07,0.057,0.131,23327.179,18561.57,12034.699,2017,November,Friday,1
7514,2017-11-10 02:00:00,15.173,89.167,0.07,0.049,0.135,22069.744,17256.818,11234.699,2017,November,Friday,2
7515,2017-11-10 03:00:00,15.242,88.617,0.071,0.058,0.128,21668.718,16865.083,10982.169,2017,November,Friday,3
7516,2017-11-10 04:00:00,15.288,88.15,0.07,0.059,0.116,21986.667,16987.81,11345.542,2017,November,Friday,4
7517,2017-11-10 05:00:00,16.31,86.733,0.072,0.059,0.113,22646.154,17960.331,11555.663,2017,November,Friday,5
7518,2017-11-10 06:00:00,16.292,85.5,0.071,0.061,0.112,21011.282,17067.149,9646.265,2017,November,Friday,6
7519,2017-11-10 07:00:00,15.915,86.317,0.072,1.267,1.283,21953.846,17771.281,8782.651,2017,November,Friday,7
7520,2017-11-10 08:00:00,15.55,86.3,0.074,64.792,59.788,24301.538,19404.545,11668.434,2017,November,Friday,8
7521,2017-11-10 09:00:00,17.207,85.283,0.071,224.9,121.7,27595.897,20920.661,13718.554,2017,November,Friday,9
7522,2017-11-10 10:00:00,19.277,75.883,0.07,296.533,157.35,29681.026,22495.661,15197.108,2017,November,Friday,10
7523,2017-11-10 11:00:00,20.097,67.2,0.073,333.5,223.383,30734.359,23898.347,15878.554,2017,November,Friday,11
7524,2017-11-10 12:00:00,20.6,64.737,0.072,486.917,133.767,29987.692,24288.223,16445.301,2017,November,Friday,12
7525,2017-11-10 13:00:00,20.993,63.208,0.073,538.817,78.0,30305.641,24678.719,16695.904,2017,November,Friday,13
7526,2017-11-10 14:00:00,21.025,62.788,0.072,481.467,213.367,30014.359,24362.603,16391.325,2017,November,Friday,14
7527,2017-11-10 15:00:00,20.965,62.495,0.072,376.25,403.633,29818.462,24265.909,16244.819,2017,November,Friday,15
7528,2017-11-10 16:00:00,20.548,65.247,0.072,237.75,257.9,29610.256,24313.636,15729.157,2017,November,Friday,16
7529,2017-11-10 17:00:00,20.218,68.582,0.073,113.922,131.358,35088.205,29225.826,16640.964,2017,November,Friday,17
7530,2017-11-10 18:00:00,19.633,73.367,0.073,3.246,3.274,39086.154,32472.521,18335.422,2017,November,Friday,18
7531,2017-11-10 19:00:00,19.325,74.85,0.076,0.088,0.055,38494.359,31698.347,18100.241,2017,November,Friday,19
7532,2017-11-10 20:00:00,19.1,74.467,0.074,0.072,0.057,37846.154,31542.149,17961.446,2017,November,Friday,20
7533,2017-11-10 21:00:00,19.188,68.78,0.074,0.077,0.078,35986.667,29606.405,16697.831,2017,November,Friday,21
7534,2017-11-10 22:00:00,18.292,72.143,0.074,0.06,0.086,33139.487,27277.066,15554.699,2017,November,Friday,22
7535,2017-11-10 23:00:00,17.305,77.35,0.075,0.06,0.095,29371.282,23968.388,14346.988,2017,November,Friday,23
7536,2017-11-11 00:00:00,18.477,73.517,0.072,0.061,0.085,25804.103,20727.273,12449.157,2017,November,Saturday,0
7537,2017-11-11 01:00:00,18.685,71.25,0.072,0.058,0.116,23443.077,18282.645,11287.711,2017,November,Saturday,1
7538,2017-11-11 02:00:00,19.032,69.653,0.073,0.065,0.117,22350.769,17142.769,10746.988,2017,November,Saturday,2
7539,2017-11-11 03:00:00,19.235,69.113,0.073,0.066,0.104,21735.385,16785.744,10519.518,2017,November,Saturday,3
7540,2017-11-11 04:00:00,19.253,68.47,0.072,0.058,0.114,21606.154,16973.554,10488.675,2017,November,Saturday,4
7541,2017-11-11 05:00:00,19.308,67.483,0.072,0.066,0.1,22527.179,17679.545,10612.048,2017,November,Saturday,5
7542,2017-11-11 06:00:00,18.607,70.475,0.074,0.05,0.122,20753.846,16346.281,9038.072,2017,November,Saturday,6
7543,2017-11-11 07:00:00,18.06,73.317,0.075,0.725,0.752,20631.795,15971.901,8088.675,2017,November,Saturday,7
7544,2017-11-11 08:00:00,17.915,73.25,0.075,24.492,24.353,22707.692,18027.893,7693.494,2017,November,Saturday,8
7545,2017-11-11 09:00:00,19.07,68.652,0.072,86.195,82.632,26094.359,20863.017,8788.434,2017,November,Saturday,9
7546,2017-11-11 10:00:00,20.185,67.322,0.072,309.817,192.517,28830.769,22886.157,9612.53,2017,November,Saturday,10
7547,2017-11-11 11:00:00,20.35,68.702,0.072,385.383,270.483,29781.538,24945.868,10586.988,2017,November,Saturday,11
7548,2017-11-11 12:00:00,20.833,65.698,0.072,420.167,201.433,29341.538,26660.331,11265.542,2017,November,Saturday,12
7549,2017-11-11 13:00:00,20.745,61.297,0.072,255.35,240.367,29302.564,26527.686,11558.554,2017,November,Saturday,13
7550,2017-11-11 14:00:00,20.797,61.505,0.072,285.667,201.033,30518.974,24679.959,11753.253,2017,November,Saturday,14
7551,2017-11-11 15:00:00,20.92,60.072,0.073,377.3,361.583,29930.256,24339.05,11668.434,2017,November,Saturday,15
7552,2017-11-11 16:00:00,20.74,62.61,0.072,333.983,363.133,29364.103,23938.636,11583.614,2017,November,Saturday,16
7553,2017-11-11 17:00:00,20.117,66.407,0.072,111.098,126.25,34013.333,27872.727,15388.916,2017,November,Saturday,17
7554,2017-11-11 18:00:00,19.177,71.438,0.071,4.022,3.948,36952.821,30591.322,16984.096,2017,November,Saturday,18
7555,2017-11-11 19:00:00,18.538,74.4,0.07,0.084,0.077,36921.026,30299.38,17064.096,2017,November,Saturday,19
7556,2017-11-11 20:00:00,18.273,75.0,0.072,0.074,0.075,36320.0,29382.645,17071.807,2017,November,Saturday,20
7557,2017-11-11 21:00:00,17.783,75.25,0.073,0.078,0.08,35395.897,28285.537,16723.855,2017,November,Saturday,21
7558,2017-11-11 22:00:00,16.717,76.883,0.074,0.071,0.087,33191.795,26448.967,15587.47,2017,November,Saturday,22
7559,2017-11-11 23:00:00,16.33,77.4,0.071,0.064,0.099,29566.154,23448.967,13812.048,2017,November,Saturday,23
7560,2017-11-12 00:00:00,16.227,76.933,0.071,0.07,0.111,25985.641,20170.661,12345.06,2017,November,Sunday,0
7561,2017-11-12 01:00:00,16.25,75.983,0.069,0.069,0.102,23820.513,17850.0,11244.337,2017,November,Sunday,1
7562,2017-11-12 02:00:00,16.32,73.733,0.072,0.069,0.088,22369.231,16535.331,10661.205,2017,November,Sunday,2
7563,2017-11-12 03:00:00,16.035,76.067,0.074,0.062,0.093,21734.359,15807.025,10333.494,2017,November,Sunday,3
7564,2017-11-12 04:00:00,15.832,78.983,0.076,0.062,0.106,21289.231,15946.488,10483.855,2017,November,Sunday,4
7565,2017-11-12 05:00:00,15.372,80.617,0.073,0.057,0.114,22037.949,16425.62,10750.843,2017,November,Sunday,5
7566,2017-11-12 06:00:00,15.1,80.967,0.073,0.056,0.105,20031.795,14182.438,8886.747,2017,November,Sunday,6
7567,2017-11-12 07:00:00,14.273,81.9,0.075,1.035,1.0,18699.487,12460.537,8362.41,2017,November,Sunday,7
7568,2017-11-12 08:00:00,12.875,83.267,0.085,41.677,33.532,20433.846,13900.413,11594.217,2017,November,Sunday,8
7569,2017-11-12 09:00:00,13.74,82.883,0.085,215.167,64.28,23085.128,16341.322,13585.542,2017,November,Sunday,9
7570,2017-11-12 10:00:00,17.342,78.017,0.079,366.667,62.435,26114.872,18909.917,15323.373,2017,November,Sunday,10
7571,2017-11-12 11:00:00,20.935,63.593,0.072,486.8,67.197,27674.872,20388.843,16315.181,2017,November,Sunday,11
7572,2017-11-12 12:00:00,21.203,61.7,0.071,455.917,102.95,28754.872,21170.455,17326.265,2017,November,Sunday,12
7573,2017-11-12 13:00:00,21.02,63.453,0.071,334.45,185.35,29163.077,21319.835,17813.976,2017,November,Sunday,13
7574,2017-11-12 14:00:00,20.882,63.77,0.071,251.483,242.667,28613.333,20888.43,17805.301,2017,November,Sunday,14
7575,2017-11-12 15:00:00,20.663,65.955,0.073,275.983,306.45,28052.308,20594.008,17691.566,2017,November,Sunday,15
7576,2017-11-12 16:00:00,20.777,64.433,0.073,302.867,324.4,27311.795,20322.521,13656.867,2017,November,Sunday,16
7577,2017-11-12 17:00:00,20.322,66.843,0.072,124.458,135.233,32133.333,25020.868,18087.711,2017,November,Sunday,17
7578,2017-11-12 18:00:00,19.587,66.645,0.075,5.013,5.01,36612.308,28718.802,20349.88,2017,November,Sunday,18
7579,2017-11-12 19:00:00,18.968,65.232,0.073,0.087,0.057,36888.205,28884.298,20148.434,2017,November,Sunday,19
7580,2017-11-12 20:00:00,18.56,65.803,0.074,0.08,0.056,36365.128,28716.942,19985.542,2017,November,Sunday,20
7581,2017-11-12 21:00:00,18.205,68.472,0.072,0.076,0.084,34672.821,27660.124,18912.771,2017,November,Sunday,21
7582,2017-11-12 22:00:00,18.365,69.28,0.071,0.071,0.093,32344.615,26073.347,17104.578,2017,November,Sunday,22
7583,2017-11-12 23:00:00,18.363,68.278,0.073,0.058,0.101,28771.282,22833.471,15287.711,2017,November,Sunday,23
7584,2017-11-13 00:00:00,18.442,67.017,0.072,0.054,0.118,25605.128,19936.364,13660.723,2017,November,Monday,0
7585,2017-11-13 01:00:00,18.335,68.08,0.069,0.064,0.096,23689.231,17848.76,12553.253,2017,November,Monday,1
7586,2017-11-13 02:00:00,18.265,68.66,0.07,0.063,0.105,22354.872,16940.702,12052.048,2017,November,Monday,2
7587,2017-11-13 03:00:00,17.958,73.867,0.07,0.051,0.114,21597.949,16488.843,11768.675,2017,November,Monday,3
7588,2017-11-13 04:00:00,17.955,71.217,0.07,0.057,0.108,21805.128,16589.876,11861.205,2017,November,Monday,4
7589,2017-11-13 05:00:00,18.188,70.035,0.07,0.053,0.135,22651.282,17514.669,12269.88,2017,November,Monday,5
7590,2017-11-13 06:00:00,18.698,68.082,0.071,0.066,0.116,20796.923,16322.727,10363.373,2017,November,Monday,6
7591,2017-11-13 07:00:00,18.733,63.477,0.07,0.957,0.949,20610.256,15924.174,9277.108,2017,November,Monday,7
7592,2017-11-13 08:00:00,18.665,62.592,0.073,60.82,33.845,24106.667,18392.355,12066.506,2017,November,Monday,8
7593,2017-11-13 09:00:00,19.505,60.127,0.072,232.117,43.975,27794.872,20590.909,14717.108,2017,November,Monday,9
7594,2017-11-13 10:00:00,20.593,55.247,0.073,375.467,51.705,30340.513,22630.165,16321.928,2017,November,Monday,10
7595,2017-11-13 11:00:00,21.16,55.577,0.073,480.833,55.648,31971.282,24308.678,16950.361,2017,November,Monday,11
7596,2017-11-13 12:00:00,20.957,60.547,0.072,536.95,57.635,32476.923,25420.661,18008.675,2017,November,Monday,12
7597,2017-11-13 13:00:00,20.998,59.567,0.071,529.467,51.222,32082.051,25860.744,17891.084,2017,November,Monday,13
7598,2017-11-13 14:00:00,21.033,58.083,0.071,473.0,58.092,31521.026,26068.388,17210.602,2017,November,Monday,14
7599,2017-11-13 15:00:00,20.492,59.023,0.072,370.65,286.05,30968.205,25654.339,17257.831,2017,November,Monday,15
7600,2017-11-13 16:00:00,20.403,57.472,0.073,228.917,261.383,30608.205,25604.752,15671.325,2017,November,Monday,16
7601,2017-11-13 17:00:00,20.238,61.497,0.073,90.062,102.78,35954.872,30319.835,18453.012,2017,November,Monday,17
7602,2017-11-13 18:00:00,19.718,66.05,0.072,3.904,3.785,38842.051,32771.901,20289.157,2017,November,Monday,18
7603,2017-11-13 19:00:00,19.503,67.005,0.071,0.099,0.055,38446.154,31987.19,20292.048,2017,November,Monday,19
7604,2017-11-13 20:00:00,19.595,68.118,0.071,0.074,0.081,37665.641,31540.909,20256.386,2017,November,Monday,20
7605,2017-11-13 21:00:00,19.538,70.403,0.072,0.071,0.075,35749.744,30112.19,19124.819,2017,November,Monday,21
7606,2017-11-13 22:00:00,19.568,70.985,0.071,0.058,0.09,33103.59,27409.711,17029.398,2017,November,Monday,22
7607,2017-11-13 23:00:00,19.572,73.367,0.07,0.06,0.106,29073.846,23724.793,14821.205,2017,November,Monday,23
7608,2017-11-14 00:00:00,19.407,75.283,0.071,0.06,0.095,25626.667,20922.521,13568.193,2017,November,Tuesday,0
7609,2017-11-14 01:00:00,19.325,73.217,0.071,0.057,0.111,23205.128,18710.95,12144.578,2017,November,Tuesday,1
7610,2017-11-14 02:00:00,19.118,73.8,0.071,0.066,0.097,22161.026,17493.595,11503.614,2017,November,Tuesday,2
7611,2017-11-14 03:00:00,18.563,74.25,0.07,0.06,0.116,21800.0,17123.554,11506.506,2017,November,Tuesday,3
7612,2017-11-14 04:00:00,18.022,75.1,0.069,0.054,0.127,21640.0,17292.149,11753.253,2017,November,Tuesday,4
7613,2017-11-14 05:00:00,17.273,76.983,0.072,0.046,0.112,22392.821,17916.942,11880.482,2017,November,Tuesday,5
7614,2017-11-14 06:00:00,16.485,79.4,0.072,0.048,0.128,20938.462,16677.893,9827.47,2017,November,Tuesday,6
7615,2017-11-14 07:00:00,15.748,80.883,0.073,0.76,0.789,20793.846,16092.149,9556.627,2017,November,Tuesday,7
7616,2017-11-14 08:00:00,15.852,82.25,0.073,19.486,19.2,23936.41,18559.091,12666.024,2017,November,Tuesday,8
7617,2017-11-14 09:00:00,17.55,81.0,0.068,149.538,59.017,26936.41,21297.521,14908.916,2017,November,Tuesday,9
7618,2017-11-14 10:00:00,19.62,70.228,0.072,357.983,74.362,28924.103,24078.719,16482.892,2017,November,Tuesday,10
7619,2017-11-14 11:00:00,20.64,62.473,0.073,471.85,80.2,31474.872,24796.488,17376.386,2017,November,Tuesday,11
7620,2017-11-14 12:00:00,20.913,61.54,0.07,517.117,74.35,31905.641,25418.802,18427.952,2017,November,Tuesday,12
7621,2017-11-14 13:00:00,21.057,60.68,0.07,516.983,70.848,32015.385,25071.074,18826.988,2017,November,Tuesday,13
7622,2017-11-14 14:00:00,21.143,60.428,0.071,442.4,81.0,31985.641,24994.215,18119.518,2017,November,Tuesday,14
7623,2017-11-14 15:00:00,20.985,62.485,0.071,364.433,238.95,31263.59,25289.876,17772.53,2017,November,Tuesday,15
7624,2017-11-14 16:00:00,20.662,63.977,0.07,222.417,241.617,30569.231,25058.678,13944.096,2017,November,Tuesday,16
7625,2017-11-14 17:00:00,20.045,67.273,0.07,66.015,73.708,36267.692,29742.149,18477.108,2017,November,Tuesday,17
7626,2017-11-14 18:00:00,19.353,71.368,0.071,2.432,2.394,39269.744,32349.793,20311.325,2017,November,Tuesday,18
7627,2017-11-14 19:00:00,17.835,76.867,0.073,0.091,0.065,38748.718,31772.107,20048.193,2017,November,Tuesday,19
7628,2017-11-14 20:00:00,15.84,81.95,0.072,0.087,0.061,37653.333,31363.636,20232.289,2017,November,Tuesday,20
7629,2017-11-14 21:00:00,15.262,83.767,0.07,0.077,0.077,35850.256,30117.149,19654.94,2017,November,Tuesday,21
7630,2017-11-14 22:00:00,14.818,84.867,0.072,0.079,0.09,33170.256,27683.678,18205.301,2017,November,Tuesday,22
7631,2017-11-14 23:00:00,14.523,85.6,0.071,0.076,0.087,29139.487,23805.992,15343.614,2017,November,Tuesday,23
7632,2017-11-15 00:00:00,14.417,86.083,0.077,0.065,0.094,25963.077,20755.785,13635.663,2017,November,Wednesday,0
7633,2017-11-15 01:00:00,13.913,86.117,0.084,0.065,0.099,23914.872,18645.248,12570.602,2017,November,Wednesday,1
7634,2017-11-15 02:00:00,13.538,86.267,0.082,0.064,0.108,22587.692,17582.231,11590.361,2017,November,Wednesday,2
7635,2017-11-15 03:00:00,13.552,86.4,0.081,0.055,0.114,21781.538,17051.033,11191.325,2017,November,Wednesday,3
7636,2017-11-15 04:00:00,13.312,85.983,0.081,0.061,0.117,21810.256,17172.521,11333.976,2017,November,Wednesday,4
7637,2017-11-15 05:00:00,12.472,87.083,0.08,0.062,0.126,22738.462,17980.165,11886.265,2017,November,Wednesday,5
7638,2017-11-15 06:00:00,12.602,87.05,0.081,0.058,0.119,21149.744,16875.0,10386.506,2017,November,Wednesday,6
7639,2017-11-15 07:00:00,12.482,86.683,0.082,0.782,0.769,20732.308,16310.95,8660.241,2017,November,Wednesday,7
7640,2017-11-15 08:00:00,12.198,88.4,0.081,48.585,34.028,24444.103,18852.893,9409.157,2017,November,Wednesday,8
7641,2017-11-15 09:00:00,13.49,88.433,0.082,221.767,105.35,27938.462,21325.413,10866.506,2017,November,Wednesday,9
7642,2017-11-15 10:00:00,16.552,81.283,0.082,370.033,136.1,30407.179,23669.008,12107.952,2017,November,Wednesday,10
7643,2017-11-15 11:00:00,19.743,68.268,0.082,445.867,106.467,32284.103,24976.24,12350.843,2017,November,Wednesday,11
7644,2017-11-15 12:00:00,21.965,55.915,0.084,500.933,111.117,34471.795,24315.496,12724.819,2017,November,Wednesday,12
7645,2017-11-15 13:00:00,23.16,49.45,0.084,491.05,110.117,34204.103,24485.331,12751.807,2017,November,Wednesday,13
7646,2017-11-15 14:00:00,23.848,46.658,0.085,435.85,111.2,33918.974,24311.157,13030.361,2017,November,Wednesday,14
7647,2017-11-15 15:00:00,23.762,46.575,0.085,327.05,196.7,32343.59,24671.901,12844.337,2017,November,Wednesday,15
7648,2017-11-15 16:00:00,23.243,47.955,0.085,192.4,204.65,30592.821,25885.537,13242.41,2017,November,Wednesday,16
7649,2017-11-15 17:00:00,22.26,49.688,0.086,62.083,66.912,36364.103,30981.198,18693.976,2017,November,Wednesday,17
7650,2017-11-15 18:00:00,20.793,59.255,0.083,2.616,2.599,39402.051,33350.207,20400.964,2017,November,Wednesday,18
7651,2017-11-15 19:00:00,19.918,63.777,0.082,0.085,0.052,38701.538,32522.107,19816.867,2017,November,Wednesday,19
7652,2017-11-15 20:00:00,18.72,68.632,0.082,0.061,0.086,37837.949,32101.24,19847.711,2017,November,Wednesday,20
7653,2017-11-15 21:00:00,17.178,74.25,0.08,0.057,0.112,35863.59,30606.818,19063.133,2017,November,Wednesday,21
7654,2017-11-15 22:00:00,16.413,76.333,0.08,0.055,0.115,33754.872,26249.38,17131.566,2017,November,Wednesday,22
7655,2017-11-15 23:00:00,15.413,79.0,0.08,0.057,0.101,30828.718,22398.967,15176.867,2017,November,Wednesday,23
7656,2017-11-16 00:00:00,14.745,81.233,0.079,0.054,0.121,27144.615,19500.62,13125.783,2017,November,Thursday,0
7657,2017-11-16 01:00:00,14.135,81.9,0.08,0.054,0.118,25167.179,17267.355,12067.47,2017,November,Thursday,1
7658,2017-11-16 02:00:00,13.6,83.117,0.078,0.056,0.112,24015.385,16053.099,11748.434,2017,November,Thursday,2
7659,2017-11-16 03:00:00,13.207,83.133,0.078,0.048,0.119,23102.564,15586.983,11484.337,2017,November,Thursday,3
7660,2017-11-16 04:00:00,12.747,84.1,0.08,0.057,0.099,23264.615,15701.033,11136.386,2017,November,Thursday,4
7661,2017-11-16 05:00:00,12.59,82.717,0.079,0.063,0.115,23704.615,16490.702,11551.807,2017,November,Thursday,5
7662,2017-11-16 06:00:00,11.928,83.4,0.077,0.054,0.1,22442.051,15436.983,10251.566,2017,November,Thursday,6
7663,2017-11-16 07:00:00,11.853,83.35,0.077,0.703,0.704,21313.846,14814.669,9982.651,2017,November,Thursday,7
7664,2017-11-16 08:00:00,12.018,83.283,0.079,48.728,30.492,24906.667,17228.926,11964.337,2017,November,Thursday,8
7665,2017-11-16 09:00:00,12.405,81.333,0.083,197.9,69.478,28180.513,20094.421,13739.759,2017,November,Thursday,9
7666,2017-11-16 10:00:00,14.498,74.883,0.082,349.9,85.267,31262.564,22998.967,15226.024,2017,November,Thursday,10
7667,2017-11-16 11:00:00,17.343,64.757,0.087,457.317,89.767,33312.821,24836.777,16043.373,2017,November,Thursday,11
7668,2017-11-16 12:00:00,20.77,51.702,0.08,510.2,94.367,33451.282,25094.008,16981.205,2017,November,Thursday,12
7669,2017-11-16 13:00:00,22.497,47.022,0.074,509.417,93.317,33104.615,24350.207,18077.108,2017,November,Thursday,13
7670,2017-11-16 14:00:00,22.102,51.98,0.072,453.817,88.55,32733.333,24242.975,17870.843,2017,November,Thursday,14
7671,2017-11-16 15:00:00,22.2,51.723,0.074,348.133,150.933,32682.051,23932.438,17526.747,2017,November,Thursday,15
7672,2017-11-16 16:00:00,21.925,58.612,0.072,204.6,221.433,31124.103,24860.95,15541.205,2017,November,Thursday,16
7673,2017-11-16 17:00:00,20.737,66.93,0.071,65.062,72.02,36135.385,30615.496,18483.855,2017,November,Thursday,17
7674,2017-11-16 18:00:00,19.032,77.05,0.074,2.637,2.595,38953.846,33084.298,20359.518,2017,November,Thursday,18
7675,2017-11-16 19:00:00,16.242,76.75,0.073,0.06,0.048,38429.744,32494.215,20081.928,2017,November,Thursday,19
7676,2017-11-16 20:00:00,15.27,76.517,0.07,0.066,0.066,37912.821,31978.512,20011.566,2017,November,Thursday,20
7677,2017-11-16 21:00:00,15.225,76.267,0.081,0.054,0.088,36016.41,30428.926,18971.566,2017,November,Thursday,21
7678,2017-11-16 22:00:00,15.013,77.85,0.082,0.054,0.086,33414.359,28007.851,17298.313,2017,November,Thursday,22
7679,2017-11-16 23:00:00,14.288,75.817,0.083,0.062,0.086,29785.641,24666.942,15606.747,2017,November,Thursday,23
7680,2017-11-17 00:00:00,13.507,75.933,0.085,0.067,0.101,26070.769,21407.851,13744.578,2017,November,Friday,0
7681,2017-11-17 01:00:00,13.293,78.217,0.087,0.057,0.086,24044.103,18865.289,12398.072,2017,November,Friday,1
7682,2017-11-17 02:00:00,13.387,77.733,0.084,0.052,0.102,22764.103,17500.413,11446.747,2017,November,Friday,2
7683,2017-11-17 03:00:00,12.965,77.433,0.085,0.051,0.106,22270.769,17025.0,11165.301,2017,November,Friday,3
7684,2017-11-17 04:00:00,12.575,76.433,0.082,0.052,0.083,21926.154,17242.562,11639.518,2017,November,Friday,4
7685,2017-11-17 05:00:00,12.392,76.05,0.084,0.062,0.106,22817.436,17860.537,12103.133,2017,November,Friday,5
7686,2017-11-17 06:00:00,11.927,78.45,0.086,0.062,0.102,21563.077,16455.372,11163.373,2017,November,Friday,6
7687,2017-11-17 07:00:00,11.248,78.5,0.085,0.557,0.57,20285.128,15514.463,11044.819,2017,November,Friday,7
7688,2017-11-17 08:00:00,10.848,78.267,0.082,51.162,30.775,23354.872,17898.967,12261.205,2017,November,Friday,8
7689,2017-11-17 09:00:00,11.627,75.95,0.084,161.533,98.432,26757.949,20885.95,14422.169,2017,November,Friday,9
7690,2017-11-17 10:00:00,13.512,73.25,0.087,350.65,128.117,29723.077,23066.529,16003.855,2017,November,Friday,10
7691,2017-11-17 11:00:00,18.51,69.412,0.075,340.4,195.017,31260.513,24593.802,17397.59,2017,November,Friday,11
7692,2017-11-17 12:00:00,19.505,72.333,0.07,216.3,212.533,29608.205,24524.38,17787.952,2017,November,Friday,12
7693,2017-11-17 13:00:00,19.737,69.727,0.071,245.333,235.417,30259.487,24776.653,17905.542,2017,November,Friday,13
7694,2017-11-17 14:00:00,19.727,68.942,0.07,197.167,196.967,30347.692,24534.917,17548.916,2017,November,Friday,14
7695,2017-11-17 15:00:00,19.52,68.763,0.07,144.283,146.617,29905.641,24092.355,17194.217,2017,November,Friday,15
7696,2017-11-17 16:00:00,19.29,69.03,0.071,77.985,78.757,29889.231,23660.331,14046.265,2017,November,Friday,16
7697,2017-11-17 17:00:00,19.177,69.538,0.073,47.287,51.325,35081.026,28543.388,19409.157,2017,November,Friday,17
7698,2017-11-17 18:00:00,18.528,71.115,0.073,2.388,2.422,38382.564,31553.926,21666.506,2017,November,Friday,18
7699,2017-11-17 19:00:00,17.07,77.5,0.073,0.043,0.12,37748.718,31221.694,21762.892,2017,November,Friday,19
7700,2017-11-17 20:00:00,15.533,83.517,0.074,0.043,0.107,37192.821,30670.661,21697.349,2017,November,Friday,20
7701,2017-11-17 21:00:00,14.61,86.1,0.074,0.048,0.099,35335.385,29114.256,20743.133,2017,November,Friday,21
7702,2017-11-17 22:00:00,13.968,87.65,0.074,0.053,0.108,32964.103,26267.975,18552.289,2017,November,Friday,22
7703,2017-11-17 23:00:00,13.79,87.933,0.074,0.053,0.128,29290.256,23204.752,16429.88,2017,November,Friday,23
7704,2017-11-18 00:00:00,13.647,88.25,0.071,0.049,0.14,25800.0,20062.19,14446.265,2017,November,Saturday,0
7705,2017-11-18 01:00:00,14.252,87.133,0.072,0.047,0.148,23550.769,18089.876,13359.036,2017,November,Saturday,1
7706,2017-11-18 02:00:00,13.917,86.5,0.071,0.058,0.133,22380.513,16469.628,12890.602,2017,November,Saturday,2
7707,2017-11-18 03:00:00,13.912,86.933,0.07,0.048,0.115,21913.846,15621.694,12610.12,2017,November,Saturday,3
7708,2017-11-18 04:00:00,13.632,85.383,0.073,0.049,0.135,21862.564,15680.579,12468.434,2017,November,Saturday,4
7709,2017-11-18 05:00:00,12.507,85.367,0.073,0.049,0.131,22711.795,16273.14,12795.181,2017,November,Saturday,5
7710,2017-11-18 06:00:00,12.088,86.15,3.423,0.051,0.117,20956.923,14793.595,11869.88,2017,November,Saturday,6
7711,2017-11-18 07:00:00,11.543,86.433,4.918,0.638,0.626,19651.282,13113.223,10647.711,2017,November,Saturday,7
7712,2017-11-18 08:00:00,11.118,87.483,4.916,53.101,26.056,21585.641,15022.934,13435.181,2017,November,Saturday,8
7713,2017-11-18 09:00:00,11.58,87.317,4.92,204.717,58.388,24816.41,17733.471,15833.253,2017,November,Saturday,9
7714,2017-11-18 10:00:00,14.847,83.95,4.916,355.133,73.883,27913.846,20100.0,17412.048,2017,November,Saturday,10
7715,2017-11-18 11:00:00,18.887,72.8,4.916,466.667,72.573,29857.436,21435.124,18026.024,2017,November,Saturday,11
7716,2017-11-18 12:00:00,19.633,68.607,4.921,521.317,77.655,30820.513,22169.008,18661.205,2017,November,Saturday,12
7717,2017-11-18 13:00:00,19.837,66.862,4.922,493.05,98.9,31195.897,22312.19,19054.458,2017,November,Saturday,13
7718,2017-11-18 14:00:00,19.803,67.188,4.92,449.067,88.817,30438.974,22169.008,18826.988,2017,November,Saturday,14
7719,2017-11-18 15:00:00,19.708,67.995,4.92,347.3,97.85,29271.795,21673.14,18840.482,2017,November,Saturday,15
7720,2017-11-18 16:00:00,19.403,71.308,4.917,192.65,189.717,29193.846,21643.388,18378.795,2017,November,Saturday,16
7721,2017-11-18 17:00:00,18.9,75.417,4.209,73.872,79.023,35188.718,26816.529,17432.289,2017,November,Saturday,17
7722,2017-11-18 18:00:00,18.228,78.967,0.073,2.645,2.559,38611.282,29071.488,18162.892,2017,November,Saturday,18
7723,2017-11-18 19:00:00,16.17,83.333,2.877,0.045,0.064,38205.128,29073.347,17594.217,2017,November,Saturday,19
7724,2017-11-18 20:00:00,14.572,85.8,4.924,0.052,0.09,36411.282,28495.661,17480.482,2017,November,Saturday,20
7725,2017-11-18 21:00:00,14.015,87.467,4.922,0.048,0.106,35534.359,27180.992,17303.133,2017,November,Saturday,21
7726,2017-11-18 22:00:00,13.468,87.533,4.921,0.051,0.115,33565.128,25886.157,16331.566,2017,November,Saturday,22
7727,2017-11-18 23:00:00,12.855,88.233,4.921,0.045,0.134,29470.769,22914.669,14473.253,2017,November,Saturday,23
7728,2017-11-19 00:00:00,12.708,88.017,4.922,0.053,0.123,25813.333,19683.471,12809.639,2017,November,Sunday,0
7729,2017-11-19 01:00:00,12.193,87.2,4.921,0.052,0.146,23368.205,17471.281,11677.108,2017,November,Sunday,1
7730,2017-11-19 02:00:00,11.932,86.3,4.921,0.046,0.13,21997.949,16047.521,11016.867,2017,November,Sunday,2
7731,2017-11-19 03:00:00,12.187,86.383,4.919,0.04,0.135,21610.256,15448.76,10695.904,2017,November,Sunday,3
7732,2017-11-19 04:00:00,12.483,87.233,4.92,0.051,0.136,21154.872,15343.388,11005.301,2017,November,Sunday,4
7733,2017-11-19 05:00:00,11.505,87.567,4.927,0.046,0.124,21829.744,15917.355,11494.94,2017,November,Sunday,5
7734,2017-11-19 06:00:00,10.218,87.867,4.924,0.047,0.128,20307.692,14390.083,10273.735,2017,November,Sunday,6
7735,2017-11-19 07:00:00,9.887,87.183,4.932,0.53,0.557,19077.949,12342.769,7872.771,2017,November,Sunday,7
7736,2017-11-19 08:00:00,9.78,85.65,4.934,53.895,25.464,20747.692,13899.793,8426.988,2017,November,Sunday,8
7737,2017-11-19 09:00:00,10.308,83.0,4.854,200.183,40.915,23830.769,16240.289,9582.651,2017,November,Sunday,9
7738,2017-11-19 10:00:00,12.668,77.6,4.918,358.217,45.322,26711.795,18753.719,10573.494,2017,November,Sunday,10
7739,2017-11-19 11:00:00,16.613,72.765,4.917,468.6,49.085,29078.974,20198.554,11355.181,2017,November,Sunday,11
7740,2017-11-19 12:00:00,19.698,63.982,4.921,515.083,80.72,29385.641,21055.165,11940.241,2017,November,Sunday,12
7741,2017-11-19 13:00:00,20.467,62.648,4.92,439.6,151.233,29530.256,21539.256,12020.241,2017,November,Sunday,13
7742,2017-11-19 14:00:00,20.345,65.393,4.92,407.75,107.667,28600.0,21114.05,11855.422,2017,November,Sunday,14
7743,2017-11-19 15:00:00,20.713,64.193,4.92,328.1,124.35,27543.59,20930.579,11685.783,2017,November,Sunday,15
7744,2017-11-19 16:00:00,20.878,62.392,4.92,209.133,204.467,26695.385,21351.446,11035.181,2017,November,Sunday,16
7745,2017-11-19 17:00:00,20.605,63.347,3.967,73.498,86.358,32066.667,26594.008,15242.41,2017,November,Sunday,17
7746,2017-11-19 18:00:00,18.045,72.532,0.076,2.3,2.251,36716.923,29382.025,16580.241,2017,November,Sunday,18
7747,2017-11-19 19:00:00,16.843,76.317,0.077,0.048,0.065,37237.949,29801.653,17045.783,2017,November,Sunday,19
7748,2017-11-19 20:00:00,17.838,68.47,0.082,0.049,0.067,36887.179,29792.355,17127.711,2017,November,Sunday,20
7749,2017-11-19 21:00:00,16.432,67.312,0.08,0.049,0.071,35086.154,28622.727,16642.892,2017,November,Sunday,21
7750,2017-11-19 22:00:00,15.52,67.307,0.081,0.047,0.073,32541.538,26437.81,15061.205,2017,November,Sunday,22
7751,2017-11-19 23:00:00,14.652,69.873,0.081,0.058,0.082,28697.436,23146.488,12954.217,2017,November,Sunday,23
7752,2017-11-20 00:00:00,14.002,70.102,0.081,0.048,0.117,25209.231,19917.149,11655.904,2017,November,Monday,0
7753,2017-11-20 01:00:00,13.562,69.028,0.08,0.045,0.113,23576.41,18237.397,10910.843,2017,November,Monday,1
7754,2017-11-20 02:00:00,13.383,70.482,0.082,0.052,0.101,22183.59,16965.496,10159.036,2017,November,Monday,2
7755,2017-11-20 03:00:00,13.133,72.838,0.084,0.048,0.112,21803.077,16576.86,9989.398,2017,November,Monday,3
7756,2017-11-20 04:00:00,13.27,64.763,0.086,0.05,0.11,21815.385,16782.645,10192.771,2017,November,Monday,4
7757,2017-11-20 05:00:00,13.807,59.633,0.086,0.059,0.083,22668.718,17452.686,10409.639,2017,November,Monday,5
7758,2017-11-20 06:00:00,14.813,54.668,0.082,0.057,0.102,22019.487,17157.025,9624.096,2017,November,Monday,6
7759,2017-11-20 07:00:00,16.713,48.887,0.085,0.545,0.506,20192.821,17764.463,8117.59,2017,November,Monday,7
7760,2017-11-20 08:00:00,17.43,47.638,0.086,56.122,17.349,20821.538,19256.405,7873.735,2017,November,Monday,8
7761,2017-11-20 09:00:00,19.047,48.623,0.084,210.517,36.32,25097.436,21609.298,8474.217,2017,November,Monday,9
7762,2017-11-20 10:00:00,20.51,47.49,0.08,363.283,72.163,29103.59,23499.174,9173.976,2017,November,Monday,10
7763,2017-11-20 11:00:00,20.848,49.17,0.082,437.683,132.833,31591.795,25001.653,10242.892,2017,November,Monday,11
7764,2017-11-20 12:00:00,21.133,48.2,0.083,468.4,144.1,32332.308,26087.603,10933.976,2017,November,Monday,12
7765,2017-11-20 13:00:00,21.323,47.843,0.081,563.35,176.417,31786.667,26117.355,10997.59,2017,November,Monday,13
7766,2017-11-20 14:00:00,21.295,48.35,0.081,322.767,156.978,31087.179,25827.273,10944.578,2017,November,Monday,14
7767,2017-11-20 15:00:00,20.165,58.678,0.079,104.272,80.872,30342.564,25815.496,10903.133,2017,November,Monday,15
7768,2017-11-20 16:00:00,18.593,65.263,0.079,50.297,47.117,30615.385,26071.488,11146.024,2017,November,Monday,16
7769,2017-11-20 17:00:00,19.013,63.207,0.078,25.528,25.392,36802.051,31270.041,15702.169,2017,November,Monday,17
7770,2017-11-20 18:00:00,19.383,62.515,0.079,1.191,1.196,40361.026,33684.917,17506.506,2017,November,Monday,18
7771,2017-11-20 19:00:00,18.792,69.605,0.078,0.035,0.103,39570.256,33026.033,17266.506,2017,November,Monday,19
7772,2017-11-20 20:00:00,18.23,73.6,0.079,0.033,0.128,38696.41,32554.959,17350.361,2017,November,Monday,20
7773,2017-11-20 21:00:00,17.015,66.712,0.081,0.037,0.093,36531.282,30600.62,16125.301,2017,November,Monday,21
7774,2017-11-20 22:00:00,16.338,58.278,0.083,0.04,0.092,33329.231,27269.008,14450.12,2017,November,Monday,22
7775,2017-11-20 23:00:00,16.035,56.052,0.083,0.036,0.1,28954.872,23685.744,12791.325,2017,November,Monday,23
7776,2017-11-21 00:00:00,15.025,55.562,0.086,0.046,0.092,25677.949,20567.355,11407.229,2017,November,Tuesday,0
7777,2017-11-21 01:00:00,13.737,56.702,0.084,0.044,0.083,23567.179,18645.248,10533.012,2017,November,Tuesday,1
7778,2017-11-21 02:00:00,13.227,56.827,0.086,0.045,0.104,22537.436,17736.57,9938.313,2017,November,Tuesday,2
7779,2017-11-21 03:00:00,12.943,57.783,0.081,0.048,0.102,21682.051,17302.066,9814.94,2017,November,Tuesday,3
7780,2017-11-21 04:00:00,12.362,60.205,0.08,0.044,0.126,21772.308,17364.669,10005.783,2017,November,Tuesday,4
7781,2017-11-21 05:00:00,11.655,63.043,0.084,0.044,0.098,22600.0,18194.628,10426.024,2017,November,Tuesday,5
7782,2017-11-21 06:00:00,11.49,63.247,0.084,0.049,0.089,22116.923,17853.099,9729.157,2017,November,Tuesday,6
7783,2017-11-21 07:00:00,10.752,65.705,0.083,0.451,0.45,22561.026,18047.107,7687.711,2017,November,Tuesday,7
7784,2017-11-21 08:00:00,10.165,68.505,3.826,56.067,15.77,24791.795,19832.851,7791.807,2017,November,Tuesday,8
7785,2017-11-21 09:00:00,11.138,65.417,4.92,211.583,28.797,27230.769,21805.785,8739.277,2017,November,Tuesday,9
7786,2017-11-21 10:00:00,13.295,58.633,4.923,360.833,32.608,29676.923,23628.719,9558.554,2017,November,Tuesday,10
7787,2017-11-21 11:00:00,14.715,48.52,4.92,472.617,33.81,31047.179,25221.694,10249.639,2017,November,Tuesday,11
7788,2017-11-21 12:00:00,15.797,38.373,4.922,523.6,35.675,31153.846,26171.281,10564.819,2017,November,Tuesday,12
7789,2017-11-21 13:00:00,16.103,31.555,4.923,523.517,35.828,31402.051,25959.298,10809.639,2017,November,Tuesday,13
7790,2017-11-21 14:00:00,16.05,28.835,4.922,470.517,33.198,33545.641,23072.107,10887.711,2017,November,Tuesday,14
7791,2017-11-21 15:00:00,15.933,31.053,4.925,323.033,63.605,30726.154,25423.76,10729.639,2017,November,Tuesday,15
7792,2017-11-21 16:00:00,15.303,35.002,4.922,163.767,162.95,30491.282,25798.76,11066.024,2017,November,Tuesday,16
7793,2017-11-21 17:00:00,14.682,42.44,2.987,72.622,89.997,36653.333,31708.884,16031.807,2017,November,Tuesday,17
7794,2017-11-21 18:00:00,13.798,46.415,0.084,2.083,2.077,39906.667,33922.314,17019.759,2017,November,Tuesday,18
7795,2017-11-21 19:00:00,13.69,46.903,0.082,0.046,0.088,39284.103,33161.157,16379.759,2017,November,Tuesday,19
7796,2017-11-21 20:00:00,13.89,45.158,0.081,0.053,0.091,38667.692,32613.223,16521.446,2017,November,Tuesday,20
7797,2017-11-21 21:00:00,13.172,50.303,0.085,0.066,0.065,36306.667,30550.413,15714.699,2017,November,Tuesday,21
7798,2017-11-21 22:00:00,12.415,53.623,0.084,0.047,0.084,33214.359,27693.595,14437.59,2017,November,Tuesday,22
7799,2017-11-21 23:00:00,12.35,53.312,0.083,0.042,0.085,28670.769,24327.273,12815.422,2017,November,Tuesday,23
7800,2017-11-22 00:00:00,12.11,54.648,0.087,0.061,0.071,25054.359,21458.678,11377.349,2017,November,Wednesday,0
7801,2017-11-22 01:00:00,11.508,59.302,0.086,0.056,0.07,23120.0,19438.636,10666.988,2017,November,Wednesday,1
7802,2017-11-22 02:00:00,11.475,68.048,2.825,0.043,0.116,22080.0,18058.884,10172.53,2017,November,Wednesday,2
7803,2017-11-22 03:00:00,11.543,67.632,4.922,0.054,0.09,21576.41,17558.678,10586.988,2017,November,Wednesday,3
7804,2017-11-22 04:00:00,11.108,69.948,4.92,0.037,0.124,21461.538,17505.992,10448.193,2017,November,Wednesday,4
7805,2017-11-22 05:00:00,11.303,66.425,4.916,0.038,0.095,22162.051,18492.769,10641.928,2017,November,Wednesday,5
7806,2017-11-22 06:00:00,10.857,67.288,4.918,0.048,0.092,21968.205,18385.537,9330.12,2017,November,Wednesday,6
7807,2017-11-22 07:00:00,10.227,70.217,4.917,0.332,0.382,21939.487,18882.645,7432.289,2017,November,Wednesday,7
7808,2017-11-22 08:00:00,9.482,75.283,4.919,42.316,13.778,23852.308,20916.942,7835.181,2017,November,Wednesday,8
7809,2017-11-22 09:00:00,9.782,78.433,4.919,181.467,43.365,26593.846,22253.306,8612.048,2017,November,Wednesday,9
7810,2017-11-22 10:00:00,11.012,75.233,4.92,281.433,124.773,30694.359,22102.066,9268.434,2017,November,Wednesday,10
7811,2017-11-22 11:00:00,13.7,63.548,4.924,499.717,103.432,32787.692,22842.149,10172.53,2017,November,Wednesday,11
7812,2017-11-22 12:00:00,14.718,56.838,4.925,349.9,144.5,32170.256,24589.463,10506.988,2017,November,Wednesday,12
7813,2017-11-22 13:00:00,15.172,55.277,4.924,460.667,195.3,32037.949,24792.149,10750.843,2017,November,Wednesday,13
7814,2017-11-22 14:00:00,15.813,52.742,4.92,360.6,157.133,28447.179,24347.727,10663.133,2017,November,Wednesday,14
7815,2017-11-22 15:00:00,15.808,48.743,4.923,171.95,140.4,29992.821,24482.231,10552.289,2017,November,Wednesday,15
7816,2017-11-22 16:00:00,15.657,48.81,4.922,50.505,48.942,31246.154,24150.0,11174.94,2017,November,Wednesday,16
7817,2017-11-22 17:00:00,14.687,55.477,4.922,38.398,45.523,38378.462,29512.19,16106.988,2017,November,Wednesday,17
7818,2017-11-22 18:00:00,12.835,62.07,4.921,2.034,2.038,40155.897,33623.554,17522.892,2017,November,Wednesday,18
7819,2017-11-22 19:00:00,11.687,64.853,4.921,0.053,0.074,39270.769,32988.843,16845.301,2017,November,Wednesday,19
7820,2017-11-22 20:00:00,11.388,69.157,4.92,0.059,0.072,38259.487,31823.554,16114.699,2017,November,Wednesday,20
7821,2017-11-22 21:00:00,11.038,72.5,4.921,0.052,0.096,36305.641,30208.884,15534.458,2017,November,Wednesday,21
7822,2017-11-22 22:00:00,10.498,74.367,4.92,0.061,0.106,33508.718,27621.074,14773.012,2017,November,Wednesday,22
7823,2017-11-22 23:00:00,9.522,78.45,4.92,0.056,0.115,29187.692,23950.413,12749.88,2017,November,Wednesday,23
7824,2017-11-23 00:00:00,8.75,80.517,4.919,0.062,0.114,25429.744,20789.876,11283.855,2017,November,Thursday,0
7825,2017-11-23 01:00:00,8.025,82.233,4.919,0.054,0.124,23560.0,18509.504,10560.0,2017,November,Thursday,1
7826,2017-11-23 02:00:00,7.388,83.633,4.917,0.059,0.107,22180.513,17292.149,9989.398,2017,November,Thursday,2
7827,2017-11-23 03:00:00,6.915,84.35,4.916,0.054,0.121,21591.795,16887.397,9736.867,2017,November,Thursday,3
7828,2017-11-23 04:00:00,6.047,85.083,4.915,0.049,0.133,21546.667,16869.421,9706.024,2017,November,Thursday,4
7829,2017-11-23 05:00:00,5.458,85.833,4.916,0.054,0.133,22497.436,17636.157,9998.072,2017,November,Thursday,5
7830,2017-11-23 06:00:00,5.256,85.2,4.915,0.062,0.128,22031.795,17367.149,8938.795,2017,November,Thursday,6
7831,2017-11-23 07:00:00,5.346,83.417,2.596,0.224,0.27,22006.154,17667.769,7254.94,2017,November,Thursday,7
7832,2017-11-23 08:00:00,5.44,81.667,4.5,13.992,13.434,24750.769,19366.116,7440.964,2017,November,Thursday,8
7833,2017-11-23 09:00:00,6.178,78.917,4.919,153.408,84.172,27474.872,21712.81,8511.807,2017,November,Thursday,9
7834,2017-11-23 10:00:00,8.043,73.733,4.922,358.367,79.813,29287.179,22909.711,10046.265,2017,November,Thursday,10
7835,2017-11-23 11:00:00,11.132,62.518,4.921,462.85,60.983,30542.564,22607.851,11502.651,2017,November,Thursday,11
7836,2017-11-23 12:00:00,14.072,51.162,4.923,505.933,44.033,31185.641,23669.628,11734.94,2017,November,Thursday,12
7837,2017-11-23 13:00:00,16.682,43.828,4.917,525.067,65.83,31073.846,24155.579,11328.193,2017,November,Thursday,13
7838,2017-11-23 14:00:00,16.897,47.953,4.918,318.517,130.367,30830.769,24044.008,11394.699,2017,November,Thursday,14
7839,2017-11-23 15:00:00,15.972,52.025,4.919,194.55,82.637,30618.462,25066.736,9946.988,2017,November,Thursday,15
7840,2017-11-23 16:00:00,16.358,50.218,4.916,211.533,156.283,30553.846,25959.298,10138.795,2017,November,Thursday,16
7841,2017-11-23 17:00:00,15.67,52.468,4.919,65.367,80.288,37271.795,31600.413,14671.807,2017,November,Thursday,17
7842,2017-11-23 18:00:00,13.208,61.9,4.918,1.882,1.876,40254.359,33656.405,16505.06,2017,November,Thursday,18
7843,2017-11-23 19:00:00,12.008,65.932,4.92,0.076,0.049,39760.0,33218.182,16603.373,2017,November,Thursday,19
7844,2017-11-23 20:00:00,12.145,65.762,4.92,0.064,0.054,38871.795,32445.248,16547.47,2017,November,Thursday,20
7845,2017-11-23 21:00:00,11.198,68.438,4.921,0.064,0.059,36657.436,30780.372,15906.506,2017,November,Thursday,21
7846,2017-11-23 22:00:00,10.122,72.883,4.921,0.07,0.075,33395.897,27777.273,14565.783,2017,November,Thursday,22
7847,2017-11-23 23:00:00,9.422,75.567,4.922,0.064,0.081,29123.077,24017.975,13149.88,2017,November,Thursday,23
7848,2017-11-24 00:00:00,8.7,77.667,4.92,0.064,0.101,25784.615,20917.562,11290.602,2017,November,Friday,0
7849,2017-11-24 01:00:00,8.075,78.45,4.918,0.055,0.106,23607.179,18811.983,10487.711,2017,November,Friday,1
7850,2017-11-24 02:00:00,7.537,80.05,4.918,0.06,0.122,22450.256,17613.843,10081.928,2017,November,Friday,2
7851,2017-11-24 03:00:00,7.433,79.383,4.918,0.07,0.114,21754.872,17114.256,9770.602,2017,November,Friday,3
7852,2017-11-24 04:00:00,7.935,74.1,4.916,0.071,0.12,21872.821,17089.463,9677.108,2017,November,Friday,4
7853,2017-11-24 05:00:00,8.938,65.632,4.915,0.071,0.087,22751.795,17843.802,9964.337,2017,November,Friday,5
7854,2017-11-24 06:00:00,8.68,65.838,4.916,0.086,0.086,22244.103,17831.405,8994.699,2017,November,Friday,6
7855,2017-11-24 07:00:00,9.06,60.4,4.919,0.332,0.355,21845.128,18037.81,7482.41,2017,November,Friday,7
7856,2017-11-24 08:00:00,8.89,60.222,4.919,48.949,13.792,23682.051,19866.322,7919.036,2017,November,Friday,8
7857,2017-11-24 09:00:00,10.337,54.277,4.923,197.1,26.513,26377.436,21867.769,8487.711,2017,November,Friday,9
7858,2017-11-24 10:00:00,13.608,41.782,4.921,331.233,41.777,28877.949,23698.76,9134.458,2017,November,Friday,10
7859,2017-11-24 11:00:00,16.102,36.025,4.918,374.883,98.662,30228.718,25218.595,9736.867,2017,November,Friday,11
7860,2017-11-24 12:00:00,16.97,35.315,4.916,516.05,80.918,29689.231,25134.917,10384.578,2017,November,Friday,12
7861,2017-11-24 13:00:00,17.218,38.95,4.916,450.633,44.253,30076.923,25180.785,10223.614,2017,November,Friday,13
7862,2017-11-24 14:00:00,17.605,42.92,4.916,445.517,31.652,29690.256,25237.81,9572.048,2017,November,Friday,14
7863,2017-11-24 15:00:00,18.375,42.337,4.918,342.983,30.113,29471.795,25206.818,9534.458,2017,November,Friday,15
7864,2017-11-24 16:00:00,18.35,44.23,4.914,202.317,131.228,29429.744,24815.702,9837.108,2017,November,Friday,16
7865,2017-11-24 17:00:00,17.365,52.035,4.919,63.865,79.393,35706.667,30616.116,14754.699,2017,November,Friday,17
7866,2017-11-24 18:00:00,16.798,54.523,4.919,1.731,1.666,39100.513,33264.669,16261.205,2017,November,Friday,18
7867,2017-11-24 19:00:00,16.687,56.7,4.919,0.06,0.042,38332.308,32437.19,16203.373,2017,November,Friday,19
7868,2017-11-24 20:00:00,16.47,57.918,4.919,0.058,0.052,37921.026,31909.711,16313.253,2017,November,Friday,20
7869,2017-11-24 21:00:00,16.395,59.885,4.921,0.062,0.041,36345.641,30577.686,15810.12,2017,November,Friday,21
7870,2017-11-24 22:00:00,17.098,54.898,2.987,0.054,0.062,33593.846,27578.306,14488.675,2017,November,Friday,22
7871,2017-11-24 23:00:00,17.283,52.858,0.078,0.061,0.068,29637.949,24585.744,13143.133,2017,November,Friday,23
7872,2017-11-25 00:00:00,17.355,53.698,0.076,0.068,0.062,25874.872,21109.091,11857.349,2017,November,Saturday,0
7873,2017-11-25 01:00:00,17.427,54.558,0.077,0.065,0.066,23451.282,18810.124,10627.47,2017,November,Saturday,1
7874,2017-11-25 02:00:00,17.59,53.682,0.077,0.057,0.077,22389.744,17388.843,10001.928,2017,November,Saturday,2
7875,2017-11-25 03:00:00,17.827,51.99,0.077,0.071,0.074,21805.128,16835.95,9765.783,2017,November,Saturday,3
7876,2017-11-25 04:00:00,16.237,58.825,0.078,0.054,0.083,21705.641,16952.479,9700.241,2017,November,Saturday,4
7877,2017-11-25 05:00:00,14.242,64.997,0.076,0.059,0.089,22495.385,17654.132,10037.59,2017,November,Saturday,5
7878,2017-11-25 06:00:00,15.027,64.893,0.077,0.054,0.068,21464.615,17597.727,9075.663,2017,November,Saturday,6
7879,2017-11-25 07:00:00,14.958,64.882,0.077,0.296,0.285,20403.077,16421.281,7136.386,2017,November,Saturday,7
7880,2017-11-25 08:00:00,15.76,63.708,0.078,48.529,14.508,23292.308,18583.264,7414.94,2017,November,Saturday,8
7881,2017-11-25 09:00:00,17.088,57.902,0.079,196.633,28.82,26545.641,21595.041,8501.205,2017,November,Saturday,9
7882,2017-11-25 10:00:00,18.39,51.992,0.08,341.733,34.422,28973.333,23625.62,9256.867,2017,November,Saturday,10
7883,2017-11-25 11:00:00,18.835,52.867,0.08,450.95,39.16,30414.359,25159.711,9786.988,2017,November,Saturday,11
7884,2017-11-25 12:00:00,19.575,50.812,0.081,510.183,46.04,30529.231,25893.595,10191.807,2017,November,Saturday,12
7885,2017-11-25 13:00:00,20.107,48.293,2.523,481.483,83.4,31081.026,26095.661,10358.554,2017,November,Saturday,13
7886,2017-11-25 14:00:00,20.052,50.082,0.079,445.767,47.102,31000.0,26302.686,10316.145,2017,November,Saturday,14
7887,2017-11-25 15:00:00,19.993,49.152,0.083,340.967,37.177,30035.897,25291.736,10391.325,2017,November,Saturday,15
7888,2017-11-25 16:00:00,19.713,48.615,0.079,200.183,123.218,30143.59,25019.008,10366.265,2017,November,Saturday,16
7889,2017-11-25 17:00:00,19.102,51.27,2.754,62.553,76.462,35665.641,30190.909,15161.446,2017,November,Saturday,17
7890,2017-11-25 18:00:00,18.058,56.595,4.922,2.048,2.023,38282.051,32163.223,16426.988,2017,November,Saturday,18
7891,2017-11-25 19:00:00,17.012,63.468,4.922,0.056,0.04,38026.667,31721.901,16399.036,2017,November,Saturday,19
7892,2017-11-25 20:00:00,16.34,66.368,4.918,0.056,0.05,37284.103,31162.19,16286.265,2017,November,Saturday,20
7893,2017-11-25 21:00:00,15.55,68.995,4.92,0.053,0.075,35815.385,29450.207,15302.169,2017,November,Saturday,21
7894,2017-11-25 22:00:00,14.978,69.275,4.92,0.052,0.063,33870.769,27160.537,14644.819,2017,November,Saturday,22
7895,2017-11-25 23:00:00,14.413,69.265,4.919,0.059,0.078,29980.513,24091.116,13178.795,2017,November,Saturday,23
7896,2017-11-26 00:00:00,13.997,71.183,4.92,0.052,0.088,26000.0,20600.207,11353.253,2017,November,Sunday,0
7897,2017-11-26 01:00:00,13.322,73.117,4.919,0.054,0.089,24006.154,18319.835,10508.916,2017,November,Sunday,1
7898,2017-11-26 02:00:00,13.273,73.417,4.918,0.052,0.089,22524.103,16823.554,10090.602,2017,November,Sunday,2
7899,2017-11-26 03:00:00,13.138,72.4,4.919,0.054,0.099,22054.359,16274.38,9761.928,2017,November,Sunday,3
7900,2017-11-26 04:00:00,12.398,73.933,4.919,0.046,0.095,21693.333,16041.942,9612.53,2017,November,Sunday,4
7901,2017-11-26 05:00:00,12.207,72.867,4.919,0.056,0.104,22291.282,16583.058,9849.639,2017,November,Sunday,5
7902,2017-11-26 06:00:00,12.207,71.71,4.916,0.047,0.102,21123.077,15484.091,8815.422,2017,November,Sunday,6
7903,2017-11-26 07:00:00,12.068,71.405,4.919,0.247,0.281,19264.615,13126.24,6614.94,2017,November,Sunday,7
7904,2017-11-26 08:00:00,12.105,70.56,4.921,42.382,14.784,21137.436,14367.149,7076.627,2017,November,Sunday,8
7905,2017-11-26 09:00:00,13.787,65.78,4.922,185.117,31.765,24253.333,16924.587,8245.783,2017,November,Sunday,9
7906,2017-11-26 10:00:00,16.122,57.87,4.923,331.483,36.76,27266.667,19488.223,9057.349,2017,November,Sunday,10
7907,2017-11-26 11:00:00,17.962,52.03,4.923,440.283,38.63,29095.385,21063.223,9798.554,2017,November,Sunday,11
7908,2017-11-26 12:00:00,19.308,44.917,4.921,494.1,40.087,29982.564,22030.785,10418.313,2017,November,Sunday,12
7909,2017-11-26 13:00:00,20.352,43.432,4.918,495.767,44.998,30793.846,22464.669,10485.783,2017,November,Sunday,13
7910,2017-11-26 14:00:00,20.84,43.047,4.919,444.65,57.003,30357.949,22421.901,10524.337,2017,November,Sunday,14
7911,2017-11-26 15:00:00,21.275,41.953,4.919,334.367,45.05,29097.436,22016.529,10713.253,2017,November,Sunday,15
7912,2017-11-26 16:00:00,20.828,45.268,4.916,177.0,96.85,29183.59,22369.835,10608.193,2017,November,Sunday,16
7913,2017-11-26 17:00:00,19.948,49.615,4.833,59.288,69.577,35262.564,27600.62,15334.94,2017,November,Sunday,17
7914,2017-11-26 18:00:00,18.463,56.988,2.152,1.867,1.848,38405.128,30055.165,16435.663,2017,November,Sunday,18
7915,2017-11-26 19:00:00,17.518,63.42,4.271,0.054,0.045,38618.462,30197.727,16407.711,2017,November,Sunday,19
7916,2017-11-26 20:00:00,16.348,70.028,0.082,0.047,0.072,37924.103,30138.223,16320.0,2017,November,Sunday,20
7917,2017-11-26 21:00:00,15.395,75.55,0.081,0.049,0.082,36109.744,29065.289,15760.964,2017,November,Sunday,21
7918,2017-11-26 22:00:00,13.607,78.083,0.079,0.054,0.083,33428.718,27376.24,14591.807,2017,November,Sunday,22
7919,2017-11-26 23:00:00,12.94,79.383,0.079,0.048,0.103,29278.974,23657.851,12886.747,2017,November,Sunday,23
7920,2017-11-27 00:00:00,12.012,82.083,0.08,0.058,0.121,25867.692,20333.678,11425.542,2017,November,Monday,0
7921,2017-11-27 01:00:00,11.395,83.25,0.078,0.055,0.11,23938.462,18357.645,10592.771,2017,November,Monday,1
7922,2017-11-27 02:00:00,10.572,85.167,0.08,0.049,0.12,22580.513,16884.917,10022.169,2017,November,Monday,2
7923,2017-11-27 03:00:00,10.438,85.233,0.079,0.047,0.122,21701.538,16357.438,9652.048,2017,November,Monday,3
7924,2017-11-27 04:00:00,10.137,86.25,0.082,0.048,0.129,21892.308,16542.149,9540.241,2017,November,Monday,4
7925,2017-11-27 05:00:00,9.727,88.167,0.082,0.043,0.138,22811.282,17714.256,9797.59,2017,November,Monday,5
7926,2017-11-27 06:00:00,8.918,88.533,0.08,0.047,0.118,22530.256,17988.843,9015.904,2017,November,Monday,6
7927,2017-11-27 07:00:00,8.747,88.667,0.08,0.116,0.182,23128.205,18427.686,7530.602,2017,November,Monday,7
7928,2017-11-27 08:00:00,8.658,88.567,3.758,32.496,18.105,25632.821,20364.05,7958.554,2017,November,Monday,8
7929,2017-11-27 09:00:00,8.97,89.417,0.079,166.617,82.605,25309.744,22398.967,8971.566,2017,November,Monday,9
7930,2017-11-27 10:00:00,9.71,90.1,0.082,341.083,102.812,26924.103,23858.678,10049.157,2017,November,Monday,10
7931,2017-11-27 11:00:00,12.647,85.267,0.081,429.817,59.837,28562.051,24557.851,11742.651,2017,November,Monday,11
7932,2017-11-27 12:00:00,17.237,74.067,0.073,478.983,64.133,28995.897,25496.901,12141.687,2017,November,Monday,12
7933,2017-11-27 13:00:00,18.818,65.137,0.072,464.417,71.617,29340.513,25824.793,11654.94,2017,November,Monday,13
7934,2017-11-27 14:00:00,19.048,62.78,0.074,413.667,59.363,28779.487,26706.198,10145.542,2017,November,Monday,14
7935,2017-11-27 15:00:00,19.145,61.167,0.074,331.167,40.873,29662.564,26838.223,10092.53,2017,November,Monday,15
7936,2017-11-27 16:00:00,18.903,61.888,0.072,196.05,85.828,31249.231,26967.769,10516.627,2017,November,Monday,16
7937,2017-11-27 17:00:00,18.167,68.665,2.46,59.42,72.185,38200.0,32333.678,15342.651,2017,November,Monday,17
7938,2017-11-27 18:00:00,16.15,73.45,4.923,1.735,1.684,40528.205,34040.083,16680.482,2017,November,Monday,18
7939,2017-11-27 19:00:00,14.482,78.267,1.238,0.049,0.046,39634.872,33611.777,16536.867,2017,November,Monday,19
7940,2017-11-27 20:00:00,13.033,79.233,0.072,0.057,0.055,38916.923,33154.339,16605.301,2017,November,Monday,20
7941,2017-11-27 21:00:00,12.39,78.65,0.074,0.047,0.062,36883.077,31093.388,15926.747,2017,November,Monday,21
7942,2017-11-27 22:00:00,12.175,78.95,0.074,0.048,0.072,33549.744,28002.273,14352.771,2017,November,Monday,22
7943,2017-11-27 23:00:00,11.752,81.667,0.072,0.054,0.09,29391.795,24310.537,12609.157,2017,November,Monday,23
7944,2017-11-28 00:00:00,12.307,84.583,0.073,0.047,0.104,25807.179,20773.76,11009.157,2017,November,Tuesday,0
7945,2017-11-28 01:00:00,13.082,86.817,0.074,0.049,0.108,23597.949,18753.719,10362.41,2017,November,Tuesday,1
7946,2017-11-28 02:00:00,12.497,87.6,0.073,0.049,0.129,22386.667,17698.14,9816.867,2017,November,Tuesday,2
7947,2017-11-28 03:00:00,13.552,88.483,1.38,0.037,0.144,21584.615,17406.198,9537.349,2017,November,Tuesday,3
7948,2017-11-28 04:00:00,14.778,84.267,4.914,0.057,0.132,21482.051,17424.793,9407.229,2017,November,Tuesday,4
7949,2017-11-28 05:00:00,15.085,80.3,4.913,0.049,0.131,22601.026,18126.446,9747.47,2017,November,Tuesday,5
7950,2017-11-28 06:00:00,15.185,77.8,4.912,0.043,0.132,22673.846,18340.909,8907.952,2017,November,Tuesday,6
7951,2017-11-28 07:00:00,15.34,78.267,4.913,0.166,0.238,23243.077,18891.942,7779.277,2017,November,Tuesday,7
7952,2017-11-28 08:00:00,15.523,77.833,4.914,21.804,18.084,25549.744,20357.231,8140.723,2017,November,Tuesday,8
7953,2017-11-28 09:00:00,16.812,75.183,4.915,147.543,51.265,28004.103,21986.777,9787.952,2017,November,Tuesday,9
7954,2017-11-28 10:00:00,17.955,66.082,4.918,316.183,47.427,30200.0,23221.488,10535.904,2017,November,Tuesday,10
7955,2017-11-28 11:00:00,18.76,57.855,4.92,434.767,38.412,31761.026,25615.289,9864.096,2017,November,Tuesday,11
7956,2017-11-28 12:00:00,19.3,54.667,4.922,492.4,38.518,32466.667,26228.926,10363.373,2017,November,Tuesday,12
7957,2017-11-28 13:00:00,19.55,56.57,4.922,501.283,45.235,32623.59,26731.612,10629.398,2017,November,Tuesday,13
7958,2017-11-28 14:00:00,19.168,62.663,4.92,335.217,66.5,31224.615,26294.008,10600.482,2017,November,Tuesday,14
7959,2017-11-28 15:00:00,19.122,63.183,4.918,360.15,63.788,31552.821,26744.628,10617.831,2017,November,Tuesday,15
7960,2017-11-28 16:00:00,18.732,62.958,4.919,172.85,88.423,31811.282,26809.091,10852.048,2017,November,Tuesday,16
7961,2017-11-28 17:00:00,18.393,61.838,4.921,76.465,87.055,38115.897,32082.645,15595.181,2017,November,Tuesday,17
7962,2017-11-28 18:00:00,17.965,61.667,4.921,0.852,0.859,40314.872,34193.802,16744.096,2017,November,Tuesday,18
7963,2017-11-28 19:00:00,17.853,62.533,4.922,0.058,0.059,39664.615,33407.851,16970.602,2017,November,Tuesday,19
7964,2017-11-28 20:00:00,17.758,65.22,4.922,0.057,0.074,38646.154,33084.298,17137.349,2017,November,Tuesday,20
7965,2017-11-28 21:00:00,17.542,68.63,4.921,0.062,0.08,36570.256,31209.917,16371.084,2017,November,Tuesday,21
7966,2017-11-28 22:00:00,17.448,70.727,4.922,0.046,0.121,33379.487,27864.05,14729.639,2017,November,Tuesday,22
7967,2017-11-28 23:00:00,17.37,68.082,4.921,0.047,0.098,29352.821,24159.917,12944.578,2017,November,Tuesday,23
7968,2017-11-29 00:00:00,17.31,66.327,4.921,0.052,0.097,25609.231,20998.76,11281.928,2017,November,Wednesday,0
7969,2017-11-29 01:00:00,17.265,68.033,4.918,0.048,0.12,23426.667,18809.504,10074.217,2017,November,Wednesday,1
7970,2017-11-29 02:00:00,16.958,67.815,4.917,0.043,0.102,22490.256,17614.463,9533.494,2017,November,Wednesday,2
7971,2017-11-29 03:00:00,16.868,68.267,4.918,0.056,0.135,21942.564,17217.769,9290.602,2017,November,Wednesday,3
7972,2017-11-29 04:00:00,16.69,69.562,4.918,0.056,0.135,21589.744,17247.521,9276.145,2017,November,Wednesday,4
7973,2017-11-29 05:00:00,16.897,68.638,4.916,0.051,0.127,22453.333,17951.033,9830.361,2017,November,Wednesday,5
7974,2017-11-29 06:00:00,16.93,64.418,4.916,0.049,0.112,23032.821,18461.777,9315.663,2017,November,Wednesday,6
7975,2017-11-29 07:00:00,16.462,66.092,4.918,0.089,0.14,22746.667,18882.025,7631.807,2017,November,Wednesday,7
7976,2017-11-29 08:00:00,15.815,67.772,4.92,17.021,15.995,25425.641,20367.769,7314.699,2017,November,Wednesday,8
7977,2017-11-29 09:00:00,16.238,67.51,4.922,79.248,30.712,28923.077,22152.893,8103.133,2017,November,Wednesday,9
7978,2017-11-29 10:00:00,18.052,62.523,4.92,282.25,52.365,31073.846,24894.421,9175.904,2017,November,Wednesday,10
7979,2017-11-29 11:00:00,18.805,59.122,4.922,374.167,72.56,33527.179,26667.149,10235.181,2017,November,Wednesday,11
7980,2017-11-29 12:00:00,19.53,55.247,4.924,480.033,77.885,35287.179,27080.579,10643.855,2017,November,Wednesday,12
7981,2017-11-29 13:00:00,19.438,58.18,4.921,418.967,119.65,35091.282,26709.917,10950.361,2017,November,Wednesday,13
7982,2017-11-29 14:00:00,18.827,61.287,4.921,367.117,112.902,33104.615,27188.43,10731.566,2017,November,Wednesday,14
7983,2017-11-29 15:00:00,18.837,61.78,4.92,338.4,67.427,32708.718,27577.066,11255.904,2017,November,Wednesday,15
7984,2017-11-29 16:00:00,18.545,62.405,2.198,162.267,67.047,34192.821,28741.116,11999.036,2017,November,Wednesday,16
7985,2017-11-29 17:00:00,18.058,66.443,0.072,49.04,54.012,39331.282,33555.372,16286.265,2017,November,Wednesday,17
7986,2017-11-29 18:00:00,17.017,71.9,0.071,1.458,1.408,40989.744,35095.041,17430.361,2017,November,Wednesday,18
7987,2017-11-29 19:00:00,14.94,72.3,0.072,0.058,0.041,40198.974,34237.81,17108.434,2017,November,Wednesday,19
7988,2017-11-29 20:00:00,13.852,72.733,0.071,0.051,0.048,39038.974,33298.14,16920.482,2017,November,Wednesday,20
7989,2017-11-29 21:00:00,14.718,69.653,0.072,0.057,0.05,36661.538,31581.818,16230.361,2017,November,Wednesday,21
7990,2017-11-29 22:00:00,14.293,69.815,0.073,0.045,0.072,33082.051,27986.777,14072.289,2017,November,Wednesday,22
7991,2017-11-29 23:00:00,13.505,73.1,0.072,0.045,0.09,28890.256,24122.107,12278.554,2017,November,Wednesday,23
7992,2017-11-30 00:00:00,12.67,74.967,0.072,0.044,0.121,25461.538,21049.587,11047.711,2017,November,Thursday,0
7993,2017-11-30 01:00:00,12.455,75.7,0.072,0.051,0.112,23562.051,19097.107,10109.88,2017,November,Thursday,1
7994,2017-11-30 02:00:00,12.3,75.65,0.072,0.048,0.106,22446.154,17845.661,9581.687,2017,November,Thursday,2
7995,2017-11-30 03:00:00,12.22,78.783,0.072,0.049,0.108,21745.641,17456.405,9398.554,2017,November,Thursday,3
7996,2017-11-30 04:00:00,11.923,81.05,0.077,0.063,0.114,21844.103,17647.934,9401.446,2017,November,Thursday,4
7997,2017-11-30 05:00:00,10.382,81.633,0.081,0.053,0.122,22849.231,18508.884,9650.12,2017,November,Thursday,5
7998,2017-11-30 06:00:00,9.757,82.35,0.082,0.056,0.109,22771.282,18491.529,8948.434,2017,November,Thursday,6
7999,2017-11-30 07:00:00,9.61,83.217,0.081,0.101,0.167,22685.128,18375.62,7098.795,2017,November,Thursday,7
8000,2017-11-30 08:00:00,9.388,83.05,0.082,22.013,15.502,25340.513,19823.554,7250.12,2017,November,Thursday,8
8001,2017-11-30 09:00:00,9.92,82.233,0.083,134.617,94.063,28255.385,22367.355,8119.518,2017,November,Thursday,9
8002,2017-11-30 10:00:00,11.87,79.0,0.085,326.017,92.063,30346.667,24832.438,8733.494,2017,November,Thursday,10
8003,2017-11-30 11:00:00,16.9,69.025,0.074,417.083,59.568,31516.923,26805.992,8385.542,2017,November,Thursday,11
8004,2017-11-30 12:00:00,18.397,63.585,0.073,481.1,59.243,32518.974,27829.339,8939.759,2017,November,Thursday,12
8005,2017-11-30 13:00:00,18.742,62.822,0.074,457.7,79.182,32506.667,28125.0,9143.133,2017,November,Thursday,13
8006,2017-11-30 14:00:00,18.685,63.833,0.073,430.25,58.093,31763.077,27578.926,8907.952,2017,November,Thursday,14
8007,2017-11-30 15:00:00,18.598,64.825,0.072,326.9,76.662,31508.718,27508.884,8513.735,2017,November,Thursday,15
8008,2017-11-30 16:00:00,18.287,67.102,0.071,205.05,80.935,31385.641,27631.612,8840.482,2017,November,Thursday,16
8009,2017-11-30 17:00:00,17.648,70.568,0.071,59.288,62.675,37773.333,32432.231,14291.084,2017,November,Thursday,17
8010,2017-11-30 18:00:00,16.932,73.9,0.071,1.24,1.199,39890.256,33755.579,15991.325,2017,November,Thursday,18
8011,2017-11-30 19:00:00,16.237,76.25,0.072,0.045,0.052,39350.769,33316.736,15990.361,2017,November,Thursday,19
8012,2017-11-30 20:00:00,14.988,79.9,0.071,0.053,0.047,38711.795,32988.843,16071.325,2017,November,Thursday,20
8013,2017-11-30 21:00:00,13.637,83.733,0.071,0.05,0.053,36664.615,31359.298,15572.048,2017,November,Thursday,21
8014,2017-11-30 22:00:00,12.972,85.35,0.072,0.05,0.105,34148.718,28492.562,14441.446,2017,November,Thursday,22
8015,2017-11-30 23:00:00,12.553,86.017,0.072,0.053,0.094,30290.256,24863.43,12911.807,2017,November,Thursday,23
8016,2017-12-01 00:00:00,18.857,58.342,0.08,0.049,0.097,26196.198,21150.046,11357.503,2017,December,Friday,0
8017,2017-12-01 01:00:00,18.585,64.043,0.078,0.055,0.137,23506.21,18534.52,10325.09,2017,December,Friday,1
8018,2017-12-01 02:00:00,18.285,65.258,0.08,0.048,0.153,22137.389,16952.439,9726.771,2017,December,Friday,2
8019,2017-12-01 03:00:00,17.607,67.645,0.08,0.039,0.156,21652.725,16223.381,9442.497,2017,December,Friday,3
8020,2017-12-01 04:00:00,17.8,64.315,0.079,0.051,0.136,21495.564,16107.395,9458.824,2017,December,Friday,4
8021,2017-12-01 05:00:00,16.92,73.055,0.08,0.043,0.164,21619.265,16562.136,9617.287,2017,December,Friday,5
8022,2017-12-01 06:00:00,15.778,79.033,0.079,0.045,0.146,21056.527,15818.963,8745.258,2017,December,Friday,6
8023,2017-12-01 07:00:00,15.51,77.817,0.079,0.087,0.202,18551.077,13237.803,6340.456,2017,December,Friday,7
8024,2017-12-01 08:00:00,15.503,76.933,0.08,37.999,32.181,20355.894,14803.314,6656.423,2017,December,Friday,8
8025,2017-12-01 09:00:00,15.89,74.333,0.082,169.617,71.45,23467.681,17537.281,7448.739,2017,December,Friday,9
8026,2017-12-01 10:00:00,16.812,71.62,0.081,342.15,86.648,26351.331,19950.905,8432.173,2017,December,Friday,10
8027,2017-12-01 11:00:00,17.952,65.422,0.084,490.7,120.167,28153.105,21459.957,8971.909,2017,December,Friday,11
8028,2017-12-01 12:00:00,18.965,59.918,0.083,518.783,84.685,28094.297,21707.886,9177.431,2017,December,Friday,12
8029,2017-12-01 13:00:00,19.298,59.608,0.082,500.867,68.23,28679.341,22126.419,9406.002,2017,December,Friday,13
8030,2017-12-01 14:00:00,19.218,57.9,0.084,381.95,102.628,27616.73,21402.271,9190.876,2017,December,Friday,14
8031,2017-12-01 15:00:00,18.685,61.438,0.083,124.22,113.942,26732.573,20744.4,8948.86,2017,December,Friday,15
8032,2017-12-01 16:00:00,18.435,62.58,0.082,108.16,123.952,26866.413,21135.931,9256.182,2017,December,Friday,16
8033,2017-12-01 17:00:00,17.817,64.69,0.084,58.47,69.685,32972.37,26660.325,13712.365,2017,December,Friday,17
8034,2017-12-01 18:00:00,16.518,70.002,0.083,1.114,1.222,35566.033,28463.332,14798.559,2017,December,Friday,18
8035,2017-12-01 19:00:00,15.918,72.667,0.081,0.043,0.124,35371.356,28280.454,14888.836,2017,December,Friday,19
8036,2017-12-01 20:00:00,15.38,74.833,0.083,0.038,0.134,35434.221,28363.915,15127.011,2017,December,Friday,20
8037,2017-12-01 21:00:00,15.027,76.317,0.083,0.038,0.144,34419.265,27834.305,14901.321,2017,December,Friday,21
8038,2017-12-01 22:00:00,15.165,74.917,0.085,0.04,0.145,32346.768,26340.595,14095.558,2017,December,Friday,22
8039,2017-12-01 23:00:00,15.48,72.167,0.084,0.04,0.132,29259.316,23745.321,12708.764,2017,December,Friday,23
8040,2017-12-02 00:00:00,15.362,72.178,0.082,0.046,0.157,25344.487,20305.002,11118.367,2017,December,Saturday,0
8041,2017-12-02 01:00:00,16.42,63.158,0.082,0.05,0.136,22990.114,17704.204,10115.726,2017,December,Saturday,1
8042,2017-12-02 02:00:00,16.612,60.492,0.084,0.036,0.148,21607.098,16181.651,9506.843,2017,December,Saturday,2
8043,2017-12-02 03:00:00,15.87,68.288,0.084,0.048,0.152,21222.814,15398.589,9217.767,2017,December,Saturday,3
8044,2017-12-02 04:00:00,15.468,71.548,0.086,0.028,0.164,20852.725,15404.112,9115.966,2017,December,Saturday,4
8045,2017-12-02 05:00:00,15.343,66.427,0.083,0.042,0.168,21358.682,16038.048,9383.914,2017,December,Saturday,5
8046,2017-12-02 06:00:00,15.488,62.758,0.083,0.052,0.129,20678.327,15404.725,8600.24,2017,December,Saturday,6
8047,2017-12-02 07:00:00,15.565,64.737,0.085,0.064,0.14,18607.858,13292.421,6190.636,2017,December,Saturday,7
8048,2017-12-02 08:00:00,15.953,63.865,0.079,8.55,8.655,20818.251,15045.106,6649.7,2017,December,Saturday,8
8049,2017-12-02 09:00:00,15.705,68.405,0.082,161.553,81.493,24228.137,18006.751,7754.142,2017,December,Saturday,9
8050,2017-12-02 10:00:00,17.407,58.58,0.083,330.483,60.657,27500.127,20786.131,8774.07,2017,December,Saturday,10
8051,2017-12-02 11:00:00,18.128,56.497,0.086,453.45,80.333,29545.247,22343.05,9193.758,2017,December,Saturday,11
8052,2017-12-02 12:00:00,17.983,56.952,0.084,255.427,144.078,30013.688,22817.429,9518.367,2017,December,Saturday,12
8053,2017-12-02 13:00:00,16.61,66.238,0.083,186.032,172.777,29874.778,22632.096,9630.732,2017,December,Saturday,13
8054,2017-12-02 14:00:00,16.568,64.802,0.082,359.567,182.917,29259.316,22575.637,9644.178,2017,December,Saturday,14
8055,2017-12-02 15:00:00,16.788,63.227,0.08,128.267,113.583,28467.427,22273.09,9478.031,2017,December,Saturday,15
8056,2017-12-02 16:00:00,16.452,63.712,0.081,54.553,56.687,28417.744,22447.376,9947.659,2017,December,Saturday,16
8057,2017-12-02 17:00:00,16.663,59.378,0.082,57.33,68.522,34342.205,27986.499,14773.589,2017,December,Saturday,17
8058,2017-12-02 18:00:00,16.265,58.855,0.082,1.215,1.285,37016.984,29874.195,16220.888,2017,December,Saturday,18
8059,2017-12-02 19:00:00,15.988,61.11,0.081,0.054,0.112,37111.28,29842.283,16305.402,2017,December,Saturday,19
8060,2017-12-02 20:00:00,15.847,63.193,0.082,0.063,0.124,36516.096,29649.586,16460.984,2017,December,Saturday,20
8061,2017-12-02 21:00:00,15.303,65.252,0.083,0.057,0.122,35024.588,28730.285,16131.573,2017,December,Saturday,21
8062,2017-12-02 22:00:00,14.975,63.858,0.083,0.058,0.119,33384.03,27002.762,15173.109,2017,December,Saturday,22
8063,2017-12-02 23:00:00,14.395,67.562,0.086,0.065,0.102,29882.89,24221.54,13571.188,2017,December,Saturday,23
8064,2017-12-03 00:00:00,13.77,73.133,0.083,0.054,0.135,26289.48,20687.941,12123.89,2017,December,Sunday,0
8065,2017-12-03 01:00:00,14.31,70.68,0.081,0.062,0.119,23559.949,18061.369,11033.854,2017,December,Sunday,1
8066,2017-12-03 02:00:00,15.063,65.572,0.08,0.065,0.129,22207.351,16383.553,10390.396,2017,December,Sunday,2
8067,2017-12-03 03:00:00,14.432,71.482,0.08,0.045,0.123,21113.308,15669.837,9907.323,2017,December,Sunday,3
8068,2017-12-03 04:00:00,13.377,80.5,0.082,0.084,0.137,20754.373,15331.083,9769.028,2017,December,Sunday,4
8069,2017-12-03 05:00:00,13.67,76.017,0.084,0.075,0.151,21327.25,15782.142,9907.323,2017,December,Sunday,5
8070,2017-12-03 06:00:00,12.93,72.267,0.082,0.075,0.15,20479.594,15132.249,9119.808,2017,December,Sunday,6
8071,2017-12-03 07:00:00,12.937,72.017,0.085,0.077,0.147,17908.238,12694.078,6805.282,2017,December,Sunday,7
8072,2017-12-03 08:00:00,12.788,74.3,0.086,4.908,5.011,19461.597,13564.897,7107.803,2017,December,Sunday,8
8073,2017-12-03 09:00:00,13.008,73.267,0.086,101.928,95.892,22339.163,16012.887,7903.962,2017,December,Sunday,9
8074,2017-12-03 10:00:00,12.692,79.55,0.084,102.115,89.468,25336.375,18661.553,8761.585,2017,December,Sunday,10
8075,2017-12-03 11:00:00,13.957,76.255,0.083,460.917,93.612,27198.986,20549.862,9383.914,2017,December,Sunday,11
8076,2017-12-03 12:00:00,16.337,61.055,0.081,492.817,89.2,28071.99,21372.814,9760.384,2017,December,Sunday,12
8077,2017-12-03 13:00:00,15.673,66.712,0.081,263.517,169.133,27825.602,22038.662,9868.908,2017,December,Sunday,13
8078,2017-12-03 14:00:00,15.935,65.728,0.082,276.373,194.042,27907.731,21932.495,9801.681,2017,December,Sunday,14
8079,2017-12-03 15:00:00,14.345,74.515,0.082,70.785,72.058,27096.578,21733.661,9717.167,2017,December,Sunday,15
8080,2017-12-03 16:00:00,14.362,73.85,0.083,63.223,66.697,27332.826,21681.497,9935.174,2017,December,Sunday,16
8081,2017-12-03 17:00:00,14.577,65.643,0.079,13.679,13.899,33799.747,27395.52,14622.809,2017,December,Sunday,17
8082,2017-12-03 18:00:00,13.472,67.175,3.87,0.675,0.747,36708.745,29978.521,15788.715,2017,December,Sunday,18
8083,2017-12-03 19:00:00,14.042,66.728,4.929,0.056,0.138,37737.896,30664.621,16048.98,2017,December,Sunday,19
8084,2017-12-03 20:00:00,13.92,66.357,4.916,0.06,0.12,37492.522,30907.64,16029.772,2017,December,Sunday,20
8085,2017-12-03 21:00:00,13.77,67.81,4.917,0.06,0.118,35776.933,29635.471,15287.395,2017,December,Sunday,21
8086,2017-12-03 22:00:00,14.232,64.152,4.917,0.056,0.114,32540.431,27429.273,14115.726,2017,December,Sunday,22
8087,2017-12-03 23:00:00,14.343,63.94,4.917,0.062,0.129,28131.812,23486.959,12239.136,2017,December,Sunday,23
8088,2017-12-04 00:00:00,13.383,69.267,4.919,0.051,0.111,24795.944,20300.092,10862.905,2017,December,Monday,0
8089,2017-12-04 01:00:00,13.26,71.233,4.915,0.065,0.112,22591.635,18171.218,10070.588,2017,December,Monday,1
8090,2017-12-04 02:00:00,13.327,72.05,4.918,0.052,0.133,21460.076,16996.625,9615.366,2017,December,Monday,2
8091,2017-12-04 03:00:00,12.687,79.633,4.921,0.066,0.154,20758.428,16131.329,9254.262,2017,December,Monday,3
8092,2017-12-04 04:00:00,12.838,77.133,4.919,0.061,0.169,20923.701,16386.008,9236.975,2017,December,Monday,4
8093,2017-12-04 05:00:00,12.827,75.717,4.92,0.068,0.162,22056.274,17091.132,9454.982,2017,December,Monday,5
8094,2017-12-04 06:00:00,12.393,79.533,4.919,0.074,0.156,22347.275,17706.045,8819.208,2017,December,Monday,6
8095,2017-12-04 07:00:00,12.433,78.633,4.921,0.102,0.168,21991.381,17944.768,6935.894,2017,December,Monday,7
8096,2017-12-04 08:00:00,12.31,80.083,4.922,9.477,9.609,24318.378,19178.276,7128.932,2017,December,Monday,8
8097,2017-12-04 09:00:00,12.88,80.433,3.718,93.305,55.565,27086.439,21380.178,7871.309,2017,December,Monday,9
8098,2017-12-04 10:00:00,14.278,75.933,0.084,305.533,52.117,29795.691,23170.298,8969.028,2017,December,Monday,10
8099,2017-12-04 11:00:00,15.9,63.745,0.083,444.45,105.845,31092.522,24506.29,9738.295,2017,December,Monday,11
8100,2017-12-04 12:00:00,16.415,60.552,0.087,514.883,179.367,31804.309,25540.35,9756.543,2017,December,Monday,12
8101,2017-12-04 13:00:00,16.758,56.655,0.087,390.05,153.8,31452.471,25599.264,9818.007,2017,December,Monday,13
8102,2017-12-04 14:00:00,16.63,55.64,0.085,193.017,84.667,31446.388,25558.76,9968.788,2017,December,Monday,14
8103,2017-12-04 15:00:00,16.418,61.062,0.086,187.257,124.322,30898.859,25669.837,9819.928,2017,December,Monday,15
8104,2017-12-04 16:00:00,16.215,63.897,0.085,116.452,132.257,31060.076,25667.383,10055.222,2017,December,Monday,16
8105,2017-12-04 17:00:00,15.765,65.253,0.085,36.902,42.52,37575.665,31912.243,15049.22,2017,December,Monday,17
8106,2017-12-04 18:00:00,14.597,68.515,0.088,1.485,1.557,39734.347,33898.128,16108.523,2017,December,Monday,18
8107,2017-12-04 19:00:00,14.505,67.78,0.086,0.055,0.121,39047.909,33273.397,16016.327,2017,December,Monday,19
8108,2017-12-04 20:00:00,13.573,72.382,0.084,0.063,0.122,38723.447,32862.841,16155.582,2017,December,Monday,20
8109,2017-12-04 21:00:00,12.152,79.25,0.083,0.062,0.119,36513.054,31385.701,15489.076,2017,December,Monday,21
8110,2017-12-04 22:00:00,11.193,81.65,0.084,0.052,0.122,33379.975,28265.726,14285.714,2017,December,Monday,22
8111,2017-12-04 23:00:00,10.533,84.083,0.083,0.05,0.114,28784.791,24100.031,12474.43,2017,December,Monday,23
8112,2017-12-05 00:00:00,10.21,84.85,0.085,0.056,0.11,25116.35,20652.961,11133.733,2017,December,Tuesday,0
8113,2017-12-05 01:00:00,9.978,85.533,0.08,0.057,0.117,22974.905,18427.125,10211.765,2017,December,Tuesday,1
8114,2017-12-05 02:00:00,9.792,85.1,0.082,0.071,0.119,21934.601,17197.913,9958.223,2017,December,Tuesday,2
8115,2017-12-05 03:00:00,9.388,85.917,0.083,0.069,0.116,21264.385,16600.184,9709.484,2017,December,Tuesday,3
8116,2017-12-05 04:00:00,8.978,85.683,0.082,0.06,0.116,21196.451,16635.778,9590.396,2017,December,Tuesday,4
8117,2017-12-05 05:00:00,8.607,86.517,0.082,0.059,0.106,22194.17,17512.734,9648.98,2017,December,Tuesday,5
8118,2017-12-05 06:00:00,8.298,87.683,0.08,0.06,0.112,22807.605,18238.11,9045.858,2017,December,Tuesday,6
8119,2017-12-05 07:00:00,8.19,87.7,1.718,0.096,0.132,22715.336,18540.657,7186.555,2017,December,Tuesday,7
8120,2017-12-05 08:00:00,8.25,86.783,4.916,35.43,18.213,24857.795,19663.701,7360.384,2017,December,Tuesday,8
8121,2017-12-05 09:00:00,9.52,82.55,4.917,226.133,83.338,27553.866,21726.91,8147.899,2017,December,Tuesday,9
8122,2017-12-05 10:00:00,11.342,75.717,3.964,196.367,139.067,30047.148,23658.177,8806.723,2017,December,Tuesday,10
8123,2017-12-05 11:00:00,12.692,76.883,0.084,425.033,61.58,31772.877,24823.566,9207.203,2017,December,Tuesday,11
8124,2017-12-05 12:00:00,14.678,70.98,0.084,491.35,37.228,32237.262,25860.693,9748.86,2017,December,Tuesday,12
8125,2017-12-05 13:00:00,16.528,49.59,0.087,497.067,35.062,31936.122,25917.153,10158.944,2017,December,Tuesday,13
8126,2017-12-05 14:00:00,17.013,42.29,0.087,444.867,34.725,31590.368,25604.787,10051.381,2017,December,Tuesday,14
8127,2017-12-05 15:00:00,17.102,44.255,0.087,340.683,169.287,30650.444,25577.171,9786.315,2017,December,Tuesday,15
8128,2017-12-05 16:00:00,16.942,45.258,0.085,202.283,242.917,30845.12,25536.668,10048.499,2017,December,Tuesday,16
8129,2017-12-05 17:00:00,15.768,49.243,0.086,60.925,78.423,37101.141,31397.975,14903.241,2017,December,Tuesday,17
8130,2017-12-05 18:00:00,14.28,55.14,0.084,1.492,1.543,39722.18,33652.041,16142.137,2017,December,Tuesday,18
8131,2017-12-05 19:00:00,13.502,57.763,0.083,0.064,0.117,39041.825,33421.295,16327.491,2017,December,Tuesday,19
8132,2017-12-05 20:00:00,13.022,57.745,0.085,0.06,0.122,38645.374,33034.06,16371.669,2017,December,Tuesday,20
8133,2017-12-05 21:00:00,12.228,62.918,0.083,0.057,0.105,36647.909,31729.979,15758.944,2017,December,Tuesday,21
8134,2017-12-05 22:00:00,11.507,64.998,0.086,0.071,0.109,33604.056,28675.667,14661.224,2017,December,Tuesday,22
8135,2017-12-05 23:00:00,10.333,70.247,0.087,0.068,0.132,29020.025,24518.564,12906.603,2017,December,Tuesday,23
8136,2017-12-06 00:00:00,9.427,73.3,0.086,0.046,0.127,25198.479,20964.713,11399.76,2017,December,Wednesday,0
8137,2017-12-06 01:00:00,8.548,76.133,0.085,0.066,0.114,23048.923,18714.943,10405.762,2017,December,Wednesday,1
8138,2017-12-06 02:00:00,7.695,79.15,0.082,0.057,0.133,21690.241,17353.79,9841.056,2017,December,Wednesday,2
8139,2017-12-06 03:00:00,7.108,80.083,0.083,0.066,0.137,21132.573,16839.521,9671.068,2017,December,Wednesday,3
8140,2017-12-06 04:00:00,7.51,75.4,0.084,0.052,0.122,21273.511,16846.886,9709.484,2017,December,Wednesday,4
8141,2017-12-06 05:00:00,7.605,72.088,0.083,0.06,0.111,22141.445,17600.491,9895.798,2017,December,Wednesday,5
8142,2017-12-06 06:00:00,6.604,79.583,0.083,0.066,0.102,22732.573,18183.492,9318.607,2017,December,Wednesday,6
8143,2017-12-06 07:00:00,5.941,82.8,2.141,0.09,0.153,22441.572,18117.828,7310.444,2017,December,Wednesday,7
8144,2017-12-06 08:00:00,5.613,84.783,4.915,12.601,7.784,24566.793,19457.502,7494.838,2017,December,Wednesday,8
8145,2017-12-06 09:00:00,5.957,83.7,4.914,132.12,30.742,27627.883,21658.791,8363.986,2017,December,Wednesday,9
8146,2017-12-06 10:00:00,8.088,75.807,4.869,321.117,34.637,29559.442,23432.955,9155.342,2017,December,Wednesday,10
8147,2017-12-06 11:00:00,10.823,66.997,0.086,433.817,36.488,30872.497,24685.486,9372.389,2017,December,Wednesday,11
8148,2017-12-06 12:00:00,13.24,60.713,0.088,494.733,37.298,31624.842,25668.61,9802.641,2017,December,Wednesday,12
8149,2017-12-06 13:00:00,15.263,48.148,0.089,497.467,38.55,31939.163,25979.748,10129.172,2017,December,Wednesday,13
8150,2017-12-06 14:00:00,16.477,39.037,0.091,447.617,36.742,31606.591,25970.543,10055.222,2017,December,Wednesday,14
8151,2017-12-06 15:00:00,17.31,36.67,0.09,345.067,127.6,30641.318,25940.473,9915.006,2017,December,Wednesday,15
8152,2017-12-06 16:00:00,16.785,41.298,0.084,169.8,192.017,30852.218,26003.068,10219.448,2017,December,Wednesday,16
8153,2017-12-06 17:00:00,14.968,50.133,0.087,36.995,42.912,37198.479,31653.268,15045.378,2017,December,Wednesday,17
8154,2017-12-06 18:00:00,13.59,52.972,0.091,1.851,1.925,39812.421,34146.671,16196.879,2017,December,Wednesday,18
8155,2017-12-06 19:00:00,12.518,56.368,0.085,0.06,0.11,39245.627,33549.555,16227.611,2017,December,Wednesday,19
8156,2017-12-06 20:00:00,11.44,63.88,0.086,0.049,0.11,38679.848,33304.081,16610.804,2017,December,Wednesday,20
8157,2017-12-06 21:00:00,10.47,68.03,0.085,0.054,0.11,36829.404,31713.409,16132.533,2017,December,Wednesday,21
8158,2017-12-06 22:00:00,9.873,69.515,0.084,0.078,0.117,33908.238,28884.32,14745.738,2017,December,Wednesday,22
8159,2017-12-06 23:00:00,8.537,75.6,0.083,0.069,0.134,29019.011,24560.295,12942.137,2017,December,Wednesday,23
8160,2017-12-07 00:00:00,7.662,79.55,0.083,0.078,0.147,25166.033,20815.588,11517.887,2017,December,Thursday,0
8161,2017-12-07 01:00:00,7.218,81.1,0.084,0.064,0.135,22834.981,18633.323,10522.929,2017,December,Thursday,1
8162,2017-12-07 02:00:00,6.507,83.033,0.082,0.077,0.138,21241.065,17166.002,9963.986,2017,December,Thursday,2
8163,2017-12-07 03:00:00,6.008,84.233,0.083,0.07,0.132,20813.181,16474.379,9633.613,2017,December,Thursday,3
8164,2017-12-07 04:00:00,5.517,85.65,0.084,0.071,0.138,20964.259,16463.946,9548.139,2017,December,Thursday,4
8165,2017-12-07 05:00:00,5.079,86.5,0.082,0.062,0.137,21683.143,17399.202,9973.589,2017,December,Thursday,5
8166,2017-12-07 06:00:00,5.043,86.65,0.084,0.074,0.134,22416.223,18182.264,9509.724,2017,December,Thursday,6
8167,2017-12-07 07:00:00,4.696,87.033,0.082,0.103,0.166,22141.445,18333.845,7569.748,2017,December,Thursday,7
8168,2017-12-07 08:00:00,4.661,86.583,0.772,29.348,11.287,24241.318,19620.743,7573.589,2017,December,Thursday,8
8169,2017-12-07 09:00:00,5.316,85.2,2.354,170.133,28.963,27507.224,21783.369,8359.184,2017,December,Thursday,9
8170,2017-12-07 10:00:00,6.882,80.883,0.084,317.1,33.982,29676.046,23992.022,9073.709,2017,December,Thursday,10
8171,2017-12-07 11:00:00,9.642,72.348,0.088,429.883,36.63,31241.572,26050.936,8609.844,2017,December,Thursday,11
8172,2017-12-07 12:00:00,12.508,62.313,0.09,487.083,41.64,31629.911,27067.199,8971.909,2017,December,Thursday,12
8173,2017-12-07 13:00:00,15.08,58.485,0.086,485.567,46.797,30928.264,27083.154,8991.116,2017,December,Thursday,13
8174,2017-12-07 14:00:00,16.198,54.602,0.084,430.8,45.193,30712.294,27115.68,8976.711,2017,December,Thursday,14
8175,2017-12-07 15:00:00,16.497,53.5,0.083,334.5,100.088,30119.138,27262.964,8696.279,2017,December,Thursday,15
8176,2017-12-07 16:00:00,16.862,53.142,0.086,196.117,221.833,30590.621,26833.998,9701.801,2017,December,Thursday,16
8177,2017-12-07 17:00:00,15.342,59.615,0.088,60.36,75.623,37419.518,32206.198,15083.794,2017,December,Thursday,17
8178,2017-12-07 18:00:00,13.575,65.203,0.086,1.601,1.655,40021.293,34133.17,16484.034,2017,December,Thursday,18
8179,2017-12-07 19:00:00,12.78,67.267,0.082,0.064,0.109,39329.785,33978.521,16448.499,2017,December,Thursday,19
8180,2017-12-07 20:00:00,11.73,70.578,0.082,0.054,0.135,38820.786,33809.758,16472.509,2017,December,Thursday,20
8181,2017-12-07 21:00:00,10.868,73.883,0.081,0.064,0.139,36909.506,32501.381,15805.042,2017,December,Thursday,21
8182,2017-12-07 22:00:00,10.312,75.683,0.079,0.056,0.143,33830.165,29089.291,14589.196,2017,December,Thursday,22
8183,2017-12-07 23:00:00,10.415,72.733,0.082,0.06,0.134,29320.152,25166.002,12921.008,2017,December,Thursday,23
8184,2017-12-08 00:00:00,10.837,69.155,0.08,0.062,0.132,25498.606,21504.142,11490.996,2017,December,Friday,0
8185,2017-12-08 01:00:00,10.06,72.4,0.08,0.057,0.14,23334.854,18962.872,10361.585,2017,December,Friday,1
8186,2017-12-08 02:00:00,9.813,70.973,0.082,0.079,0.132,21861.597,17487.573,9809.364,2017,December,Friday,2
8187,2017-12-08 03:00:00,10.237,65.577,0.082,0.054,0.143,20996.705,16810.678,9574.07,2017,December,Friday,3
8188,2017-12-08 04:00:00,9.358,69.373,0.081,0.071,0.124,21104.183,16665.848,9531.813,2017,December,Friday,4
8189,2017-12-08 05:00:00,9.11,68.718,0.081,0.071,0.135,21784.537,17811.599,9821.849,2017,December,Friday,5
8190,2017-12-08 06:00:00,9.435,65.618,0.081,0.07,0.138,22380.735,18686.1,9361.825,2017,December,Friday,6
8191,2017-12-08 07:00:00,9.925,62.932,0.081,0.09,0.165,22213.435,18956.122,7386.315,2017,December,Friday,7
8192,2017-12-08 08:00:00,9.955,62.172,0.083,29.701,9.904,24227.123,20191.47,7514.046,2017,December,Friday,8
8193,2017-12-08 09:00:00,10.515,59.967,0.084,172.517,25.357,27104.689,21652.654,9093.878,2017,December,Friday,9
8194,2017-12-08 10:00:00,12.287,57.178,0.083,321.6,39.195,29550.317,24064.437,9342.617,2017,December,Friday,10
8195,2017-12-08 11:00:00,14.488,54.978,0.084,429.767,78.742,30930.292,25712.795,9588.475,2017,December,Friday,11
8196,2017-12-08 12:00:00,15.865,50.015,0.083,491.117,99.583,30080.608,25759.435,9975.51,2017,December,Friday,12
8197,2017-12-08 13:00:00,16.695,47.463,0.085,508.517,67.552,30394.93,26204.971,10124.37,2017,December,Friday,13
8198,2017-12-08 14:00:00,17.055,47.3,0.086,433.983,71.06,30116.096,25742.866,9805.522,2017,December,Friday,14
8199,2017-12-08 15:00:00,17.275,47.557,0.084,338.533,96.203,29648.669,25499.847,9609.604,2017,December,Friday,15
8200,2017-12-08 16:00:00,16.907,47.537,0.085,175.533,179.5,30052.218,25446.456,9880.432,2017,December,Friday,16
8201,2017-12-08 17:00:00,16.025,52.347,0.084,72.767,85.475,36444.106,30832.157,14790.876,2017,December,Friday,17
8202,2017-12-08 18:00:00,14.883,57.772,0.083,1.921,2.025,39175.665,33289.966,16121.969,2017,December,Friday,18
8203,2017-12-08 19:00:00,13.517,64.46,0.083,0.063,0.094,38682.89,33253.145,16162.305,2017,December,Friday,19
8204,2017-12-08 20:00:00,12.488,68.132,0.082,0.059,0.138,38538.91,33283.216,16428.331,2017,December,Friday,20
8205,2017-12-08 21:00:00,11.462,71.75,0.081,0.049,0.12,36669.202,32095.121,15863.625,2017,December,Friday,21
8206,2017-12-08 22:00:00,10.715,74.133,0.082,0.061,0.126,34125.222,29459.957,14579.592,2017,December,Friday,22
8207,2017-12-08 23:00:00,9.448,78.933,0.087,0.065,0.15,29934.601,25585.763,12769.268,2017,December,Friday,23
8208,2017-12-09 00:00:00,8.873,81.2,0.084,0.06,0.154,26009.632,21674.133,11530.372,2017,December,Saturday,0
8209,2017-12-09 01:00:00,8.58,81.683,0.081,0.056,0.134,23415.97,19211.415,10958.944,2017,December,Saturday,1
8210,2017-12-09 02:00:00,8.07,83.083,0.082,0.07,0.146,21694.297,17547.1,10195.438,2017,December,Saturday,2
8211,2017-12-09 03:00:00,7.602,84.15,0.082,0.069,0.154,21123.447,16924.824,9707.563,2017,December,Saturday,3
8212,2017-12-09 04:00:00,7.278,84.767,0.084,0.063,0.162,20990.621,16834.612,9579.832,2017,December,Saturday,4
8213,2017-12-09 05:00:00,6.555,86.3,0.083,0.066,0.168,21728.771,17503.529,9858.343,2017,December,Saturday,5
8214,2017-12-09 06:00:00,6.255,87.583,0.084,0.062,0.156,22098.859,17860.08,9357.983,2017,December,Saturday,6
8215,2017-12-09 07:00:00,6.14,87.383,0.085,0.082,0.169,20867.934,16830.93,7338.295,2017,December,Saturday,7
8216,2017-12-09 08:00:00,6.109,88.1,0.082,17.925,10.264,23063.118,18411.783,7533.253,2017,December,Saturday,8
8217,2017-12-09 09:00:00,7.027,85.683,0.086,126.133,39.637,26717.364,21338.447,8354.382,2017,December,Saturday,9
8218,2017-12-09 10:00:00,8.238,82.683,0.086,277.483,54.717,29259.316,23750.844,9128.451,2017,December,Saturday,10
8219,2017-12-09 11:00:00,10.998,73.033,0.086,405.817,56.737,30914.068,25492.482,9654.742,2017,December,Saturday,11
8220,2017-12-09 12:00:00,13.978,64.897,0.086,449.2,62.37,31979.721,26189.629,10137.815,2017,December,Saturday,12
8221,2017-12-09 13:00:00,15.858,62.882,0.083,291.333,90.593,32360.963,26484.811,10245.378,2017,December,Saturday,13
8222,2017-12-09 14:00:00,16.745,57.268,0.075,405.117,48.18,31587.326,26128.26,10286.675,2017,December,Saturday,14
8223,2017-12-09 15:00:00,16.685,55.375,0.076,323.733,66.318,31024.588,25949.064,10043.697,2017,December,Saturday,15
8224,2017-12-09 16:00:00,16.53,55.49,0.077,193.6,201.817,31503.169,26189.015,10437.455,2017,December,Saturday,16
8225,2017-12-09 17:00:00,15.837,57.598,0.077,55.585,69.825,37238.023,31348.266,15165.426,2017,December,Saturday,17
8226,2017-12-09 18:00:00,13.337,67.887,0.08,1.42,1.463,39364.259,33545.873,16403.361,2017,December,Saturday,18
8227,2017-12-09 19:00:00,11.917,72.6,0.077,0.065,0.101,38885.678,33154.342,16210.324,2017,December,Saturday,19
8228,2017-12-09 20:00:00,11.655,72.25,0.077,0.066,0.132,38196.198,32672.599,16138.295,2017,December,Saturday,20
8229,2017-12-09 21:00:00,11.978,71.93,0.076,0.062,0.14,36823.321,30864.682,15758.944,2017,December,Saturday,21
8230,2017-12-09 22:00:00,11.8,70.933,0.08,0.065,0.124,34563.245,28191.47,14798.559,2017,December,Saturday,22
8231,2017-12-09 23:00:00,10.383,75.917,0.076,0.057,0.147,30422.307,24896.594,13244.658,2017,December,Saturday,23
8232,2017-12-10 00:00:00,9.385,78.017,0.083,0.06,0.146,26575.412,21247.008,11657.143,2017,December,Sunday,0
8233,2017-12-10 01:00:00,8.407,81.95,0.084,0.059,0.16,23972.624,18629.641,10687.155,2017,December,Sunday,1
8234,2017-12-10 02:00:00,8.017,83.233,0.086,0.059,0.13,22480.101,17034.673,10103.241,2017,December,Sunday,2
8235,2017-12-10 03:00:00,7.287,84.733,0.084,0.067,0.152,21177.186,16113.532,9533.733,2017,December,Sunday,3
8236,2017-12-10 04:00:00,6.685,86.5,0.087,0.064,0.141,21116.35,15872.967,9414.646,2017,December,Sunday,4
8237,2017-12-10 05:00:00,6.404,87.25,0.087,0.068,0.147,21618.251,16201.289,9624.01,2017,December,Sunday,5
8238,2017-12-10 06:00:00,5.996,88.033,0.084,0.068,0.156,21550.317,16071.801,9005.522,2017,December,Sunday,6
8239,2017-12-10 07:00:00,5.837,87.9,0.085,0.1,0.166,18474.018,13448.911,6545.018,2017,December,Sunday,7
8240,2017-12-10 08:00:00,6.063,87.65,0.093,37.16,23.674,20045.627,14668.303,6916.687,2017,December,Sunday,8
8241,2017-12-10 09:00:00,6.668,86.35,0.09,108.95,73.23,23658.302,17421.909,8003.842,2017,December,Sunday,9
8242,2017-12-10 10:00:00,7.63,85.567,0.088,236.967,97.617,27656.274,20457.809,9115.966,2017,December,Sunday,10
8243,2017-12-10 11:00:00,10.9,82.417,0.087,335.15,115.933,29980.228,22495.858,9782.473,2017,December,Sunday,11
8244,2017-12-10 12:00:00,15.328,68.152,0.077,356.75,159.467,29662.864,23016.263,10327.011,2017,December,Sunday,12
8245,2017-12-10 13:00:00,16.215,59.602,0.075,368.05,253.683,29258.302,23244.554,10390.396,2017,December,Sunday,13
8246,2017-12-10 14:00:00,16.188,59.592,0.074,315.933,217.883,29215.716,23725.069,10611.285,2017,December,Sunday,14
8247,2017-12-10 15:00:00,16.302,58.393,0.076,267.617,170.367,28129.785,23134.09,10217.527,2017,December,Sunday,15
8248,2017-12-10 16:00:00,16.05,59.11,0.077,140.45,136.05,28112.548,22941.393,10472.029,2017,December,Sunday,16
8249,2017-12-10 17:00:00,15.278,63.645,0.079,44.162,44.72,34339.163,28756.06,14944.538,2017,December,Sunday,17
8250,2017-12-10 18:00:00,13.608,70.985,0.078,0.95,0.983,37268.441,30981.896,15910.684,2017,December,Sunday,18
8251,2017-12-10 19:00:00,12.368,76.317,0.075,0.061,0.129,37807.858,31411.476,16037.455,2017,December,Sunday,19
8252,2017-12-10 20:00:00,11.642,79.3,0.078,0.064,0.114,37582.763,31208.96,15994.238,2017,December,Sunday,20
8253,2017-12-10 21:00:00,10.892,81.983,0.089,0.056,0.153,36184.537,29945.382,15632.173,2017,December,Sunday,21
8254,2017-12-10 22:00:00,10.225,84.433,0.088,0.063,0.147,33504.689,27780.914,14594.958,2017,December,Sunday,22
8255,2017-12-10 23:00:00,9.948,85.017,0.086,0.066,0.127,29502.662,24190.242,12890.276,2017,December,Sunday,23
8256,2017-12-11 00:00:00,9.362,86.067,0.084,0.05,0.158,25698.352,20688.555,11043.457,2017,December,Monday,0
8257,2017-12-11 01:00:00,8.607,86.9,0.082,0.056,0.138,23414.956,18688.555,10254.022,2017,December,Monday,1
8258,2017-12-11 02:00:00,8.133,88.317,0.082,0.06,0.158,22513.561,16400.736,9960.144,2017,December,Monday,2
8259,2017-12-11 03:00:00,7.727,88.983,0.082,0.062,0.155,22591.635,14899.662,9626.891,2017,December,Monday,3
8260,2017-12-11 04:00:00,6.779,90.183,0.082,0.069,0.142,22212.421,15930.04,9491.477,2017,December,Monday,4
8261,2017-12-11 05:00:00,6.115,91.283,0.083,0.058,0.143,22035.995,17538.509,9928.451,2017,December,Monday,5
8262,2017-12-11 06:00:00,5.861,92.2,0.081,0.065,0.153,22838.023,18389.076,9210.084,2017,December,Monday,6
8263,2017-12-11 07:00:00,5.304,93.167,0.082,0.072,0.149,23795.184,16721.694,7516.927,2017,December,Monday,7
8264,2017-12-11 08:00:00,5.195,93.783,0.084,21.581,10.836,26890.748,18181.037,8707.803,2017,December,Monday,8
8265,2017-12-11 09:00:00,5.276,93.633,0.083,131.967,53.542,28478.58,22147.284,9614.406,2017,December,Monday,9
8266,2017-12-11 10:00:00,6.206,93.6,0.082,281.667,70.585,30598.733,24960.417,10445.138,2017,December,Monday,10
8267,2017-12-11 11:00:00,8.51,91.617,0.086,407.25,56.165,32891.255,24216.631,11931.813,2017,December,Monday,11
8268,2017-12-11 12:00:00,11.823,86.45,0.086,460.583,69.692,34110.013,27340.288,12580.072,2017,December,Monday,12
8269,2017-12-11 13:00:00,15.268,76.617,0.08,454.417,92.983,33189.354,26873.888,12462.905,2017,December,Monday,13
8270,2017-12-11 14:00:00,16.597,66.44,0.077,402.9,107.3,31952.345,26606.935,12089.316,2017,December,Monday,14
8271,2017-12-11 15:00:00,16.548,66.773,0.075,298.1,114.667,31687.706,26228.291,11498.679,2017,December,Monday,15
8272,2017-12-11 16:00:00,16.035,69.307,0.076,150.0,135.783,30819.772,25737.956,11658.103,2017,December,Monday,16
8273,2017-12-11 17:00:00,15.437,72.45,0.075,65.955,70.197,36295.057,30911.322,16487.875,2017,December,Monday,17
8274,2017-12-11 18:00:00,14.213,76.367,0.081,1.833,1.852,39153.359,32716.784,17273.469,2017,December,Monday,18
8275,2017-12-11 19:00:00,12.847,81.583,0.076,0.064,0.114,39360.203,32999.693,16146.939,2017,December,Monday,19
8276,2017-12-11 20:00:00,13.237,79.465,0.084,0.059,0.124,39335.868,32991.715,16070.108,2017,December,Monday,20
8277,2017-12-11 21:00:00,16.087,55.93,0.083,0.058,0.126,37540.177,31718.319,15413.205,2017,December,Monday,21
8278,2017-12-11 22:00:00,16.245,58.605,0.084,0.056,0.142,34361.47,28337.527,13812.245,2017,December,Monday,22
8279,2017-12-11 23:00:00,17.148,57.238,0.084,0.061,0.114,29915.336,24915.005,12082.593,2017,December,Monday,23
8280,2017-12-12 00:00:00,17.362,55.647,0.085,0.051,0.143,25738.91,21103.406,10543.097,2017,December,Tuesday,0
8281,2017-12-12 01:00:00,17.332,58.568,0.086,0.062,0.13,23500.127,18592.82,9641.297,2017,December,Tuesday,1
8282,2017-12-12 02:00:00,17.223,62.312,0.082,0.066,0.15,22222.56,16980.055,9155.342,2017,December,Tuesday,2
8283,2017-12-12 03:00:00,16.445,67.308,0.083,0.07,0.146,21383.016,16387.235,8878.752,2017,December,Tuesday,3
8284,2017-12-12 04:00:00,16.685,65.308,0.082,0.064,0.133,21154.88,16557.226,8856.663,2017,December,Tuesday,4
8285,2017-12-12 05:00:00,16.668,64.233,0.083,0.056,0.159,21967.047,17331.083,9209.124,2017,December,Tuesday,5
8286,2017-12-12 06:00:00,17.622,55.097,0.082,0.071,0.125,22823.828,18309.911,8848.019,2017,December,Tuesday,6
8287,2017-12-12 07:00:00,18.127,50.96,0.082,0.057,0.131,22490.241,18223.381,7282.593,2017,December,Tuesday,7
8288,2017-12-12 08:00:00,18.313,50.105,0.083,8.468,8.04,24391.381,19412.703,7385.354,2017,December,Tuesday,8
8289,2017-12-12 09:00:00,18.418,49.65,0.084,91.708,47.79,27838.783,21694.998,7973.109,2017,December,Tuesday,9
8290,2017-12-12 10:00:00,18.953,48.027,0.084,218.683,65.053,30468.948,23555.078,8650.18,2017,December,Tuesday,10
8291,2017-12-12 11:00:00,19.693,43.69,0.084,420.05,96.367,32129.785,24900.89,9398.319,2017,December,Tuesday,11
8292,2017-12-12 12:00:00,20.032,41.003,0.084,474.517,113.717,32665.146,25734.274,9762.305,2017,December,Tuesday,12
8293,2017-12-12 13:00:00,20.493,37.53,0.084,458.667,137.667,32065.906,25768.027,9887.155,2017,December,Tuesday,13
8294,2017-12-12 14:00:00,20.867,31.82,0.084,440.517,181.4,31571.103,25746.548,9788.235,2017,December,Tuesday,14
8295,2017-12-12 15:00:00,21.003,27.067,0.087,378.75,227.517,30509.506,26264.498,9537.575,2017,December,Tuesday,15
8296,2017-12-12 16:00:00,20.372,27.258,0.086,144.567,143.727,31367.3,25934.949,9512.605,2017,December,Tuesday,16
8297,2017-12-12 17:00:00,19.997,28.157,0.085,30.804,31.287,37516.857,31571.648,14157.983,2017,December,Tuesday,17
8298,2017-12-12 18:00:00,19.76,29.245,0.087,0.717,0.763,40136.882,33792.574,15510.204,2017,December,Tuesday,18
8299,2017-12-12 19:00:00,19.245,31.375,0.085,0.062,0.117,39524.461,33334.152,15522.689,2017,December,Tuesday,19
8300,2017-12-12 20:00:00,16.727,47.83,0.084,0.056,0.116,38824.842,32899.662,15604.322,2017,December,Tuesday,20
8301,2017-12-12 21:00:00,15.738,50.995,0.083,0.055,0.111,37074.778,31289.966,15296.999,2017,December,Tuesday,21
8302,2017-12-12 22:00:00,15.545,54.488,0.082,0.041,0.106,33516.857,27172.752,14824.49,2017,December,Tuesday,22
8303,2017-12-12 23:00:00,14.937,59.328,0.079,0.049,0.126,28978.454,23467.321,13011.285,2017,December,Tuesday,23
8304,2017-12-13 00:00:00,14.745,59.975,0.079,0.061,0.11,25458.048,20213.562,11501.561,2017,December,Wednesday,0
8305,2017-12-13 01:00:00,14.333,63.242,0.082,0.053,0.093,23037.769,17669.224,10473.95,2017,December,Wednesday,1
8306,2017-12-13 02:00:00,12.977,66.512,0.079,0.063,0.094,21461.09,16279.227,9947.659,2017,December,Wednesday,2
8307,2017-12-13 03:00:00,13.325,56.927,0.08,0.055,0.106,20724.968,15691.93,9649.94,2017,December,Wednesday,3
8308,2017-12-13 04:00:00,13.68,52.9,0.081,0.048,0.11,20650.951,15753.912,9375.27,2017,December,Wednesday,4
8309,2017-12-13 05:00:00,13.92,50.335,0.081,0.052,0.129,21429.658,16728.444,9759.424,2017,December,Wednesday,5
8310,2017-12-13 06:00:00,13.138,54.625,0.081,0.061,0.116,22907.985,17685.18,9413.685,2017,December,Wednesday,6
8311,2017-12-13 07:00:00,13.072,56.908,0.082,0.06,0.127,22825.856,17772.323,7530.372,2017,December,Wednesday,7
8312,2017-12-13 08:00:00,12.985,57.132,0.082,6.437,6.292,24807.098,19113.225,7341.176,2017,December,Wednesday,8
8313,2017-12-13 09:00:00,13.205,55.97,0.082,62.618,36.353,27618.758,21574.716,7771.429,2017,December,Wednesday,9
8314,2017-12-13 10:00:00,13.518,53.428,0.083,282.917,136.357,30323.954,22666.462,9069.868,2017,December,Wednesday,10
8315,2017-12-13 11:00:00,13.243,51.868,0.083,167.667,138.467,31893.536,23869.285,9500.12,2017,December,Wednesday,11
8316,2017-12-13 12:00:00,13.883,49.465,0.087,125.102,111.268,32422.814,25903.038,9317.647,2017,December,Wednesday,12
8317,2017-12-13 13:00:00,13.165,56.497,0.082,119.358,115.425,32095.311,25967.475,9376.23,2017,December,Wednesday,13
8318,2017-12-13 14:00:00,13.73,56.17,0.082,89.945,91.205,31472.75,24599.57,10931.092,2017,December,Wednesday,14
8319,2017-12-13 15:00:00,13.888,55.813,0.083,77.75,79.148,30982.003,24947.53,10384.634,2017,December,Wednesday,15
8320,2017-12-13 16:00:00,13.395,59.378,0.082,12.912,13.052,31285.171,26259.589,9430.012,2017,December,Wednesday,16
8321,2017-12-13 17:00:00,12.468,63.995,0.083,2.375,2.426,37458.048,31834.305,13836.254,2017,December,Wednesday,17
8322,2017-12-13 18:00:00,13.078,61.315,0.079,0.256,0.294,40255.513,33838.601,15005.042,2017,December,Wednesday,18
8323,2017-12-13 19:00:00,13.175,58.447,0.079,0.058,0.12,40090.241,33717.091,15106.843,2017,December,Wednesday,19
8324,2017-12-13 20:00:00,13.298,54.98,0.082,0.061,0.11,39592.395,33682.725,15370.948,2017,December,Wednesday,20
8325,2017-12-13 21:00:00,13.293,50.993,0.08,0.059,0.108,37579.721,32484.811,15029.052,2017,December,Wednesday,21
8326,2017-12-13 22:00:00,13.783,48.482,0.082,0.055,0.12,34233.714,29370.359,13721.008,2017,December,Wednesday,22
8327,2017-12-13 23:00:00,13.495,51.84,0.078,0.045,0.13,29413.435,24913.777,11957.743,2017,December,Wednesday,23
8328,2017-12-14 00:00:00,13.25,54.795,0.086,0.058,0.103,25699.366,21221.847,10539.256,2017,December,Thursday,0
8329,2017-12-14 01:00:00,12.887,58.608,0.09,0.051,0.118,23536.629,18753.605,9623.049,2017,December,Thursday,1
8330,2017-12-14 02:00:00,12.69,59.708,0.088,0.052,0.109,21784.537,17470.39,9095.798,2017,December,Thursday,2
8331,2017-12-14 03:00:00,11.98,64.577,0.085,0.064,0.109,21037.262,16931.574,8769.268,2017,December,Thursday,3
8332,2017-12-14 04:00:00,11.933,65.048,0.083,0.065,0.112,21247.148,16890.457,8663.625,2017,December,Thursday,4
8333,2017-12-14 05:00:00,11.607,66.995,0.084,0.058,0.109,22262.104,17618.902,8969.028,2017,December,Thursday,5
8334,2017-12-14 06:00:00,11.35,69.378,0.083,0.051,0.118,22893.79,18725.99,8675.15,2017,December,Thursday,6
8335,2017-12-14 07:00:00,11.03,71.25,0.083,0.068,0.103,22771.103,18759.742,6865.786,2017,December,Thursday,7
8336,2017-12-14 08:00:00,10.888,72.3,0.082,19.566,18.442,24721.926,19864.376,6848.499,2017,December,Thursday,8
8337,2017-12-14 09:00:00,11.59,70.392,0.087,68.757,60.358,28088.213,21771.709,7522.689,2017,December,Thursday,9
8338,2017-12-14 10:00:00,12.393,67.488,0.088,65.502,66.347,30848.162,22347.346,9368.547,2017,December,Thursday,10
8339,2017-12-14 11:00:00,13.808,63.272,0.085,117.883,116.967,31689.734,23535.44,10028.331,2017,December,Thursday,11
8340,2017-12-14 12:00:00,14.392,64.507,0.082,398.75,218.467,31574.144,25558.147,10706.363,2017,December,Thursday,12
8341,2017-12-14 13:00:00,13.643,72.205,0.084,165.687,136.29,31357.161,25603.559,11007.923,2017,December,Thursday,13
8342,2017-12-14 14:00:00,14.013,70.062,0.083,122.8,122.133,31464.639,25984.044,10451.861,2017,December,Thursday,14
8343,2017-12-14 15:00:00,14.023,71.033,0.084,76.62,75.013,31489.987,27163.547,9796.879,2017,December,Thursday,15
8344,2017-12-14 16:00:00,14.01,69.035,0.084,37.688,38.058,32267.681,27011.353,10002.401,2017,December,Thursday,16
8345,2017-12-14 17:00:00,13.917,68.318,0.082,26.035,29.443,37914.322,32627.186,14274.19,2017,December,Thursday,17
8346,2017-12-14 18:00:00,13.593,69.032,0.09,1.598,1.664,40229.151,34381.098,15534.214,2017,December,Thursday,18
8347,2017-12-14 19:00:00,13.732,67.987,0.083,0.071,0.103,39759.696,33998.159,15563.025,2017,December,Thursday,19
8348,2017-12-14 20:00:00,13.152,72.172,0.084,0.06,0.099,39420.025,34020.252,15888.595,2017,December,Thursday,20
8349,2017-12-14 21:00:00,13.29,71.933,0.084,0.064,0.116,37612.167,32476.22,15391.116,2017,December,Thursday,21
8350,2017-12-14 22:00:00,13.43,70.817,0.083,0.051,0.109,34164.766,29353.79,14052.341,2017,December,Thursday,22
8351,2017-12-14 23:00:00,13.142,72.283,0.083,0.051,0.101,29487.452,25272.169,12374.55,2017,December,Thursday,23
8352,2017-12-15 00:00:00,13.232,72.0,0.082,0.05,0.106,25934.601,21813.44,11044.418,2017,December,Friday,0
8353,2017-12-15 01:00:00,13.422,71.1,0.082,0.052,0.108,23792.142,19135.318,9984.154,2017,December,Friday,1
8354,2017-12-15 02:00:00,14.153,69.502,0.081,0.056,0.109,22415.209,17703.59,9479.952,2017,December,Friday,2
8355,2017-12-15 03:00:00,14.673,66.942,0.08,0.06,0.122,21211.66,16956.735,9177.431,2017,December,Friday,3
8356,2017-12-15 04:00:00,15.257,63.808,0.078,0.07,0.104,21160.963,16891.685,9102.521,2017,December,Friday,4
8357,2017-12-15 05:00:00,15.358,63.02,0.079,0.064,0.105,21889.987,17532.986,9391.597,2017,December,Friday,5
8358,2017-12-15 06:00:00,15.273,63.78,0.08,0.055,0.12,23171.61,18635.164,9057.383,2017,December,Friday,6
8359,2017-12-15 07:00:00,15.142,63.862,0.079,0.064,0.132,22913.054,18508.745,7356.543,2017,December,Friday,7
8360,2017-12-15 08:00:00,15.547,62.053,0.081,23.2,18.162,24685.425,19484.504,7380.552,2017,December,Friday,8
8361,2017-12-15 09:00:00,15.79,62.03,0.082,54.6,52.332,28499.873,21625.038,8003.842,2017,December,Friday,9
8362,2017-12-15 10:00:00,15.71,64.665,0.081,125.683,124.467,30811.66,23560.601,8727.011,2017,December,Friday,10
8363,2017-12-15 11:00:00,15.915,63.933,0.082,118.317,119.667,32267.681,24954.28,9181.273,2017,December,Friday,11
8364,2017-12-15 12:00:00,16.167,59.857,0.082,133.633,135.683,30791.381,25299.785,9590.396,2017,December,Friday,12
8365,2017-12-15 13:00:00,16.243,58.8,0.082,187.517,190.7,30771.103,25772.323,9724.85,2017,December,Friday,13
8366,2017-12-15 14:00:00,16.24,59.452,0.082,183.517,175.333,30534.854,25718.319,9474.19,2017,December,Friday,14
8367,2017-12-15 15:00:00,16.705,58.41,0.082,257.233,198.633,31027.63,25704.204,9220.648,2017,December,Friday,15
8368,2017-12-15 16:00:00,16.755,56.537,0.084,55.152,54.213,30951.584,25551.396,9552.941,2017,December,Friday,16
8369,2017-12-15 17:00:00,16.627,57.165,0.083,11.152,10.818,36635.741,30581.774,14322.209,2017,December,Friday,17
8370,2017-12-15 18:00:00,15.753,63.818,0.087,0.317,0.376,39059.062,32491.562,15497.719,2017,December,Friday,18
8371,2017-12-15 19:00:00,15.013,71.168,0.085,0.059,0.132,38428.39,32422.215,15632.173,2017,December,Friday,19
8372,2017-12-15 20:00:00,14.965,73.783,0.086,0.055,0.12,38216.477,32279.84,15743.577,2017,December,Friday,20
8373,2017-12-15 21:00:00,14.307,78.717,0.082,0.042,0.124,36642.839,30943.234,15054.022,2017,December,Friday,21
8374,2017-12-15 22:00:00,14.318,78.783,0.084,0.043,0.12,33749.049,27946.609,14053.301,2017,December,Friday,22
8375,2017-12-15 23:00:00,13.993,79.55,0.082,0.053,0.139,29826.109,24608.162,12655.942,2017,December,Friday,23
8376,2017-12-16 00:00:00,13.837,79.867,0.083,0.048,0.13,26264.132,20845.044,10917.647,2017,December,Saturday,0
8377,2017-12-16 01:00:00,13.655,81.067,0.083,0.043,0.118,23502.155,18604.48,10010.084,2017,December,Saturday,1
8378,2017-12-16 02:00:00,13.383,81.433,0.082,0.048,0.125,22037.009,16562.749,9291.717,2017,December,Saturday,2
8379,2017-12-16 03:00:00,13.053,82.317,0.083,0.048,0.128,21124.461,15832.464,8956.543,2017,December,Saturday,3
8380,2017-12-16 04:00:00,12.33,84.867,0.082,0.044,0.122,20892.269,15623.197,8852.821,2017,December,Saturday,4
8381,2017-12-16 05:00:00,12.33,83.55,0.082,0.048,0.141,21512.801,16222.768,9166.867,2017,December,Saturday,5
8382,2017-12-16 06:00:00,11.625,84.467,0.081,0.043,0.142,22142.459,16911.322,8703.962,2017,December,Saturday,6
8383,2017-12-16 07:00:00,11.525,83.567,0.082,0.06,0.135,21115.336,15544.646,6790.876,2017,December,Saturday,7
8384,2017-12-16 08:00:00,11.55,82.233,0.084,19.786,8.142,22962.738,17045.106,7006.963,2017,December,Saturday,8
8385,2017-12-16 09:00:00,11.677,79.4,0.084,148.833,28.73,26517.617,20090.825,7852.101,2017,December,Saturday,9
8386,2017-12-16 10:00:00,13.047,75.6,0.084,294.3,33.112,29470.215,22865.91,8926.771,2017,December,Saturday,10
8387,2017-12-16 11:00:00,14.982,69.93,0.083,405.25,37.475,30684.918,24287.818,9267.707,2017,December,Saturday,11
8388,2017-12-16 12:00:00,16.737,63.69,0.083,471.217,35.855,30564.259,25006.444,9401.2,2017,December,Saturday,12
8389,2017-12-16 13:00:00,17.942,59.18,0.086,474.9,42.972,30948.542,24758.515,9658.583,2017,December,Saturday,13
8390,2017-12-16 14:00:00,18.223,57.887,0.083,436.617,36.402,30895.817,24237.496,9804.562,2017,December,Saturday,14
8391,2017-12-16 15:00:00,18.455,57.745,0.083,342.133,50.873,29954.88,24146.671,9553.902,2017,December,Saturday,15
8392,2017-12-16 16:00:00,18.112,59.378,0.083,168.733,133.433,30034.981,24041.117,9966.867,2017,December,Saturday,16
8393,2017-12-16 17:00:00,17.28,62.938,0.082,51.008,57.305,35805.323,29286.898,14230.972,2017,December,Saturday,17
8394,2017-12-16 18:00:00,16.085,68.48,0.083,1.215,1.308,38582.51,31573.489,15276.831,2017,December,Saturday,18
8395,2017-12-16 19:00:00,15.073,76.4,0.081,0.043,0.134,38323.954,31429.273,15523.649,2017,December,Saturday,19
8396,2017-12-16 20:00:00,14.092,80.467,0.084,0.048,0.144,37572.624,31178.889,15635.054,2017,December,Saturday,20
8397,2017-12-16 21:00:00,13.0,80.967,0.081,0.045,0.13,36046.641,30160.786,15094.358,2017,December,Saturday,21
8398,2017-12-16 22:00:00,12.193,81.517,0.082,0.049,0.138,33699.366,28079.779,14304.922,2017,December,Saturday,22
8399,2017-12-16 23:00:00,11.76,81.667,0.082,0.043,0.148,29645.627,24568.886,12679.952,2017,December,Saturday,23
8400,2017-12-17 00:00:00,11.468,81.85,0.082,0.051,0.155,25688.213,21089.905,11172.149,2017,December,Sunday,0
8401,2017-12-17 01:00:00,10.967,83.833,0.082,0.045,0.158,23173.638,18451.672,10210.804,2017,December,Sunday,1
8402,2017-12-17 02:00:00,10.462,83.35,0.082,0.04,0.15,21628.39,16902.117,9677.791,2017,December,Sunday,2
8403,2017-12-17 03:00:00,10.118,84.1,0.082,0.053,0.142,20427.883,16080.393,9165.906,2017,December,Sunday,3
8404,2017-12-17 04:00:00,9.973,83.2,0.084,0.042,0.15,20153.105,15849.033,9086.194,2017,December,Sunday,4
8405,2017-12-17 05:00:00,9.585,83.95,0.082,0.032,0.162,20708.745,16111.691,9347.419,2017,December,Sunday,5
8406,2017-12-17 06:00:00,9.342,85.0,0.083,0.043,0.148,21037.262,16325.253,8944.058,2017,December,Sunday,6
8407,2017-12-17 07:00:00,9.072,85.333,0.082,0.048,0.143,18449.683,13755.753,6582.473,2017,December,Sunday,7
8408,2017-12-17 08:00:00,8.847,86.183,0.083,11.747,7.349,19452.471,14365.756,6726.531,2017,December,Sunday,8
8409,2017-12-17 09:00:00,9.75,83.45,0.085,140.575,26.163,22736.629,17070.267,7666.747,2017,December,Sunday,9
8410,2017-12-17 10:00:00,11.577,76.633,0.083,290.05,31.062,25559.442,19640.38,8672.269,2017,December,Sunday,10
8411,2017-12-17 11:00:00,14.245,71.7,0.082,406.667,34.377,27750.57,21532.986,9252.341,2017,December,Sunday,11
8412,2017-12-17 12:00:00,16.913,63.263,0.085,470.1,34.622,28618.504,22811.292,9612.485,2017,December,Sunday,12
8413,2017-12-17 13:00:00,18.16,57.782,0.085,481.883,34.498,28569.835,23089.905,9747.899,2017,December,Sunday,13
8414,2017-12-17 14:00:00,18.755,57.053,0.082,435.717,33.795,28511.027,22790.427,9835.294,2017,December,Sunday,14
8415,2017-12-17 15:00:00,19.022,54.135,0.085,337.75,34.723,27801.267,22946.303,9791.116,2017,December,Sunday,15
8416,2017-12-17 16:00:00,18.662,58.073,0.081,198.433,147.223,28140.938,23088.678,9778.631,2017,December,Sunday,16
8417,2017-12-17 17:00:00,17.548,65.583,4.75,59.82,74.458,34127.25,28370.052,13903.481,2017,December,Sunday,17
8418,2017-12-17 18:00:00,15.942,72.35,4.917,1.687,1.779,37393.156,30782.449,15214.406,2017,December,Sunday,18
8419,2017-12-17 19:00:00,15.25,75.35,2.984,0.052,0.137,37869.708,31155.569,15477.551,2017,December,Sunday,19
8420,2017-12-17 20:00:00,14.627,80.167,0.081,0.038,0.159,37713.561,31421.295,15625.45,2017,December,Sunday,20
8421,2017-12-17 21:00:00,13.622,83.0,0.081,0.038,0.154,35820.532,30212.335,14800.48,2017,December,Sunday,21
8422,2017-12-17 22:00:00,13.187,83.233,0.081,0.04,0.161,33101.141,28019.638,13677.791,2017,December,Sunday,22
8423,2017-12-17 23:00:00,12.107,83.867,0.082,0.046,0.142,28669.202,24098.19,12105.642,2017,December,Sunday,23
8424,2017-12-18 00:00:00,11.248,84.783,0.082,0.036,0.127,24893.283,20646.824,10665.066,2017,December,Monday,0
8425,2017-12-18 01:00:00,10.937,85.567,0.08,0.036,0.151,22613.942,18212.335,9738.295,2017,December,Monday,1
8426,2017-12-18 02:00:00,10.423,86.367,0.082,0.03,0.156,21272.497,16913.164,9232.173,2017,December,Monday,2
8427,2017-12-18 03:00:00,10.207,88.517,0.082,0.046,0.141,20924.715,16482.97,8931.573,2017,December,Monday,3
8428,2017-12-18 04:00:00,9.608,89.533,0.082,0.039,0.147,21069.708,16613.071,8850.9,2017,December,Monday,4
8429,2017-12-18 05:00:00,9.412,91.067,0.082,0.045,0.144,21707.478,17399.202,9120.768,2017,December,Monday,5
8430,2017-12-18 06:00:00,9.015,92.1,0.082,0.047,0.139,22873.511,18720.466,8851.861,2017,December,Monday,6
8431,2017-12-18 07:00:00,8.792,93.083,0.082,0.056,0.129,23004.309,18426.511,7040.576,2017,December,Monday,7
8432,2017-12-18 08:00:00,8.073,93.683,0.081,9.824,9.227,24991.635,19512.12,7078.031,2017,December,Monday,8
8433,2017-12-18 09:00:00,8.533,93.933,0.084,102.902,71.878,27776.933,21769.868,7862.665,2017,December,Monday,9
8434,2017-12-18 10:00:00,9.345,94.133,0.084,272.667,83.832,30387.833,23792.574,8486.915,2017,December,Monday,10
8435,2017-12-18 11:00:00,10.38,93.583,0.085,392.833,60.532,32041.572,25002.762,8930.612,2017,December,Monday,11
8436,2017-12-18 12:00:00,12.11,91.733,0.085,460.517,58.305,32760.456,25734.274,9432.893,2017,December,Monday,12
8437,2017-12-18 13:00:00,14.692,84.733,0.084,466.95,67.142,31970.596,25845.965,9438.655,2017,December,Monday,13
8438,2017-12-18 14:00:00,17.138,70.028,0.082,422.0,58.662,31681.622,26324.639,8804.802,2017,December,Monday,14
8439,2017-12-18 15:00:00,18.333,63.892,0.084,326.733,49.145,31000.253,26073.642,9228.331,2017,December,Monday,15
8440,2017-12-18 16:00:00,18.057,66.6,0.075,194.183,139.45,31687.706,25692.544,9502.041,2017,December,Monday,16
8441,2017-12-18 17:00:00,16.893,71.46,0.078,57.71,67.825,37864.639,31678.429,14399.04,2017,December,Monday,17
8442,2017-12-18 18:00:00,15.388,77.9,0.084,2.287,2.318,40742.205,34371.893,15734.934,2017,December,Monday,18
8443,2017-12-18 19:00:00,15.288,78.45,0.082,0.055,0.14,40451.204,33864.376,15584.154,2017,December,Monday,19
8444,2017-12-18 20:00:00,14.608,80.267,0.084,0.05,0.135,39415.97,33613.992,15672.509,2017,December,Monday,20
8445,2017-12-18 21:00:00,13.757,83.567,0.084,0.045,0.136,36916.603,32069.96,15209.604,2017,December,Monday,21
8446,2017-12-18 22:00:00,13.413,84.7,0.084,0.046,0.137,33673.004,29137.159,13868.908,2017,December,Monday,22
8447,2017-12-18 23:00:00,13.198,85.033,0.084,0.048,0.128,29198.479,24834.612,12308.283,2017,December,Monday,23
8448,2017-12-19 00:00:00,13.233,85.45,0.083,0.042,0.157,25316.096,21050.629,10964.706,2017,December,Tuesday,0
8449,2017-12-19 01:00:00,13.35,85.433,0.083,0.038,0.15,22770.089,18915.005,9941.897,2017,December,Tuesday,1
8450,2017-12-19 02:00:00,13.05,84.567,0.085,0.036,0.169,22064.385,17526.849,9405.042,2017,December,Tuesday,2
8451,2017-12-19 03:00:00,12.625,85.55,0.083,0.041,0.161,21383.016,16872.047,9203.361,2017,December,Tuesday,3
8452,2017-12-19 04:00:00,12.242,86.717,0.086,0.031,0.16,21231.939,16780.608,9003.601,2017,December,Tuesday,4
8453,2017-12-19 05:00:00,11.817,87.2,0.082,0.038,0.14,21464.132,17448.297,9352.221,2017,December,Tuesday,5
8454,2017-12-19 06:00:00,11.5,87.717,0.085,0.051,0.14,23185.805,18925.437,9167.827,2017,December,Tuesday,6
8455,2017-12-19 07:00:00,11.23,87.233,0.081,0.047,0.162,22935.361,18696.533,7272.989,2017,December,Tuesday,7
8456,2017-12-19 08:00:00,10.85,87.25,0.081,14.276,12.833,25010.9,19715.864,7211.525,2017,December,Tuesday,8
8457,2017-12-19 09:00:00,10.677,86.917,0.085,151.95,99.337,28040.558,22073.642,7943.337,2017,December,Tuesday,9
8458,2017-12-19 10:00:00,10.485,87.067,0.088,269.65,94.937,30302.662,23856.398,8448.499,2017,December,Tuesday,10
8459,2017-12-19 11:00:00,11.417,84.417,0.089,402.333,62.85,32089.227,24956.122,8945.018,2017,December,Tuesday,11
8460,2017-12-19 12:00:00,12.647,80.367,0.085,472.45,54.6,32307.224,25815.894,9422.329,2017,December,Tuesday,12
8461,2017-12-19 13:00:00,14.123,74.85,0.083,485.267,50.283,31410.9,26087.757,9730.612,2017,December,Tuesday,13
8462,2017-12-19 14:00:00,16.245,67.853,0.085,437.917,48.697,31491.001,26058.914,9489.556,2017,December,Tuesday,14
8463,2017-12-19 15:00:00,18.268,60.723,0.08,336.15,51.47,30754.88,26261.43,9302.281,2017,December,Tuesday,15
8464,2017-12-19 16:00:00,17.48,69.422,0.074,195.45,136.567,31340.938,26139.92,9860.264,2017,December,Tuesday,16
8465,2017-12-19 17:00:00,16.398,76.65,0.072,59.06,71.157,37724.715,32038.048,14632.413,2017,December,Tuesday,17
8466,2017-12-19 18:00:00,14.29,81.633,0.076,1.494,1.56,40613.435,34691.623,15968.307,2017,December,Tuesday,18
8467,2017-12-19 19:00:00,12.55,84.75,0.074,0.051,0.108,40147.022,34253.452,15777.191,2017,December,Tuesday,19
8468,2017-12-19 20:00:00,12.205,86.367,0.075,0.045,0.116,39370.342,33831.85,15833.854,2017,December,Tuesday,20
8469,2017-12-19 21:00:00,12.48,87.317,0.073,0.054,0.133,37459.062,32483.584,15514.046,2017,December,Tuesday,21
8470,2017-12-19 22:00:00,13.792,86.367,0.074,0.046,0.132,34088.72,29047.561,14045.618,2017,December,Tuesday,22
8471,2017-12-19 23:00:00,14.343,84.883,0.076,0.053,0.16,29222.814,24844.431,12290.036,2017,December,Tuesday,23
8472,2017-12-20 00:00:00,14.302,84.217,0.075,0.054,0.15,25580.735,21336.606,10852.341,2017,December,Wednesday,0
8473,2017-12-20 01:00:00,14.482,80.817,0.074,0.048,0.155,22417.237,18482.97,9588.475,2017,December,Wednesday,1
8474,2017-12-20 02:00:00,14.263,77.983,0.074,0.053,0.164,21702.408,17180.117,9164.946,2017,December,Wednesday,2
8475,2017-12-20 03:00:00,14.25,78.083,0.074,0.054,0.127,21287.706,16490.334,8903.721,2017,December,Wednesday,3
8476,2017-12-20 04:00:00,14.452,74.7,0.074,0.056,0.144,21276.553,16379.257,8754.862,2017,December,Wednesday,4
8477,2017-12-20 05:00:00,14.307,73.733,0.076,0.056,0.146,21953.866,17086.223,9166.867,2017,December,Wednesday,5
8478,2017-12-20 06:00:00,14.545,72.483,0.076,0.049,0.142,23242.586,18594.047,8945.978,2017,December,Wednesday,6
8479,2017-12-20 07:00:00,14.542,72.167,0.074,0.074,0.128,22770.089,18805.155,7126.05,2017,December,Wednesday,7
8480,2017-12-20 08:00:00,14.88,70.052,0.075,3.563,3.654,24578.961,19913.47,7037.695,2017,December,Wednesday,8
8481,2017-12-20 09:00:00,15.282,68.5,0.073,43.993,44.292,27862.104,22173.673,7977.911,2017,December,Wednesday,9
8482,2017-12-20 10:00:00,15.817,69.797,0.073,168.3,128.133,30333.08,23975.453,9018.968,2017,December,Wednesday,10
8483,2017-12-20 11:00:00,16.83,67.53,0.073,293.8,138.283,31997.972,25261.123,9474.19,2017,December,Wednesday,11
8484,2017-12-20 12:00:00,17.298,66.493,0.073,365.183,157.1,32626.616,25997.545,9884.274,2017,December,Wednesday,12
8485,2017-12-20 13:00:00,17.815,58.892,0.076,375.35,127.083,32388.34,25774.164,10015.846,2017,December,Wednesday,13
8486,2017-12-20 14:00:00,17.832,56.855,0.076,314.217,88.95,32177.44,25893.219,9734.454,2017,December,Wednesday,14
8487,2017-12-20 15:00:00,17.45,63.982,0.073,298.15,88.067,31455.513,26026.388,9616.327,2017,December,Wednesday,15
8488,2017-12-20 16:00:00,17.183,67.72,0.074,221.033,173.167,31556.907,26084.075,9712.365,2017,December,Wednesday,16
8489,2017-12-20 17:00:00,16.827,72.533,0.073,96.628,109.75,37495.564,31795.029,14728.451,2017,December,Wednesday,17
8490,2017-12-20 18:00:00,16.4,74.3,0.073,1.737,1.863,40529.278,34268.18,16036.495,2017,December,Wednesday,18
8491,2017-12-20 19:00:00,16.26,75.75,0.07,0.063,0.118,40003.042,34085.916,16110.444,2017,December,Wednesday,19
8492,2017-12-20 20:00:00,16.293,75.183,0.071,0.043,0.134,39493.029,33833.078,16236.255,2017,December,Wednesday,20
8493,2017-12-20 21:00:00,16.355,71.498,0.071,0.04,0.12,37413.435,32165.695,15513.085,2017,December,Wednesday,21
8494,2017-12-20 22:00:00,16.413,75.283,0.071,0.047,0.127,34218.504,29035.287,14278.031,2017,December,Wednesday,22
8495,2017-12-20 23:00:00,16.373,74.983,0.072,0.04,0.141,29314.068,24990.488,12488.836,2017,December,Wednesday,23
8496,2017-12-21 00:00:00,16.337,74.8,0.072,0.051,0.135,25603.042,21409.021,11211.525,2017,December,Thursday,0
8497,2017-12-21 01:00:00,16.327,71.65,0.072,0.052,0.15,23297.338,18873.274,10341.417,2017,December,Thursday,1
8498,2017-12-21 02:00:00,16.347,69.062,0.072,0.043,0.125,21902.155,17355.017,9529.892,2017,December,Thursday,2
8499,2017-12-21 03:00:00,16.332,68.15,0.072,0.062,0.126,21535.108,16837.68,9067.947,2017,December,Thursday,3
8500,2017-12-21 04:00:00,16.222,67.007,0.072,0.051,0.129,21441.825,16988.647,9052.581,2017,December,Thursday,4
8501,2017-12-21 05:00:00,16.183,68.392,0.073,0.057,0.13,21827.123,17778.46,9300.36,2017,December,Thursday,5
8502,2017-12-21 06:00:00,16.187,69.037,0.072,0.05,0.144,23315.589,19100.951,9014.166,2017,December,Thursday,6
8503,2017-12-21 07:00:00,16.09,71.31,0.073,0.053,0.136,22802.535,18887.389,6919.568,2017,December,Thursday,7
8504,2017-12-21 08:00:00,16.043,69.792,0.073,2.233,2.312,24182.51,19364.222,6959.904,2017,December,Thursday,8
8505,2017-12-21 09:00:00,16.108,66.602,0.076,23.257,23.835,26897.845,21395.52,7867.467,2017,December,Thursday,9
8506,2017-12-21 10:00:00,16.092,66.693,0.077,56.23,57.438,29624.335,22959.804,8445.618,2017,December,Thursday,10
8507,2017-12-21 11:00:00,16.342,65.187,0.081,114.715,116.973,31101.648,24577.478,9057.383,2017,December,Thursday,11
8508,2017-12-21 12:00:00,16.5,64.765,0.098,160.467,164.467,32079.087,25541.577,9329.172,2017,December,Thursday,12
8509,2017-12-21 13:00:00,16.557,62.728,0.076,177.617,177.517,32008.112,25449.524,9519.328,2017,December,Thursday,13
8510,2017-12-21 14:00:00,16.79,61.537,0.076,243.283,190.333,31763.752,25608.469,9402.161,2017,December,Thursday,14
8511,2017-12-21 15:00:00,16.718,63.662,0.076,205.567,186.067,31426.109,25332.924,9178.391,2017,December,Thursday,15
8512,2017-12-21 16:00:00,16.435,68.43,0.074,156.1,128.683,31686.692,25434.796,9644.178,2017,December,Thursday,16
8513,2017-12-21 17:00:00,16.157,69.85,0.074,59.817,68.41,37726.743,30991.102,14125.33,2017,December,Thursday,17
8514,2017-12-21 18:00:00,16.005,71.95,0.075,0.951,1.042,40640.811,33346.425,15325.81,2017,December,Thursday,18
8515,2017-12-21 19:00:00,16.098,72.467,0.073,0.035,0.143,40265.653,32963.486,15474.67,2017,December,Thursday,19
8516,2017-12-21 20:00:00,16.095,71.817,0.073,0.037,0.128,39220.279,32818.656,15680.192,2017,December,Thursday,20
8517,2017-12-21 21:00:00,16.098,71.733,0.073,0.044,0.139,37310.013,31598.036,15223.049,2017,December,Thursday,21
8518,2017-12-21 22:00:00,16.025,72.667,0.073,0.045,0.13,34101.901,28461.491,14006.242,2017,December,Thursday,22
8519,2017-12-21 23:00:00,16.018,71.35,0.074,0.039,0.145,29396.198,24738.263,12329.412,2017,December,Thursday,23
8520,2017-12-22 00:00:00,15.953,71.717,0.074,0.043,0.136,25887.959,21051.243,10955.102,2017,December,Friday,0
8521,2017-12-22 01:00:00,15.845,73.367,0.073,0.042,0.148,23186.819,18200.061,9992.797,2017,December,Friday,1
8522,2017-12-22 02:00:00,15.818,76.0,0.071,0.039,0.152,21927.503,16805.155,9356.062,2017,December,Friday,2
8523,2017-12-22 03:00:00,15.763,74.983,0.074,0.038,0.151,21490.494,16158.331,9098.679,2017,December,Friday,3
8524,2017-12-22 04:00:00,15.277,76.1,0.07,0.039,0.159,21165.019,16285.977,9028.571,2017,December,Friday,4
8525,2017-12-22 05:00:00,15.127,76.283,0.069,0.04,0.16,21623.321,16889.844,9306.122,2017,December,Friday,5
8526,2017-12-22 06:00:00,14.757,77.617,0.07,0.031,0.164,23536.629,17873.581,9035.294,2017,December,Friday,6
8527,2017-12-22 07:00:00,13.935,79.583,0.074,0.029,0.167,22669.708,17961.952,7291.236,2017,December,Friday,7
8528,2017-12-22 08:00:00,13.453,78.133,0.076,6.108,6.11,24094.297,19386.315,7137.575,2017,December,Friday,8
8529,2017-12-22 09:00:00,13.415,76.183,0.08,52.348,51.362,26856.274,21682.725,7909.724,2017,December,Friday,9
8530,2017-12-22 10:00:00,13.765,76.65,0.078,108.567,106.417,29436.755,23722.001,8706.843,2017,December,Friday,10
8531,2017-12-22 11:00:00,16.737,60.77,0.078,226.167,88.947,30910.013,25145.75,9364.706,2017,December,Friday,11
8532,2017-12-22 12:00:00,18.148,54.833,0.078,460.583,60.198,29889.987,25187.481,9836.255,2017,December,Friday,12
8533,2017-12-22 13:00:00,17.935,61.593,0.075,381.717,77.15,30303.676,25273.397,9826.651,2017,December,Friday,13
8534,2017-12-22 14:00:00,17.815,63.228,0.074,413.533,111.133,29953.866,25364.222,9613.445,2017,December,Friday,14
8535,2017-12-22 15:00:00,17.547,63.608,0.074,329.967,73.052,29589.861,25675.361,9236.975,2017,December,Friday,15
8536,2017-12-22 16:00:00,17.412,61.977,0.075,180.433,136.867,29913.308,25245.781,9447.299,2017,December,Friday,16
8537,2017-12-22 17:00:00,16.695,69.35,0.073,64.003,74.707,35649.176,30322.185,14229.052,2017,December,Friday,17
8538,2017-12-22 18:00:00,15.575,74.883,0.072,2.004,2.04,38982.003,33091.132,15854.982,2017,December,Friday,18
8539,2017-12-22 19:00:00,14.682,79.4,0.075,0.045,0.124,38527.757,32963.486,16184.394,2017,December,Friday,19
8540,2017-12-22 20:00:00,13.733,81.883,0.076,0.037,0.119,38375.665,33065.357,16544.538,2017,December,Friday,20
8541,2017-12-22 21:00:00,12.957,79.067,0.076,0.047,0.121,37020.025,31791.347,15819.448,2017,December,Friday,21
8542,2017-12-22 22:00:00,12.51,78.983,0.074,0.036,0.136,34241.825,29068.426,14666.026,2017,December,Friday,22
8543,2017-12-22 23:00:00,13.083,75.183,0.075,0.037,0.139,30248.923,25554.465,13152.461,2017,December,Friday,23
8544,2017-12-23 00:00:00,12.365,76.433,0.076,0.044,0.13,25820.025,21799.939,11644.658,2017,December,Saturday,0
8545,2017-12-23 01:00:00,12.323,77.783,0.074,0.042,0.126,23318.631,19283.216,10620.888,2017,December,Saturday,1
8546,2017-12-23 02:00:00,10.527,80.767,0.087,0.044,0.137,21926.489,17437.251,10008.163,2017,December,Saturday,2
8547,2017-12-23 03:00:00,9.588,83.217,0.087,0.039,0.169,20903.422,16624.732,9574.07,2017,December,Saturday,3
8548,2017-12-23 04:00:00,9.273,84.667,0.085,0.056,0.143,20672.243,16426.511,9391.597,2017,December,Saturday,4
8549,2017-12-23 05:00:00,8.88,85.433,0.084,0.047,0.153,21401.267,17175.207,9706.603,2017,December,Saturday,5
8550,2017-12-23 06:00:00,8.78,85.983,0.085,0.04,0.152,22742.712,18039.276,9444.418,2017,December,Saturday,6
8551,2017-12-23 07:00:00,8.602,86.283,0.086,0.056,0.139,21732.826,16518.564,7240.336,2017,December,Saturday,7
8552,2017-12-23 08:00:00,8.515,86.6,0.085,13.498,10.579,22966.793,17466.708,7151.02,2017,December,Saturday,8
8553,2017-12-23 09:00:00,8.973,86.433,0.087,84.332,67.525,26613.942,20859.773,8198.8,2017,December,Saturday,9
8554,2017-12-23 10:00:00,10.103,84.517,0.085,233.833,103.217,29572.624,24247.315,9207.203,2017,December,Saturday,10
8555,2017-12-23 11:00:00,12.467,78.95,0.087,413.233,118.033,31453.485,25669.837,9880.432,2017,December,Saturday,11
8556,2017-12-23 12:00:00,15.73,72.548,0.082,449.217,91.733,31718.124,25781.528,10156.062,2017,December,Saturday,12
8557,2017-12-23 13:00:00,16.703,67.323,0.075,260.983,164.283,31357.161,25116.907,10078.271,2017,December,Saturday,13
8558,2017-12-23 14:00:00,16.442,68.942,0.074,172.4,169.15,30829.911,25575.33,10230.012,2017,December,Saturday,14
8559,2017-12-23 15:00:00,16.163,70.352,0.076,81.822,69.847,29647.655,25380.792,10178.151,2017,December,Saturday,15
8560,2017-12-23 16:00:00,15.8,74.467,0.074,53.015,52.812,29270.469,24836.453,10417.287,2017,December,Saturday,16
8561,2017-12-23 17:00:00,14.948,78.517,0.074,69.182,76.022,35792.142,29947.837,15086.675,2017,December,Saturday,17
8562,2017-12-23 18:00:00,13.772,81.383,0.074,3.949,4.084,39323.701,32953.053,16369.748,2017,December,Saturday,18
8563,2017-12-23 19:00:00,12.908,83.85,0.072,0.038,0.125,39226.362,32668.917,16354.382,2017,December,Saturday,19
8564,2017-12-23 20:00:00,12.337,85.033,0.074,0.045,0.12,38234.728,32239.337,16456.182,2017,December,Saturday,20
8565,2017-12-23 21:00:00,11.978,86.367,0.083,0.04,0.142,36373.131,30702.056,15854.022,2017,December,Saturday,21
8566,2017-12-23 22:00:00,11.288,87.767,0.08,0.046,0.118,34008.619,28220.927,14860.984,2017,December,Saturday,22
8567,2017-12-23 23:00:00,10.308,88.283,0.083,0.049,0.135,30400.0,25113.839,13495.318,2017,December,Saturday,23
8568,2017-12-24 00:00:00,9.902,88.85,0.081,0.057,0.132,26492.269,21356.858,11733.974,2017,December,Sunday,0
8569,2017-12-24 01:00:00,9.677,89.183,0.081,0.04,0.158,23386.565,18284.136,10818.727,2017,December,Sunday,1
8570,2017-12-24 02:00:00,8.695,89.133,0.081,0.05,0.142,21442.839,16417.306,10078.271,2017,December,Sunday,2
8571,2017-12-24 03:00:00,8.302,89.683,0.081,0.055,0.141,20925.729,15712.182,9678.752,2017,December,Sunday,3
8572,2017-12-24 04:00:00,8.178,90.333,0.082,0.049,0.143,20793.916,15358.699,9466.507,2017,December,Sunday,4
8573,2017-12-24 05:00:00,8.317,92.233,0.081,0.062,0.119,20788.847,15780.914,9644.178,2017,December,Sunday,5
8574,2017-12-24 06:00:00,8.33,93.067,0.08,0.073,0.114,20966.286,16111.077,9331.092,2017,December,Sunday,6
8575,2017-12-24 07:00:00,7.645,93.767,0.08,0.053,0.123,18675.792,13199.141,6808.163,2017,December,Sunday,7
8576,2017-12-24 08:00:00,7.958,94.05,0.08,6.589,6.382,19828.644,13912.857,7024.25,2017,December,Sunday,8
8577,2017-12-24 09:00:00,8.112,94.383,0.08,118.778,90.115,22564.259,16661.553,8065.306,2017,December,Sunday,9
8578,2017-12-24 10:00:00,8.86,94.75,0.081,283.55,73.173,25981.242,19501.688,9061.224,2017,December,Sunday,10
8579,2017-12-24 11:00:00,10.742,92.983,0.084,385.083,57.388,27686.692,21389.997,9808.403,2017,December,Sunday,11
8580,2017-12-24 12:00:00,13.45,81.0,0.085,449.183,61.148,28719.899,22312.366,10276.11,2017,December,Sunday,12
8581,2017-12-24 13:00:00,16.37,66.393,0.085,463.967,61.645,28848.669,22521.019,10414.406,2017,December,Sunday,13
8582,2017-12-24 14:00:00,17.712,57.978,0.084,423.167,64.942,28848.669,22386.008,10375.99,2017,December,Sunday,14
8583,2017-12-24 15:00:00,18.07,56.068,0.086,328.217,69.363,28008.112,22131.942,10097.479,2017,December,Sunday,15
8584,2017-12-24 16:00:00,17.663,57.11,0.084,146.717,114.717,27519.392,22109.236,10117.647,2017,December,Sunday,16
8585,2017-12-24 17:00:00,16.812,59.968,0.085,56.7,66.793,33313.054,27210.801,14544.058,2017,December,Sunday,17
8586,2017-12-24 18:00:00,15.562,66.728,0.086,2.528,2.597,37465.146,30469.469,15895.318,2017,December,Sunday,18
8587,2017-12-24 19:00:00,14.712,71.283,0.084,0.052,0.134,38154.626,31106.474,16190.156,2017,December,Sunday,19
8588,2017-12-24 20:00:00,13.442,76.45,0.084,0.058,0.136,38498.352,31148.819,16183.433,2017,December,Sunday,20
8589,2017-12-24 21:00:00,11.747,81.683,0.083,0.055,0.136,36678.327,30104.94,15513.085,2017,December,Sunday,21
8590,2017-12-24 22:00:00,11.115,83.133,0.084,0.052,0.136,33940.684,27664.314,14158.944,2017,December,Sunday,22
8591,2017-12-24 23:00:00,10.428,84.083,0.084,0.056,0.133,29687.199,24298.865,12674.19,2017,December,Sunday,23
8592,2017-12-25 00:00:00,9.857,85.333,0.082,0.053,0.129,25849.43,20883.093,11248.98,2017,December,Monday,0
8593,2017-12-25 01:00:00,8.93,87.333,0.082,0.051,0.15,23377.44,18306.843,10279.952,2017,December,Monday,1
8594,2017-12-25 02:00:00,8.433,87.983,0.082,0.054,0.163,22054.246,16992.943,9545.258,2017,December,Monday,2
8595,2017-12-25 03:00:00,7.882,88.5,0.083,0.053,0.149,21605.07,16463.332,9321.489,2017,December,Monday,3
8596,2017-12-25 04:00:00,7.452,89.533,0.083,0.048,0.128,21449.937,16254.679,9375.27,2017,December,Monday,4
8597,2017-12-25 05:00:00,7.258,89.85,0.083,0.056,0.148,22205.323,17172.139,9559.664,2017,December,Monday,5
8598,2017-12-25 06:00:00,7.169,88.467,0.084,0.058,0.142,23876.299,18934.643,9330.132,2017,December,Monday,6
8599,2017-12-25 07:00:00,6.305,88.317,0.082,0.064,0.14,23374.398,19034.673,7516.927,2017,December,Monday,7
8600,2017-12-25 08:00:00,5.939,89.15,0.084,12.853,7.796,24830.418,19864.376,7363.265,2017,December,Monday,8
8601,2017-12-25 09:00:00,6.206,88.033,0.086,131.298,36.065,27236.502,22031.298,8289.076,2017,December,Monday,9
8602,2017-12-25 10:00:00,7.45,85.45,0.087,277.067,47.353,30798.479,24318.503,8958.463,2017,December,Monday,10
8603,2017-12-25 11:00:00,9.61,80.517,0.087,393.883,47.435,32217.997,25654.495,9642.257,2017,December,Monday,11
8604,2017-12-25 12:00:00,12.71,69.053,0.087,460.883,49.76,32614.449,26702.056,9925.57,2017,December,Monday,12
8605,2017-12-25 13:00:00,15.338,57.757,0.088,473.767,50.107,32800.0,26932.801,10121.489,2017,December,Monday,13
8606,2017-12-25 14:00:00,17.225,49.498,0.087,428.3,56.343,32597.212,26855.477,10167.587,2017,December,Monday,14
8607,2017-12-25 15:00:00,17.815,46.863,0.082,336.133,62.038,32025.349,26890.457,9971.669,2017,December,Monday,15
8608,2017-12-25 16:00:00,17.187,51.978,0.076,195.817,140.617,32223.067,26366.37,10337.575,2017,December,Monday,16
8609,2017-12-25 17:00:00,15.985,58.428,0.076,62.462,75.185,37838.276,31728.751,14794.718,2017,December,Monday,17
8610,2017-12-25 18:00:00,13.073,64.968,0.076,2.693,2.746,40697.592,34306.843,16425.45,2017,December,Monday,18
8611,2017-12-25 19:00:00,11.687,69.628,0.082,0.055,0.11,39996.958,33851.488,16346.699,2017,December,Monday,19
8612,2017-12-25 20:00:00,11.018,76.9,0.086,0.05,0.114,39391.635,33619.515,16485.954,2017,December,Monday,20
8613,2017-12-25 21:00:00,10.662,78.15,0.083,0.054,0.11,37353.612,32265.726,16031.693,2017,December,Monday,21
8614,2017-12-25 22:00:00,10.037,79.05,0.083,0.055,0.12,33754.119,29007.671,14569.988,2017,December,Monday,22
8615,2017-12-25 23:00:00,9.69,80.267,0.085,0.057,0.13,29374.905,25053.697,12773.109,2017,December,Monday,23
8616,2017-12-26 00:00:00,9.095,80.217,0.084,0.061,0.129,25777.44,21403.498,11227.851,2017,December,Tuesday,0
8617,2017-12-26 01:00:00,8.632,80.8,0.082,0.056,0.139,23274.018,18817.429,10377.911,2017,December,Tuesday,1
8618,2017-12-26 02:00:00,7.823,84.783,0.082,0.054,0.149,22113.054,17418.226,9886.194,2017,December,Tuesday,2
8619,2017-12-26 03:00:00,7.173,86.683,0.084,0.06,0.144,21455.006,16811.905,9752.701,2017,December,Tuesday,3
8620,2017-12-26 04:00:00,7.28,85.933,0.085,0.063,0.123,21013.942,16876.956,9544.298,2017,December,Tuesday,4
8621,2017-12-26 05:00:00,7.385,84.05,0.083,0.074,0.141,21801.774,17652.654,9744.058,2017,December,Tuesday,5
8622,2017-12-26 06:00:00,6.882,85.35,0.083,0.087,0.137,23398.733,18942.62,9649.94,2017,December,Tuesday,6
8623,2017-12-26 07:00:00,6.442,87.1,0.082,0.055,0.146,22873.511,18723.535,7697.479,2017,December,Tuesday,7
8624,2017-12-26 08:00:00,6.337,87.667,0.084,17.322,10.488,24518.124,19626.879,7703.241,2017,December,Tuesday,8
8625,2017-12-26 09:00:00,7.262,84.933,0.086,159.983,65.232,27251.711,22022.706,9145.738,2017,December,Tuesday,9
8626,2017-12-26 10:00:00,10.175,77.233,0.085,270.683,145.167,30083.65,24100.644,9901.561,2017,December,Tuesday,10
8627,2017-12-26 11:00:00,12.963,68.02,0.084,302.617,185.1,32312.294,25487.573,9573.109,2017,December,Tuesday,11
8628,2017-12-26 12:00:00,15.147,59.688,0.082,459.367,149.25,33551.331,26733.354,10078.271,2017,December,Tuesday,12
8629,2017-12-26 13:00:00,15.957,53.863,0.084,450.533,150.45,33340.431,27356.858,10874.43,2017,December,Tuesday,13
8630,2017-12-26 14:00:00,15.995,53.312,0.084,393.133,207.05,33208.619,27235.348,10913.806,2017,December,Tuesday,14
8631,2017-12-26 15:00:00,15.777,52.185,0.083,359.95,172.067,33066.667,27527.462,10333.733,2017,December,Tuesday,15
8632,2017-12-26 16:00:00,15.212,53.872,0.084,107.437,88.287,32452.218,27000.921,10276.11,2017,December,Tuesday,16
8633,2017-12-26 17:00:00,14.757,58.055,0.083,39.803,40.935,37611.153,31798.098,14861.945,2017,December,Tuesday,17
8634,2017-12-26 18:00:00,14.382,60.832,0.084,2.461,2.538,40859.823,34448.604,16181.513,2017,December,Tuesday,18
8635,2017-12-26 19:00:00,14.227,60.258,0.082,0.065,0.106,40440.051,34058.914,16201.681,2017,December,Tuesday,19
8636,2017-12-26 20:00:00,14.715,54.14,0.082,0.053,0.121,39675.539,33527.462,16484.034,2017,December,Tuesday,20
8637,2017-12-26 21:00:00,14.867,53.507,0.081,0.059,0.117,37183.27,32033.753,15855.942,2017,December,Tuesday,21
8638,2017-12-26 22:00:00,15.12,53.165,0.081,0.056,0.114,33752.091,29210.187,14511.405,2017,December,Tuesday,22
8639,2017-12-26 23:00:00,15.32,52.055,0.081,0.049,0.12,29308.999,25352.562,12719.328,2017,December,Tuesday,23
8640,2017-12-27 00:00:00,15.147,54.165,0.081,0.055,0.13,25451.965,21801.166,11239.376,2017,December,Wednesday,0
8641,2017-12-27 01:00:00,15.057,56.303,0.08,0.054,0.109,22827.883,19202.823,10188.715,2017,December,Wednesday,1
8642,2017-12-27 02:00:00,14.795,59.042,0.081,0.053,0.116,21465.146,17624.425,9713.325,2017,December,Wednesday,2
8643,2017-12-27 03:00:00,14.75,60.053,0.082,0.067,0.104,20838.53,16972.077,9469.388,2017,December,Wednesday,3
8644,2017-12-27 04:00:00,14.583,61.16,0.081,0.068,0.093,20658.048,16958.576,9351.261,2017,December,Wednesday,4
8645,2017-12-27 05:00:00,14.622,61.077,0.082,0.058,0.098,21221.8,17788.279,9677.791,2017,December,Wednesday,5
8646,2017-12-27 06:00:00,14.645,60.898,0.082,0.06,0.111,22803.549,19283.829,9633.613,2017,December,Wednesday,6
8647,2017-12-27 07:00:00,14.488,60.787,0.081,0.05,0.119,23081.369,19237.803,7883.794,2017,December,Wednesday,7
8648,2017-12-27 08:00:00,13.178,65.598,0.083,15.862,11.903,24944.994,20107.395,7920.288,2017,December,Wednesday,8
8649,2017-12-27 09:00:00,14.4,60.983,0.084,137.633,67.882,28291.001,22621.049,8845.138,2017,December,Wednesday,9
8650,2017-12-27 10:00:00,15.307,58.372,0.082,307.833,90.502,30900.887,24844.431,9681.633,2017,December,Wednesday,10
8651,2017-12-27 11:00:00,15.862,58.405,0.083,430.75,148.683,33675.032,26570.114,10418.247,2017,December,Wednesday,11
8652,2017-12-27 12:00:00,16.48,53.738,0.083,419.033,175.783,34129.278,27488.187,10646.819,2017,December,Wednesday,12
8653,2017-12-27 13:00:00,16.465,56.007,0.086,439.733,175.867,33397.212,27494.937,10830.252,2017,December,Wednesday,13
8654,2017-12-27 14:00:00,16.162,57.993,0.084,394.383,173.533,32912.548,27387.542,10402.881,2017,December,Wednesday,14
8655,2017-12-27 15:00:00,16.148,53.375,0.083,106.463,106.155,32225.095,27432.341,10403.842,2017,December,Wednesday,15
8656,2017-12-27 16:00:00,15.897,55.852,0.083,37.648,37.628,32411.66,27348.88,10580.552,2017,December,Wednesday,16
8657,2017-12-27 17:00:00,15.807,56.298,0.086,10.872,11.026,37667.934,32115.373,15201.921,2017,December,Wednesday,17
8658,2017-12-27 18:00:00,15.297,62.305,0.082,0.431,0.488,40468.441,34429.58,16729.892,2017,December,Wednesday,18
8659,2017-12-27 19:00:00,15.125,61.612,0.08,0.04,0.099,39730.292,34170.604,16573.349,2017,December,Wednesday,19
8660,2017-12-27 20:00:00,15.438,61.132,0.081,0.05,0.106,39387.579,33972.384,16581.032,2017,December,Wednesday,20
8661,2017-12-27 21:00:00,15.06,65.842,0.081,0.063,0.118,37296.831,32298.251,16014.406,2017,December,Wednesday,21
8662,2017-12-27 22:00:00,15.208,64.742,0.08,0.056,0.138,34149.556,29264.191,14859.064,2017,December,Wednesday,22
8663,2017-12-27 23:00:00,15.67,60.963,0.08,0.058,0.129,29270.469,24965.327,13112.125,2017,December,Wednesday,23
8664,2017-12-28 00:00:00,15.505,64.17,0.081,0.056,0.121,25743.98,21582.694,11277.791,2017,December,Thursday,0
8665,2017-12-28 01:00:00,14.718,74.648,0.079,0.05,0.128,23499.113,18874.501,10177.191,2017,December,Thursday,1
8666,2017-12-28 02:00:00,14.012,83.533,0.081,0.067,0.107,22053.232,17533.599,9670.108,2017,December,Thursday,2
8667,2017-12-28 03:00:00,14.05,83.217,0.081,0.055,0.136,21189.354,16959.19,9390.636,2017,December,Thursday,3
8668,2017-12-28 04:00:00,13.838,81.133,0.081,0.06,0.118,21183.27,16759.129,9326.291,2017,December,Thursday,4
8669,2017-12-28 05:00:00,13.513,79.7,0.083,0.068,0.092,21966.033,17512.734,9571.188,2017,December,Thursday,5
8670,2017-12-28 06:00:00,13.028,78.1,0.085,0.06,0.105,23707.985,18905.186,9502.041,2017,December,Thursday,6
8671,2017-12-28 07:00:00,12.895,73.8,0.083,0.049,0.124,23044.867,18671.985,7734.934,2017,December,Thursday,7
8672,2017-12-28 08:00:00,12.417,74.4,0.084,11.586,6.573,24395.437,19802.393,7484.274,2017,December,Thursday,8
8673,2017-12-28 09:00:00,12.268,75.167,0.085,136.55,33.233,27487.959,21998.773,8363.025,2017,December,Thursday,9
8674,2017-12-28 10:00:00,12.765,74.5,0.094,282.75,41.888,30470.976,24376.189,9002.641,2017,December,Thursday,10
8675,2017-12-28 11:00:00,14.312,66.725,0.099,430.883,99.487,32450.19,25437.864,9482.833,2017,December,Thursday,11
8676,2017-12-28 12:00:00,14.39,53.355,0.078,453.067,76.91,33366.793,26487.266,9889.076,2017,December,Thursday,12
8677,2017-12-28 13:00:00,14.408,45.058,0.078,358.767,79.387,32971.356,26945.689,10094.598,2017,December,Thursday,13
8678,2017-12-28 14:00:00,14.177,40.075,0.078,396.267,64.455,32389.354,26890.457,10172.389,2017,December,Thursday,14
8679,2017-12-28 15:00:00,14.28,37.775,0.079,346.417,58.623,32095.311,27376.496,9990.876,2017,December,Thursday,15
8680,2017-12-28 16:00:00,14.148,39.843,0.077,196.283,160.033,32644.867,27265.419,10008.163,2017,December,Thursday,16
8681,2017-12-28 17:00:00,13.645,44.29,0.08,85.932,99.162,39192.902,31015.035,14579.592,2017,December,Thursday,17
8682,2017-12-28 18:00:00,12.79,47.765,0.08,3.634,3.784,43571.103,31266.033,16100.84,2017,December,Thursday,18
8683,2017-12-28 19:00:00,13.162,57.255,0.077,0.048,0.102,40876.046,32586.683,16159.424,2017,December,Thursday,19
8684,2017-12-28 20:00:00,13.412,59.363,0.077,0.06,0.104,39344.994,33590.058,16434.094,2017,December,Thursday,20
8685,2017-12-28 21:00:00,13.407,58.683,0.078,0.057,0.13,38008.619,32486.039,15903.001,2017,December,Thursday,21
8686,2017-12-28 22:00:00,13.448,58.673,0.076,0.054,0.11,34778.2,29876.036,14685.234,2017,December,Thursday,22
8687,2017-12-28 23:00:00,13.308,56.915,0.078,0.065,0.11,29976.172,25846.579,13008.403,2017,December,Thursday,23
8688,2017-12-29 00:00:00,13.058,54.373,0.078,0.062,0.106,26161.724,22163.24,11515.966,2017,December,Friday,0
8689,2017-12-29 01:00:00,12.702,49.083,0.078,0.051,0.109,23941.191,19589.445,10374.07,2017,December,Friday,1
8690,2017-12-29 02:00:00,12.532,47.507,0.079,0.048,0.116,22320.913,17891.378,9654.742,2017,December,Friday,2
8691,2017-12-29 03:00:00,12.327,49.188,0.078,0.063,0.106,21485.425,17195.459,9491.477,2017,December,Friday,3
8692,2017-12-29 04:00:00,11.907,48.187,0.078,0.054,0.104,20952.091,17187.481,9374.31,2017,December,Friday,4
8693,2017-12-29 05:00:00,11.665,51.875,0.078,0.065,0.113,21556.401,17917.766,9608.643,2017,December,Friday,5
8694,2017-12-29 06:00:00,11.23,53.027,0.078,0.064,0.106,23164.512,19434.796,9388.715,2017,December,Friday,6
8695,2017-12-29 07:00:00,10.987,53.817,0.077,0.07,0.099,22712.294,19215.71,7607.203,2017,December,Friday,7
8696,2017-12-29 08:00:00,11.147,52.215,0.078,12.194,6.887,24012.167,19976.68,7470.828,2017,December,Friday,8
8697,2017-12-29 09:00:00,11.892,51.792,0.078,138.15,32.785,27273.004,22262.044,8330.372,2017,December,Friday,9
8698,2017-12-29 10:00:00,12.763,50.925,0.078,286.85,37.115,29994.423,24415.465,9115.966,2017,December,Friday,10
8699,2017-12-29 11:00:00,13.657,45.45,0.079,406.867,39.55,31920.913,25942.927,9696.038,2017,December,Friday,11
8700,2017-12-29 12:00:00,14.13,41.582,0.078,477.733,39.822,31055.006,25949.064,9964.946,2017,December,Friday,12
8701,2017-12-29 13:00:00,14.35,39.468,0.079,494.067,39.178,30935.361,26382.94,9877.551,2017,December,Friday,13
8702,2017-12-29 14:00:00,14.203,44.155,0.078,451.133,39.387,30947.529,26035.594,9708.523,2017,December,Friday,14
8703,2017-12-29 15:00:00,14.315,44.675,0.078,357.317,45.915,30497.338,25826.941,9503.962,2017,December,Friday,15
8704,2017-12-29 16:00:00,14.257,44.13,0.078,224.85,189.617,30420.279,25330.469,9722.929,2017,December,Friday,16
8705,2017-12-29 17:00:00,13.935,47.44,0.079,80.16,100.41,35350.063,30114.759,14303.001,2017,December,Friday,17
8706,2017-12-29 18:00:00,13.473,49.992,0.079,3.185,3.269,39196.958,33501.074,16258.343,2017,December,Friday,18
8707,2017-12-29 19:00:00,13.415,49.985,0.078,0.055,0.1,38381.749,33111.998,16456.182,2017,December,Friday,19
8708,2017-12-29 20:00:00,13.623,50.212,0.078,0.064,0.104,38146.515,32833.998,16635.774,2017,December,Friday,20
8709,2017-12-29 21:00:00,13.502,51.808,0.077,0.057,0.108,36578.961,32103.099,15979.832,2017,December,Friday,21
8710,2017-12-29 22:00:00,13.402,53.282,0.078,0.064,0.102,33705.45,29626.266,14615.126,2017,December,Friday,22
8711,2017-12-29 23:00:00,13.302,53.723,0.077,0.056,0.096,30320.913,26651.12,13455.942,2017,December,Friday,23
8712,2017-12-30 00:00:00,12.902,53.443,0.078,0.054,0.11,25985.298,22967.168,12032.653,2017,December,Saturday,0
8713,2017-12-30 01:00:00,12.51,52.467,0.077,0.063,0.099,22984.03,19945.382,10648.739,2017,December,Saturday,1
8714,2017-12-30 02:00:00,11.955,53.178,0.078,0.062,0.103,21479.341,18269.408,9884.274,2017,December,Saturday,2
8715,2017-12-30 03:00:00,11.555,52.887,0.078,0.073,0.104,20532.319,17389.997,9609.604,2017,December,Saturday,3
8716,2017-12-30 04:00:00,11.325,51.44,0.079,0.069,0.127,20380.228,17186.253,9458.824,2017,December,Saturday,4
8717,2017-12-30 05:00:00,11.307,48.953,0.078,0.066,0.093,20773.638,17601.105,9730.612,2017,December,Saturday,5
8718,2017-12-30 06:00:00,11.332,48.955,0.079,0.062,0.114,22243.853,18931.574,9504.922,2017,December,Saturday,6
8719,2017-12-30 07:00:00,11.112,48.997,0.078,0.064,0.111,20372.117,17421.909,7389.196,2017,December,Saturday,7
8720,2017-12-30 08:00:00,10.828,48.635,0.079,13.05,6.675,21676.046,18551.089,7318.127,2017,December,Saturday,8
8721,2017-12-30 09:00:00,11.337,47.813,0.078,140.817,27.14,25764.259,21537.281,8410.084,2017,December,Saturday,9
8722,2017-12-30 10:00:00,12.958,44.522,0.076,293.333,34.77,28848.669,23769.254,9368.547,2017,December,Saturday,10
8723,2017-12-30 11:00:00,13.807,42.128,0.078,413.55,37.782,30450.697,25531.758,9855.462,2017,December,Saturday,11
8724,2017-12-30 12:00:00,14.3,39.182,0.078,482.017,38.357,30621.039,26383.553,10199.28,2017,December,Saturday,12
8725,2017-12-30 13:00:00,14.498,37.077,0.077,497.667,38.553,30359.442,26474.992,10316.447,2017,December,Saturday,13
8726,2017-12-30 14:00:00,14.565,38.14,0.078,456.55,38.21,29815.97,26180.423,10597.839,2017,December,Saturday,14
8727,2017-12-30 15:00:00,14.462,41.245,0.078,362.75,46.117,28771.61,25654.495,10424.01,2017,December,Saturday,15
8728,2017-12-30 16:00:00,14.255,41.56,0.077,226.317,201.667,28546.515,25164.161,10592.077,2017,December,Saturday,16
8729,2017-12-30 17:00:00,13.775,44.448,0.078,81.493,103.07,33979.214,29879.718,15039.616,2017,December,Saturday,17
8730,2017-12-30 18:00:00,10.772,58.323,0.076,3.186,3.252,37929.531,32764.652,16786.555,2017,December,Saturday,18
8731,2017-12-30 19:00:00,9.453,62.407,0.075,0.052,0.102,37513.815,32497.699,16926.771,2017,December,Saturday,19
8732,2017-12-30 20:00:00,9.042,63.99,0.08,0.053,0.105,37008.872,32020.252,16998.8,2017,December,Saturday,20
8733,2017-12-30 21:00:00,8.012,69.675,0.082,0.073,0.098,35358.175,30757.901,16608.884,2017,December,Saturday,21
8734,2017-12-30 22:00:00,7.598,70.315,0.082,0.059,0.108,33993.409,28477.447,15614.886,2017,December,Saturday,22
8735,2017-12-30 23:00:00,6.878,72.9,0.082,0.06,0.093,30107.985,25713.409,14143.577,2017,December,Saturday,23
